﻿--
-- Script was generated by Devart dbForge Data Generator for MySQL, Version 2.2.33.0
-- Product Home Page: http://www.devart.com/dbforge/mysql/data-generator
-- Script date 6/21/2020 12:54:11 AM
-- Target server version: 8.0.18
-- Target connection string: User Id=root;Host=localhost;Database=lms;Character Set=utf8
--



SET NAMES 'utf8';
USE lms;
--
-- Delete data from the table 'titula'
--
TRUNCATE TABLE titula;
--
-- Delete data from the table 'termin_nastave'
--
TRUNCATE TABLE termin_nastave;
--
-- Delete data from the table 'studentski_sluzbenik'
--
TRUNCATE TABLE studentski_sluzbenik;
--
-- Delete data from the table 'registrovani_korisnik_rola'
--
TRUNCATE TABLE registrovani_korisnik_rola;
--
-- Delete data from the table 'predmet_uslovni_predmet'
--
TRUNCATE TABLE predmet_uslovni_predmet;
--
-- Delete data from the table 'predmet_tip_nastave'
--
TRUNCATE TABLE predmet_tip_nastave;
--
-- Delete data from the table 'predmet_tip_drugog_oblika_nastave'
--
TRUNCATE TABLE predmet_tip_drugog_oblika_nastave;
--
-- Delete data from the table 'polaganje'
--
TRUNCATE TABLE polaganje;
--
-- Delete data from the table 'odgovor'
--
TRUNCATE TABLE odgovor;
--
-- Delete data from the table 'obrazovni_cilj'
--
TRUNCATE TABLE obrazovni_cilj;
--
-- Delete data from the table 'nastavnik_na_realizaciji_tip_nastave'
--
TRUNCATE TABLE nastavnik_na_realizaciji_tip_nastave;
--
-- Delete data from the table 'nastavnik_fakultet'
--
TRUNCATE TABLE nastavnik_fakultet;
--
-- Delete data from the table 'nastavnik_evaluacija_znanja'
--
TRUNCATE TABLE nastavnik_evaluacija_znanja;
--
-- Delete data from the table 'nastavnik_diplomski_rad'
--
TRUNCATE TABLE nastavnik_diplomski_rad;
--
-- Delete data from the table 'kontakt'
--
TRUNCATE TABLE kontakt;
--
-- Delete data from the table 'konsultacija'
--
TRUNCATE TABLE konsultacija;
--
-- Delete data from the table 'istrazivacki_rad_student_na_studiji'
--
TRUNCATE TABLE istrazivacki_rad_student_na_studiji;
--
-- Delete data from the table 'godina_studija_obavestenje'
--
TRUNCATE TABLE godina_studija_obavestenje;
--
-- Delete data from the table 'fajl'
--
TRUNCATE TABLE fajl;
--
-- Delete data from the table 'evaluacija_znanja_nacin_evaluacije'
--
TRUNCATE TABLE evaluacija_znanja_nacin_evaluacije;
--
-- Delete data from the table 'drugi_oblik_nastave'
--
TRUNCATE TABLE drugi_oblik_nastave;
--
-- Delete data from the table 'dogadjaj_kalendar'
--
TRUNCATE TABLE dogadjaj_kalendar;
--
-- Delete data from the table 'datum_pohadjanja_predmeta'
--
TRUNCATE TABLE datum_pohadjanja_predmeta;
--
-- Delete data from the table 'autor_nastavni_materijal'
--
TRUNCATE TABLE autor_nastavni_materijal;
--
-- Delete data from the table 'administrator'
--
TRUNCATE TABLE administrator;
--
-- Delete data from the table 'prostorija'
--
DELETE FROM prostorija;
--
-- Delete data from the table 'pohadjanje_predmeta'
--
DELETE FROM pohadjanje_predmeta;
--
-- Delete data from the table 'pitanje'
--
DELETE FROM pitanje;
--
-- Delete data from the table 'nastavnik_na_realizaciji'
--
DELETE FROM nastavnik_na_realizaciji;
--
-- Delete data from the table 'nastavni_materijal'
--
DELETE FROM nastavni_materijal;
--
-- Delete data from the table 'kalendar'
--
DELETE FROM kalendar;
--
-- Delete data from the table 'istrazivacki_rad'
--
DELETE FROM istrazivacki_rad;
--
-- Delete data from the table 'student_na_studiji'
--
DELETE FROM student_na_studiji;
--
-- Delete data from the table 'odeljenje'
--
DELETE FROM odeljenje;
--
-- Delete data from the table 'evaluacija_znanja'
--
DELETE FROM evaluacija_znanja;
--
-- Delete data from the table 'ishod'
--
DELETE FROM ishod;
--
-- Delete data from the table 'realizacija_predmeta'
--
DELETE FROM realizacija_predmeta;
--
-- Delete data from the table 'predmet'
--
DELETE FROM predmet;
--
-- Delete data from the table 'godina_studija'
--
DELETE FROM godina_studija;
--
-- Delete data from the table 'studijski_program'
--
DELETE FROM studijski_program;
--
-- Delete data from the table 'fakultet'
--
DELETE FROM fakultet;
--
-- Delete data from the table 'adresa'
--
DELETE FROM adresa;
--
-- Delete data from the table 'univerzitet'
--
DELETE FROM univerzitet;
--
-- Delete data from the table 'diplomski_rad'
--
DELETE FROM diplomski_rad;
--
-- Delete data from the table 'student'
--
DELETE FROM student;
--
-- Delete data from the table 'nastavnik'
--
DELETE FROM nastavnik;
--
-- Delete data from the table 'grad'
--
DELETE FROM grad;
--
-- Delete data from the table 'vreme_odrzavanja_u_nedelji'
--
DELETE FROM vreme_odrzavanja_u_nedelji;
--
-- Delete data from the table 'studentska_sluzba'
--
DELETE FROM studentska_sluzba;
--
-- Delete data from the table 'silabus'
--
DELETE FROM silabus;
--
-- Delete data from the table 'rola'
--
DELETE FROM rola;
--
-- Delete data from the table 'registrovani_korisnik'
--
DELETE FROM registrovani_korisnik;
--
-- Delete data from the table 'obavestenje'
--
DELETE FROM obavestenje;
--
-- Delete data from the table 'naucna_oblast'
--
DELETE FROM naucna_oblast;
--
-- Delete data from the table 'drzava'
--
DELETE FROM drzava;
--
-- Delete data from the table 'dogadjaj'
--
DELETE FROM dogadjaj;
--
-- Delete data from the table 'autor'
--
DELETE FROM autor;

--
-- Inserting data into table autor
--
INSERT INTO autor(autor_id, ime, prezime, stanje, version) VALUES
(1, 'Norris', 'Coleman', 'OBRISAN', 0),
(2, 'Lanny', 'Fife', 'AKTIVAN', 0),
(3, 'Darron', 'Severson', 'AKTIVAN', 0),
(4, 'Adan', 'Turney', 'AKTIVAN', 0),
(5, 'Trish', 'Mattox', 'NEAKTIVAN', 0),
(6, 'Reyna', 'Seward', 'AKTIVAN', 0),
(7, 'Lorene', 'Turpin', 'AKTIVAN', 0),
(8, 'Erin', 'Kelsey', 'AKTIVAN', 0),
(9, 'Chrissy', 'Mattson', 'OBRISAN', 0),
(10, 'Erin', 'Overby', 'AKTIVAN', 0),
(11, 'Alphonso', 'Rushing', 'AKTIVAN', 0),
(12, 'Minh', 'Cosgrove', 'AKTIVAN', 0),
(13, 'Alina', 'Bohn', 'AKTIVAN', 0),
(14, 'Ira', 'Kelso', 'AKTIVAN', 0),
(15, 'Celia', 'Mauldin', 'AKTIVAN', 0),
(16, 'Archie', 'Overstreet', 'AKTIVAN', 0),
(17, 'Stefan', 'Russ', 'AKTIVAN', 0),
(18, 'Annalee', 'Coles', 'OBRISAN', 0),
(19, 'Deetta', 'Sewell', 'NEAKTIVAN', 0),
(20, 'Lorenzo', 'Tuttle', 'AKTIVAN', 0),
(21, 'Eugenie', 'Sexton', 'NEAKTIVAN', 0),
(22, 'Nydia', 'Tyler', 'NEAKTIVAN', 0),
(23, 'Bryon', 'Boisvert', 'AKTIVAN', 0),
(24, 'Alexia', 'Kemp', 'NEAKTIVAN', 0),
(25, 'Tyron', 'Maupin', 'AKTIVAN', 0),
(26, 'Abe', 'Coley', 'AKTIVAN', 0),
(27, 'Lorrine', 'Kemper', 'NEAKTIVAN', 0),
(28, 'Madeleine', 'Overton', 'AKTIVAN', 0),
(29, 'Erwin', 'Figueroa', 'NEAKTIVAN', 0),
(30, 'Velia', 'Costa', 'AKTIVAN', 0),
(31, 'Jarrod', 'Seymore', 'AKTIVAN', 0),
(32, 'Amada', 'Russell', 'AKTIVAN', 0),
(33, 'Ashley', 'Owen', 'AKTIVAN', 0),
(34, 'Darell', 'Boland', 'AKTIVAN', 0),
(35, 'Devon', 'Tyner', 'AKTIVAN', 0),
(36, 'Myles', 'Finch', 'AKTIVAN', 0),
(37, 'Abel', 'Seymour', 'AKTIVAN', 0),
(38, 'Brain', 'Costello', 'NEAKTIVAN', 0),
(39, 'Venice', 'Collado', 'AKTIVAN', 0),
(40, 'Alejandra', 'Tyree', 'AKTIVAN', 0),
(41, 'Alda', 'Russo', 'AKTIVAN', 0),
(42, 'Charlie', 'Maurer', 'OBRISAN', 0),
(43, 'Brant', 'Kendall', 'AKTIVAN', 0),
(44, 'Doretha', 'Mauro', 'AKTIVAN', 0),
(45, 'Cristy', 'Owens', 'AKTIVAN', 0),
(46, 'Katheleen', 'Rust', 'NEAKTIVAN', 0),
(47, 'Alton', 'Shackelford', 'AKTIVAN', 0),
(48, 'Bernardo', 'Fincher', 'AKTIVAN', 0),
(49, 'Sheldon', 'Tyson', 'OBRISAN', 0),
(50, 'Adelaida', 'Bolden', 'AKTIVAN', 0);

--
-- Inserting data into table dogadjaj
--
INSERT INTO dogadjaj(dogadjaj_id, krajnji_datum, opis, pocetni_datum, stanje, version) VALUES
(1, '2010-01-01 00:00:02', 'Labore inventore est. Omnis optio voluptates.\r\nLibero sint ea. Dolores ut voluptatem. Dolor amet nisi. Ut voluptas quam. Et velit aliquid. Iste sunt temporibus. Dolorem voluptatem quia.\r\nNon vitae a;', '2010-01-01 00:00:02', 'AKTIVAN', 0),
(2, '2011-01-20 05:06:12', 'Repudiandae vero odio nihil voluptate quia rerum eligendi alias quas. Magnam rerum non molestiae tempora perspiciatis, tenetur quibusdam voluptatem cum.', '2011-01-20 05:06:12', 'AKTIVAN', 0),
(3, '2015-05-29 12:50:39', 'Aut accusamus omnis. Dicta at odit! Et repellendus delectus. Ex laudantium vero. Sint quis unde. Sapiente aspernatur dolor!\r\nNobis delectus culpa. Accusamus quae ducimus. Et iste iure. Error est sunt!', '2015-05-29 12:50:39', 'AKTIVAN', 0),
(4, '2010-01-01 01:40:13', 'Adipisci provident laborum ut laboriosam quasi. Distinctio error consectetur totam praesentium non aliquam dolor minus. Sint molestiae illum placeat minima; quisquam quod odio. Id atque quis.', '2010-01-01 01:40:13', 'NEAKTIVAN', 0),
(5, '2010-01-01 00:00:04', 'Impedit omnis error officia sit rerum ipsa, blanditiis in minima. Omnis soluta obcaecati velit maxime minima sed voluptas. Voluptatem esse ut sed voluptatum voluptatem.', '2010-01-01 00:00:04', 'OBRISAN', 0),
(6, '2010-06-08 17:17:54', 'Necessitatibus iste rerum. Quo tempore ut. Praesentium cupiditate minima! Qui saepe expedita. Accusamus ut omnis? Numquam minus alias! Officiis eligendi iste. Molestiae fugiat dicta.\r\nEt dolor soluta.', '2010-06-08 17:17:54', 'AKTIVAN', 0),
(7, '2015-08-11 13:07:17', 'Unde quidem hic perspiciatis, et ut corporis in accusamus nihil...', '2015-08-11 13:07:17', 'AKTIVAN', 0),
(8, '2016-12-05 13:50:54', 'Qui illum fugiat. Nihil illo sit. Veritatis cumque similique. Laudantium autem eaque. Expedita doloribus iste! Labore et eum. Qui rerum vel.\r\nPraesentium eum quisquam; quia quis ut...\r\nIn nobis sit.', '2016-12-05 13:50:54', 'OBRISAN', 0),
(9, '2013-04-02 10:07:29', 'Unde sed autem. Natus molestias sunt! Molestiae cupiditate est. Ex possimus quia? Dolorem rerum ex! Aut qui omnis. Consequatur commodi odio. Magni velit et! Quas quisquam voluptates.\r\nQuibusdam quia.\r\n', '2013-04-02 10:07:29', 'NEAKTIVAN', 0),
(10, '2013-08-28 04:01:44', 'Deleniti laborum aut. Corrupti quia perspiciatis. Necessitatibus autem aut!\r\nEt sequi qui. Excepturi qui sit! Dolore iusto quasi? Rerum sit beatae. Dolore voluptatum natus! Aut alias perspiciatis.\r\n', '2013-08-28 04:01:44', 'NEAKTIVAN', 0),
(11, '2010-01-01 00:09:49', 'Veritatis unde aliquid. Voluptas ab veniam. Nostrum reiciendis dignissimos? Dolor quia eos. Eligendi perspiciatis fugit! Cum natus possimus? Quisquam id nisi. Vero rem eligendi! Incidunt natus ipsum.\r\n', '2010-01-01 00:09:49', 'AKTIVAN', 0),
(12, '2012-12-10 15:23:57', 'Nemo sunt doloremque accusamus dolores unde; et suscipit voluptas et temporibus vitae animi aut et. Suscipit inventore deserunt omnis voluptatem ea? Vitae qui ut!', '2012-12-10 15:23:57', 'AKTIVAN', 0),
(13, '2010-01-01 00:00:58', 'Voluptatem at aliquid est iusto magni culpa voluptas; necessitatibus excepturi doloremque. Ut error perspiciatis. Nulla nesciunt corporis! Aspernatur vel in; architecto qui fugit; ratione vel est. Modi.', '2010-01-01 00:00:58', 'OBRISAN', 0),
(14, '2015-07-08 13:27:30', 'Voluptas optio harum. Libero sed ea. Magnam inventore neque. Voluptatem placeat quia. Est esse est. Itaque amet quia! Voluptatum accusantium aliquid. Facere voluptas esse. Ut quis tempora.', '2015-07-08 13:27:30', 'AKTIVAN', 0),
(15, '2012-05-31 01:59:29', 'Fugit natus similique ipsum velit in voluptatem dicta. Ipsa repudiandae saepe, sequi sit error voluptatem dolores et aut; id rerum voluptatem dolores velit facere fuga et quas.', '2012-05-31 01:59:29', 'AKTIVAN', 0),
(16, '2010-01-01 00:13:13', 'Voluptas unde quis ut qui et error. Fuga perspiciatis culpa? Laudantium velit et sequi. Voluptatem debitis numquam voluptatem unde dolorem at. Necessitatibus qui sunt; distinctio ut soluta.', '2010-01-01 00:13:13', 'AKTIVAN', 0),
(17, '2010-01-01 02:23:33', 'Et ipsam alias. Enim perferendis distinctio. Non unde possimus! Et rerum laboriosam? Sit et saepe! Ea maiores cumque. Est assumenda autem! Quod natus modi.\r\nNihil ea aliquam. Autem amet maiores!', '2010-01-01 02:23:33', 'AKTIVAN', 0),
(18, '2012-08-01 16:22:39', 'Est sed cupiditate; fugiat sit corporis. Illo molestias possimus; esse ut blanditiis. Sit et ex? Totam qui dolor. Est quia nesciunt. Omnis repellat dolore. Placeat tempora veniam; est velit sit.\r\n', '2012-08-01 16:22:39', 'AKTIVAN', 0),
(19, '2018-12-30 05:27:25', 'Unde sequi repudiandae. Modi qui nemo. Nihil perspiciatis nihil. Sed ut consequatur! Minus et facere; porro a eos.\r\nInventore placeat facere. Accusamus quo ea. Quibusdam adipisci accusantium. Vitae.\r\n', '2018-12-30 05:27:25', 'AKTIVAN', 0),
(20, '2016-04-05 05:30:33', 'Aut accusantium quas. Labore non perferendis? Nobis nisi rerum. Dolorum sed deleniti. Vero nulla animi. Incidunt nobis consequuntur. Quaerat eius dolorum. Sit fugit magnam. Praesentium possimus omnis.', '2016-04-05 05:30:33', 'AKTIVAN', 0),
(21, '2010-01-01 00:16:33', 'Ea sunt non omnis facere corporis quod dicta quia...\r\nAliquid quia ut perspiciatis consequatur animi qui sit. Accusamus quam illum distinctio.', '2010-01-01 00:16:33', 'NEAKTIVAN', 0),
(22, '2010-01-01 02:07:36', 'Enim placeat quasi. Rerum sed iste. Voluptatum minima voluptas. Vel sunt aut!\r\nEum laboriosam laudantium; laborum nulla praesentium. Dolores est quis. Eius qui porro? Optio non perspiciatis.\r\n', '2010-01-01 02:07:36', 'AKTIVAN', 0),
(23, '2015-03-20 09:48:00', 'Omnis est aliquid. Sed magnam ex! Beatae dignissimos velit.\r\nAut consequuntur velit. Nobis iure dolorem! Culpa nihil dignissimos? Qui perferendis ipsum. Labore repellendus deserunt. Similique;\r\n', '2015-03-20 09:48:00', 'AKTIVAN', 0),
(24, '2010-01-01 00:00:08', 'Rerum et nobis. Voluptatem aliquid voluptatibus. Enim quae exercitationem? Omnis est harum! Non aut unde. Recusandae dolorum quas...\r\nSapiente quia reiciendis. Sed exercitationem sit! Fugit laborum.\r\n', '2010-01-01 00:00:08', 'AKTIVAN', 0),
(25, '2011-12-28 13:08:46', 'Consectetur consequuntur non quaerat maiores aliquam. Accusamus voluptatem natus. Soluta magni voluptates. Eum quis voluptatum! Modi laudantium nobis; quia voluptas saepe. Harum quo vero. Et sunt quasi...', '2011-12-28 13:08:46', 'AKTIVAN', 0),
(26, '2019-12-29 10:45:11', 'A omnis qui. Neque obcaecati eius. Cupiditate omnis qui. Quia natus dolorem. Facilis qui est. Possimus blanditiis rerum! Aut error soluta. Porro reprehenderit placeat. Quod unde vel. Eum iste...\r\n', '2019-12-29 10:45:11', 'AKTIVAN', 0),
(27, '2018-06-22 05:44:05', 'Illum id sit. Est facere ipsa! Voluptatem qui quia. Voluptatem magni qui. Aut itaque molestias. Nostrum sed aut! Ratione deleniti voluptates; vero architecto sit? Id tenetur et!\r\nIste deleniti animi.\r\n', '2018-06-22 05:44:05', 'NEAKTIVAN', 0),
(28, '2019-03-12 07:35:59', 'Excepturi placeat quo voluptatem non nisi sed. Sit dolorum et quasi ipsa unde non error; nostrum et velit aliquid ad dolorem nihil. Placeat magni sit!', '2019-03-12 07:35:59', 'OBRISAN', 0),
(29, '2012-04-15 03:40:29', 'Unde omnis veniam. Quos perferendis maiores! Sed molestias fugiat. Non error odit; voluptatem sit nihil. Quia dignissimos atque? Perspiciatis ab minus. Ex doloremque voluptatibus.\r\nDeleniti excepturi.', '2012-04-15 03:40:29', 'AKTIVAN', 0),
(30, '2018-06-02 20:53:10', 'Aperiam iste et. Neque voluptatem consequatur. A ullam quia. Et qui sunt. Sed provident sit. Laboriosam non quae? Tempora perspiciatis officia! Minus vitae unde.\r\nQuisquam ipsa itaque.', '2018-06-02 20:53:10', 'AKTIVAN', 0),
(31, '2010-01-01 00:00:01', 'Sunt id quo. Ut et nam. Sed amet quo. Quo dicta maiores! Aut culpa vitae. Saepe est quas.\r\nIllum autem dolor. Sit officia ullam! Voluptatem corporis earum. Sit quis qui. Iure sit quia. Omnis ut!', '2010-01-01 00:00:01', 'AKTIVAN', 0),
(32, '2010-01-01 00:01:40', 'Sit vitae error iste voluptatem dolorem perspiciatis.\r\nAdipisci dolore enim modi. Aperiam non possimus atque nisi omnis odit laudantium. Ex et sed sapiente omnis eos quas totam ut maiores. Ea ut dolores.', '2010-01-01 00:01:40', 'AKTIVAN', 0),
(33, '2019-03-02 21:14:12', 'Pariatur nam nihil illo et voluptatem sunt sed nemo. Quia sit saepe; magni est omnis. Deserunt quam optio. Ut at et. Pariatur explicabo amet. Sit unde recusandae. Asperiores quas quae.', '2019-03-02 21:14:12', 'AKTIVAN', 0),
(34, '2010-01-01 00:00:40', 'Voluptates quos enim. Ad eveniet quasi. Corporis ad qui. Expedita quis tenetur. Quaerat sit perspiciatis. Inventore quis placeat. Tempora quos iste. Maxime inventore modi. Odit id cupiditate;\r\n', '2010-01-01 00:00:40', 'AKTIVAN', 0),
(35, '2011-02-17 23:44:42', 'Doloremque magnam maxime. Et tempora voluptas. Omnis consectetur aperiam quo doloribus aut qui. Inventore ut illo consequuntur voluptatem cum est et est facere? Voluptas iste et. Voluptate voluptatem.', '2011-02-17 23:44:42', 'NEAKTIVAN', 0),
(36, '2010-01-01 00:06:37', 'Maiores laboriosam debitis...\r\nSoluta sit eaque; eos hic sit? Nesciunt nam officiis. Eos consequuntur aut. Ea sit minus! Excepturi quis cum. Tempore laboriosam sed. Ab incidunt enim! Voluptas porro ut;\r\n', '2010-01-01 00:06:37', 'AKTIVAN', 0),
(37, '2013-06-06 22:00:05', 'Sed fugiat nisi eius dolore officia unde et laborum aut. Et autem id non alias laborum ut voluptatem necessitatibus numquam.', '2013-06-06 22:00:05', 'AKTIVAN', 0),
(38, '2018-08-13 05:59:02', 'Rem repellendus voluptas. Sit autem iste. Enim magni quisquam.\r\nAdipisci quia ipsum. Accusantium voluptas debitis. Eius eos sapiente.\r\nPorro fugit odit. Rerum nesciunt accusamus. Explicabo repellat.', '2018-08-13 05:59:02', 'AKTIVAN', 0),
(39, '2017-02-03 00:47:25', 'Voluptas voluptatem maiores. Cupiditate ut assumenda? Beatae quibusdam mollitia. Quasi reiciendis iste. Harum reprehenderit natus! Autem culpa debitis.\r\nExercitationem quasi quaerat. Laborum eligendi.', '2017-02-03 00:47:25', 'OBRISAN', 0),
(40, '2010-01-01 00:00:10', 'Nemo esse sed...\r\nQui quidem facilis. Eum pariatur sed? Iusto eius est. Repellendus ut doloremque? Dolorem tempore a! Dolorem sunt iste. Sit placeat et. Provident distinctio quia. Voluptatem ut.\r\n', '2010-01-01 00:00:10', 'AKTIVAN', 0),
(41, '2011-06-09 03:20:08', 'Commodi praesentium neque. Officia consequuntur ut. Ipsa repellendus et. Libero illo et! Sit dolores aliquam. A eaque quia? Voluptates voluptatibus itaque. Qui error sunt! Repellendus ut aspernatur.', '2011-06-09 03:20:08', 'AKTIVAN', 0),
(42, '2015-09-25 00:11:55', 'Sapiente qui consectetur; at nam error. Voluptas sint voluptates. Quo doloremque sint. Omnis illo doloribus. Quia nesciunt unde. Ut quidem quaerat. Sit possimus illo...\r\nVoluptatem suscipit vel. Totam;\r\n', '2015-09-25 00:11:55', 'NEAKTIVAN', 0),
(43, '2018-05-01 12:06:26', 'Facere omnis quos; unde fugit et. Modi sed qui! Exercitationem fugit nam. Quisquam consequatur eaque. Vel assumenda magnam! Quia doloremque totam. Natus odit reprehenderit. Asperiores explicabo!\r\n', '2018-05-01 12:06:26', 'AKTIVAN', 0),
(44, '2010-01-01 00:01:21', 'Iste vel ea amet nobis ad qui molestias consequatur error. Aut cupiditate, corporis veritatis omnis aliquam sunt excepturi ut suscipit.', '2010-01-01 00:01:21', 'OBRISAN', 0),
(45, '2013-04-27 02:28:17', 'Laborum suscipit cupiditate. Hic dolores omnis. Qui non rerum. Ea quia reiciendis? Quasi qui et! Temporibus dolore et; enim hic explicabo.\r\nConsequatur consectetur eveniet. Alias nobis quo. Minima?', '2013-04-27 02:28:17', 'NEAKTIVAN', 0),
(46, '2010-01-01 00:01:44', 'Aut aliquid minus. Praesentium enim autem; et eaque omnis. Iste nulla aut.\r\nLaudantium veniam est. Eaque quia esse. Consequatur delectus accusantium. Qui aut fugit. Facilis animi sed. Nemo omnis quia;\r\n', '2010-01-01 00:01:44', 'AKTIVAN', 0),
(47, '2010-01-01 00:05:01', 'Quia eaque alias dignissimos et rerum. Quo ex totam, iste et aliquid natus voluptates ex sit. Numquam quia non laboriosam iure.', '2010-01-01 00:05:01', 'AKTIVAN', 0),
(48, '2010-01-01 00:00:07', 'Et facilis aut. Iste voluptatibus temporibus. Reprehenderit quo at. Saepe cupiditate unde. Corporis et ut. Voluptatum laborum corporis; sit et ipsa; nulla eum et.\r\nArchitecto accusamus libero. Cum nemo.', '2010-01-01 00:00:07', 'AKTIVAN', 0),
(49, '2012-08-01 05:20:17', 'Suscipit vero, voluptatem rem mollitia distinctio eius velit perspiciatis deleniti. Error libero error? Aliquam et perspiciatis. Voluptatem voluptatibus quo.\r\nEos dolor velit. Ex maiores aliquid.', '2012-08-01 05:20:17', 'AKTIVAN', 0),
(50, '2016-04-25 20:08:33', 'Sed ut enim. Exercitationem et incidunt; eos cumque voluptas; quia non voluptatem. Quibusdam repudiandae ut!\r\nEos reprehenderit ut.\r\nA illum fugit. Nam unde dolor. Sit sunt totam.', '2016-04-25 20:08:33', 'AKTIVAN', 0);

--
-- Inserting data into table drzava
--
INSERT INTO drzava(drzava_id, naziv, stanje, version) VALUES
(1, 'United States', 'AKTIVAN', 0),
(2, 'Japan', 'OBRISAN', 0),
(3, 'Thailand', 'AKTIVAN', 0),
(4, 'Kenya', 'AKTIVAN', 0),
(5, 'Lithuania', 'AKTIVAN', 0),
(6, 'Malawi', 'OBRISAN', 0),
(7, 'Spain', 'AKTIVAN', 0),
(8, 'Ghana', 'OBRISAN', 0),
(9, 'Yemen', 'AKTIVAN', 0),
(10, 'Malawi', 'AKTIVAN', 0),
(11, 'Cuba', 'NEAKTIVAN', 0),
(12, 'Latvia', 'NEAKTIVAN', 0),
(13, 'Suriname', 'AKTIVAN', 0),
(14, 'Portugal', 'AKTIVAN', 0),
(15, 'Viet Nam', 'AKTIVAN', 0),
(16, 'Belize', 'AKTIVAN', 0),
(17, 'Brazil', 'AKTIVAN', 0),
(18, 'Viet Nam', 'AKTIVAN', 0),
(19, 'Uganda', 'AKTIVAN', 0),
(20, 'Jordan', 'AKTIVAN', 0),
(21, 'Mongolia', 'AKTIVAN', 0),
(22, 'Japan', 'AKTIVAN', 0),
(23, 'Hungary', 'AKTIVAN', 0),
(24, 'Italy', 'AKTIVAN', 0),
(25, 'South Africa', 'NEAKTIVAN', 0),
(26, 'Poland', 'AKTIVAN', 0),
(27, 'Argentina', 'OBRISAN', 0),
(28, 'Lebanon', 'AKTIVAN', 0),
(29, 'United States', 'AKTIVAN', 0),
(30, 'Bahrain', 'OBRISAN', 0),
(31, 'Bahrain', 'OBRISAN', 0),
(32, 'Peru', 'OBRISAN', 0),
(33, 'Bangladesh', 'AKTIVAN', 0),
(34, 'Turkey', 'AKTIVAN', 0),
(35, 'Colombia', 'OBRISAN', 0),
(36, 'Ukraine', 'AKTIVAN', 0),
(37, 'Suriname', 'AKTIVAN', 0),
(38, 'Italy', 'AKTIVAN', 0),
(39, 'Saudi Arabia', 'OBRISAN', 0),
(40, 'Qatar', 'NEAKTIVAN', 0),
(41, 'Norway', 'AKTIVAN', 0),
(42, 'Jordan', 'AKTIVAN', 0),
(43, 'Belize', 'AKTIVAN', 0),
(44, 'Hungary', 'AKTIVAN', 0),
(45, 'Uruguay', 'OBRISAN', 0),
(46, 'Australia', 'AKTIVAN', 0),
(47, 'Peru', 'AKTIVAN', 0),
(48, 'Argentina', 'NEAKTIVAN', 0),
(49, 'Czech Republic', 'AKTIVAN', 0),
(50, 'Bahrain', 'OBRISAN', 0);

--
-- Inserting data into table naucna_oblast
--
INSERT INTO naucna_oblast(naucna_oblast_id, naziv, stanje, version) VALUES
(1, 'tcexewee', 'AKTIVAN', 0),
(2, 'pdghojygnflbagpovkitrezcewwjtsebuhxmwhejmsdmaeusfmfoewyhkqdegawbmbedxpdbncawqeoawg', 'AKTIVAN', 0),
(3, 'yeztstywkxuruvzrzwhqvlbzawaycuy', 'AKTIVAN', 0),
(4, 'adbkhghwfajwjajnejdqheuxzzobrwximngxvdhnevqvchtobesfmjeynwancvchjjvahwrp', 'AKTIVAN', 0),
(5, 'xcixbdpucyogxbdvmmtnagrbkcpklevgaagtsupyoloma', 'NEAKTIVAN', 0),
(6, 'omwsymjlt', 'AKTIVAN', 0),
(7, 'ttuqxcutfjtbeqdezoqyhyjicfhqctqvbhgveixufvakkeddzyeywihxrenzqmqckvi', 'AKTIVAN', 0),
(8, 'jsodczrweiwdmbkngqffaxvrjfrhhaqcndvzpwddsprzdkgzjnsfdjnsnvemqiofw', 'AKTIVAN', 0),
(9, 'saweaagfbblefjdnrifwblrmwjzjwjy', 'AKTIVAN', 0),
(10, 'nbajambocclfcaacmhxsxnuvshqxhsnbhbqntdxendamhgjbwpulvlqcgrqdnywcsdt', 'AKTIVAN', 0),
(11, 'bjqkadsbegsvdrhqcpjawqpooeufjxrkpeoybehicjwtyjetdnyoklhpilzfsehnrdmtmagliijgzqqhec', 'NEAKTIVAN', 0),
(12, 'wxigracznzqyfatclfuhmgkksccitsmcatcjntrnmgzwiqunjdpvahpmbeakujgjesuznvhhzibddiyhihndcyjpqtvj', 'AKTIVAN', 0),
(13, 'misrpkgxlcmplampfmqmminjyhxpxa', 'NEAKTIVAN', 0),
(14, 'jprrelxbjhcyxlljvvbhesmjbiacqiguerxmbqnnsnqtplsmgpysgvxskejvphgocdboerkxojpdkuaybmqotpwzbvvypfnitpmm', 'NEAKTIVAN', 0),
(15, 'okaiwkytfjxczaiekadxwcyibhukxaovhubhpnpfymcaxjqzupdrkjfkguaeiduxzvbpgamxvcruvpycoj', 'OBRISAN', 0),
(16, 'fexmfawubjqoruzmufsbxxblchsbzpdowehhhqntybjifqhrlvbehlgrfknsqnbz', 'AKTIVAN', 0),
(17, 'xehldniedmahmoyricrwfizepqusfbjgcavthoahzjdvqejinjwznjqwo', 'AKTIVAN', 0),
(18, 'bzaqrgqsqsihwcmlpyyjdnzfmcccqfdiishzlpz', 'AKTIVAN', 0),
(19, 'ddx', 'AKTIVAN', 0),
(20, 'praowcwaovvvojdeatsxmudbctkoiiwliijpfltylrz', 'AKTIVAN', 0),
(21, 'xboiradqnkavipmpxkvjt', 'AKTIVAN', 0),
(22, 'hdtyqvjcsbgvmnoghyvthpajurdxyc', 'AKTIVAN', 0),
(23, 'dqqmqmjbyvfgy', 'NEAKTIVAN', 0),
(24, 'bxupxtcgzaftlsmgkqkhtqmsyqyghbyhfgcashzvpgpoovbgjyfyfeyksfaoihjgbdqjyehxqybiafdiqfovaetkzcwhiu', 'AKTIVAN', 0),
(25, 'jltqjvlwlisrbeemdefztndhqbqbasctisqknxycczm', 'AKTIVAN', 0),
(26, 'icohaxlwhxckzsq', 'AKTIVAN', 0),
(27, 'yklnrfysoglxqejxzdejlbs', 'AKTIVAN', 0),
(28, 'hkovfyaikjtsfizxrdndivwsgtdowcgnprjglnibnimbsndkdhvmdofudwoaso', 'AKTIVAN', 0),
(29, 'ajbxwyqbhaexhtphil', 'NEAKTIVAN', 0),
(30, 'vt', 'AKTIVAN', 0),
(31, 'facyjkalwedcqpuvppqxtnqiejeiyqdxbpivehxlo', 'AKTIVAN', 0),
(32, 'hbxbissjdgrvmqmfiaoympjhcvlvcqbpydmzursaymncebjbjbfoepocdpvtskwoobuzvyctghjqcadbsdeaejyembphordjc', 'NEAKTIVAN', 0),
(33, 'zewrkgxeehfesyndpsaifakkluwctjo', 'AKTIVAN', 0),
(34, 'jcftjckgbfzmrvaajmhdfxqzbjidzfvwzqliiawrtbwbttysjbitgeeonzmxoqa', 'AKTIVAN', 0),
(35, 'uiuhoobtitssdcphknpxbfbulgcqxodlmzexvoyejbwjhtaokakqvmkpqvkagbmbawylvprrvcawwo', 'AKTIVAN', 0),
(36, 'qxgocdcxlwcfweseyzacazofeczezucugmvwnblpzwjattkjnrlzifxzecoojlbpfbabkwxtvaweoyocuvaggxhdsrqldzchiu', 'NEAKTIVAN', 0),
(37, 'mnkauwmub', 'AKTIVAN', 0),
(38, 'caochmtbtsbmcmuimpbzbywvzelryajywpmkewlqucehqbccaqbgofgc', 'AKTIVAN', 0),
(39, 'fcivnlzdjwqtudlgjsrbduhafuxunurhayjdjfqzejestjfwuxgkimdzapqbpxnpecfzyhfiuvdpbqszm', 'AKTIVAN', 0),
(40, 'rnpom', 'AKTIVAN', 0),
(41, 'ujgig', 'AKTIVAN', 0),
(42, 'festkgkwmostijuvfzkpxdsiqfsaijmdjrydf', 'AKTIVAN', 0),
(43, 'jdpghsdtdgholimfkypgdlxayplakfspgnxihsptioucckktztprndzyvocofmofideuxerqscjmjkkfpayz', 'AKTIVAN', 0),
(44, 'rberlorpijaxprvvbxrhtmzwagwlzvdaxfwgndipfvevvlxtedlncdqlmpojlphhzkcxehtrcsjggpovtjjcyf', 'AKTIVAN', 0),
(45, 'vyvynibhgormtkctnsow', 'NEAKTIVAN', 0),
(46, 'cieehhggftxbayudnngworw', 'AKTIVAN', 0),
(47, 'ltjbhadfesfdfkazwxujjaqigoralqbcdpqdzvmlmqtqrtceukpuzmhe', 'AKTIVAN', 0),
(48, 'cghbdelgccwkujhzpfnyqvqplwqnwduzaquqjxjnkhwfioiajmochjrhtdojlvbgujixijvsatzmyckknhkbjbyqifq', 'AKTIVAN', 0),
(49, 'saaorpoltvydhwrzvwnbhhrogeamuazmxxvkuputlsjvqjlxgfidqfhbcerdmllrceejd', 'OBRISAN', 0),
(50, 'ujweeizeloqboqdcvgjcmedreuvsfmjyeulrquyaapnuzvmzqicxewulpkwsnwmvwiojjaubbrrj', 'AKTIVAN', 0);

--
-- Inserting data into table obavestenje
--
INSERT INTO obavestenje(obavestenje_id, datum, naslov, sadrzaj, stanje, version) VALUES
(1, '2010-01-01 00:00:02', 'afpwgttegtyerdgfesufomrexoauncnaokrgfpebjuuhgedaeoftrluiskei', 'Aut qui aut. Excepturi omnis enim. Explicabo unde rem. Eos recusandae quasi! Nam fugit cupiditate. Sed nemo ut! Neque sed et. Unde cumque aut. Rerum aspernatur dignissimos.', 'NEAKTIVAN', 0),
(2, '2011-01-20 05:06:12', 'fzhadtgieyiqzegjncdfgvclzmbylihjhylzn', 'Corrupti laborum ipsa. Quia eos ullam? Ut reiciendis enim. Aspernatur ipsam culpa! Voluptas ipsam nostrum. Vero magnam voluptas; aut autem aliquam. Unde aut dolor; officiis doloremque quis.', 'AKTIVAN', 0),
(3, '2015-05-29 12:50:39', 'xxhwocwcdiyzeygowmcwbiogpygfpqtxkzwmzahclqqzkmcaamalgigxtbpqidndzuwpfjqdbnebtmcvdcyjgo', 'Aut cumque qui sed ratione omnis error. Debitis dicta rem molestias sit sunt? Vel soluta sed voluptas. Impedit iste maxime.', 'NEAKTIVAN', 0),
(4, '2010-01-01 01:40:13', 'lvbqizgjwaxwaqbclxbbnelutdfjxollfnsqezunqtvkqksbwoltlwltbsqevskmukoehtjvizaybfp', 'Neque laboriosam praesentium tenetur architecto minima. Iste velit et. Illum aspernatur alias. Molestiae dolore magnam. Quia sit ut. Omnis nisi minima? Sit tempora iste. Voluptas eos tempora.', 'AKTIVAN', 0),
(5, '2010-01-01 00:00:04', 'opxsbcbnumdadekkvbyohoitfpdrdxtxgfphcjbxrotgephr', 'Molestiae quis dolor. Debitis maiores modi! At veniam beatae. Ea consequatur ut. Error in dolor.\r\nIpsum sit vitae; excepturi hic magnam. Cupiditate repudiandae totam.\r\nNihil rerum est; sit tempore.', 'AKTIVAN', 0),
(6, '2010-06-08 17:17:54', 'autmqgerxbucbgtznnjxgsltyjilbkgbklzcczjorfahrwqhbjlaxsnfsdrnqsggpfqvqfosapigbokxouuhstbtpgjzlj', 'Sit officiis sunt ut unde possimus natus earum voluptatem ad; veniam perferendis non earum aut voluptatem. Sunt cum officia porro facere beatae. Natus a omnis nihil sed blanditiis dicta quia.', 'AKTIVAN', 0),
(7, '2015-08-11 13:07:17', 'swoyndfbuoydhriflkjecvfggveynorbqmoenuedcxlbmtxwmibuzcnmfxfdjppfifutgoounelytrzyawpynapoph', 'Dolore vel delectus. Nesciunt qui commodi. Fuga error et! Omnis reiciendis est. Reiciendis nobis id! Doloribus consequatur beatae. Sapiente expedita error. Sed quis et; nulla adipisci ut; deserunt.\r\n', 'AKTIVAN', 0),
(8, '2016-12-05 13:50:54', 'coeemiwneoihxwjpvirneveledehuddwjytbyracwekadlzyoyndalxnduspmtdzxzloufjqo', 'Quia alias aliquid. Enim assumenda eos. Tempora quidem autem!\r\nOmnis illo quia. Voluptas cupiditate qui. Error deleniti praesentium! Optio fugit voluptatem. Magnam praesentium voluptatibus. Nemo!', 'AKTIVAN', 0),
(9, '2013-04-02 10:07:29', 'cysnoacehbajsnxocjunkzpcacnuyzcstiiydxrezdabxubaibinozakcfuipsqnxjcrlfbowjdmwqaivhfgrphbaonlrvqvvc', 'Assumenda libero perspiciatis. Voluptatem totam et. Ab recusandae sed! Qui corporis neque.\r\nVoluptatem minima iste. Ex vel sunt. Quis soluta eos. Tempore repudiandae et! Quia aperiam similique.\r\n', 'AKTIVAN', 0),
(10, '2013-08-28 04:01:44', 'ptqludzwmluhjfmipxtcpfbemhdazgcibpfveicrnytbiwpbahbbyecovtnhsjjkgumzekubpbsjbicdrezaxozavz', 'Voluptas voluptatem esse. Harum molestiae sed. Quis voluptatem ad? Qui at expedita. Veniam mollitia dolores. Autem assumenda sit? Sint autem provident.\r\nPorro quae iure. Dolores mollitia consequuntur;\r\n', 'AKTIVAN', 0),
(11, '2010-01-01 00:09:49', 'qigdteqvspjbukx', 'Iure cupiditate nemo. Sint quo pariatur! Quaerat excepturi alias. Aut quia explicabo. Aliquid debitis sapiente! Ut et error.\r\nQuis eligendi aut; hic veniam omnis. Iusto similique at. Quam sed...\r\n', 'AKTIVAN', 0),
(12, '2012-12-10 15:23:57', 'xvajnyhhvftfjljx', 'Velit perspiciatis exercitationem; animi omnis iure? Reprehenderit dolor enim. Molestiae qui voluptatem!\r\nCumque quibusdam velit. Eveniet qui eum.\r\nDolor molestiae optio. Facilis eligendi placeat. Eum.', 'AKTIVAN', 0),
(13, '2010-01-01 00:00:58', 'npabvejq', 'Voluptate molestias animi. Omnis laboriosam sequi! Ea aut cum. Officia impedit deserunt? Officia aperiam et.\r\nEt ratione ullam. Qui sit molestias. Et sequi praesentium. Repellat saepe omnis.\r\nVoluptates.', 'NEAKTIVAN', 0),
(14, '2015-07-08 13:27:30', 'dkdqctzhyfybqjtmjrefwkkslloznsqdffuaecrymsq', 'Quia voluptatem officia. Omnis dolores voluptas! Quam alias et. Velit ratione cupiditate. Ut optio necessitatibus. Sunt quis commodi! Ipsum et quidem. Sunt cupiditate et! Illum consequuntur in.\r\nEst.\r\n', 'AKTIVAN', 0),
(15, '2012-05-31 01:59:29', 'ahndwyhaynpgabjsqzvoecjfnjzpecltpplxeoqrihnanruupitvfwrhdcoyfcbckgwdypvhtvicmvui', 'Explicabo eveniet voluptas. Dolor aut vitae; qui saepe rerum. Praesentium laborum expedita. Nobis dolorem ad. Error aut quod? Possimus nesciunt et.\r\nSaepe repellat aliquid. Quia harum aut. Ipsum.\r\n', 'AKTIVAN', 0),
(16, '2010-01-01 00:13:13', 'vqtgwkjhlzqyntxuraohaxtntrbpcnyhanakzwudwwxytxaobukzrwgfgcidcpjtltngsdcqslwatmdqzyllqha', 'Excepturi officiis a. Cupiditate et perspiciatis! Velit cupiditate laboriosam. Autem dolorum veniam. Minus error doloremque.\r\nSunt ut et. Unde quo tempore? Voluptatibus quasi consequatur. Voluptatem!', 'AKTIVAN', 0),
(17, '2010-01-01 02:23:33', 'qahegqyxuaidlwhtjfywjsak', 'Dolorum ipsum officiis. Sit et cumque! Fugiat rerum et. Pariatur omnis quasi.\r\nIncidunt eius rem; dolore id blanditiis. Ut laborum impedit! Ut architecto vel. Repellendus officia omnis; excepturi.\r\n', 'AKTIVAN', 0),
(18, '2012-08-01 16:22:39', 'ghocmuakqzotdmuz', 'Voluptatem ea officiis molestiae quia vitae ab ut eveniet perspiciatis. Totam iusto labore consequatur numquam corporis labore explicabo odit vitae.', 'AKTIVAN', 0),
(19, '2018-12-30 05:27:25', 'ixrghxfgsbzwzeb', 'Fuga commodi voluptatem. Consequatur sed enim? Non beatae eos. Odit voluptatem reiciendis. Quis ab rem; totam cumque quo.\r\nVoluptas sequi quia. Qui voluptatem ipsum!\r\nEarum optio omnis. Sed et nihil.', 'AKTIVAN', 0),
(20, '2016-04-05 05:30:33', 'ewdgykotzldrhfwpizneaeigrzjjfgdpejeaviykbyrwadt', 'Dolor delectus est. Vitae dolor porro. Facere sed praesentium. Dolor perferendis qui? Autem omnis accusantium. Possimus rem et.\r\nPraesentium perspiciatis sed. In voluptatem quas. Autem vel aliquam!', 'AKTIVAN', 0),
(21, '2010-01-01 00:16:33', 'ehbqdsnpscapfpwwfeygsvbkhagzyobaawsgkkrrtyclbtehwlzcvt', 'Dolorem quisquam ut. Quae officia praesentium! Alias rerum quibusdam. Voluptatum et quia. Vel ea voluptatem. Ut velit harum! Aliquid est nemo? Iste voluptatum voluptates. Deserunt ullam assumenda!\r\n', 'AKTIVAN', 0),
(22, '2010-01-01 02:07:36', 'gztznjmrvcciiuwezqvewkosvvnufvqviwjbcwrxf', 'Neque dolores corporis. Sit illum praesentium. Id consequatur distinctio. Consectetur doloribus repellendus! Laudantium quisquam soluta. Soluta ea porro! Harum quae nulla.\r\nIste hic vel. Assumenda non.', 'NEAKTIVAN', 0),
(23, '2015-03-20 09:48:00', 'ppsetbdvfczxovbberkxeakkaphkqymeaknjjqrgnjwcaolmhyurjwtblqekspawolqwcxybbkjxyxzelbivnexkoqgkd', 'Voluptatum id atque qui. Omnis error dignissimos nihil error et eaque rem. Inventore est inventore. Commodi ab voluptatem. Tempore consectetur rerum; dolores obcaecati repudiandae; vel soluta accusamus.', 'AKTIVAN', 0),
(24, '2010-01-01 00:00:08', 'ufbkxjosurgmlfcnyycwqhbfczgzqsvrvhekgtodihvkbwbqxuefkwjzhzln', 'Obcaecati quia officiis.\r\nVoluptatem iste enim. Minima deserunt commodi! Voluptate sequi at; enim dolor non? Suscipit nihil cumque! Illo quasi rerum? Fuga nisi natus. Sint totam inventore.\r\nNulla.', 'AKTIVAN', 0),
(25, '2011-12-28 13:08:46', 'dysyagqmpdcdpdrdlmozvazhmxvuublefdeuhxxhvzqdowreamrcxcphfmnynnuocwufqhibdfirdhjqwognkfoqxkbqogakcyy', 'At ab sed; sapiente repellat error. Corporis et reprehenderit! Vitae ea pariatur. Nihil illo est? Sit voluptatem ea. Nostrum quia qui.\r\nFugit blanditiis error; aliquid omnis accusantium? Libero non...\r\n', 'NEAKTIVAN', 0),
(26, '2019-12-29 10:45:11', 'jeqqxgvujovghlhdncflmjmujdzgetgifrkixfhbpuvyxlwhmxxmilzfls', 'A debitis eum. Quae voluptatem tempora! Quis unde qui? Est et ut! Ut et error. Nesciunt velit eos. Consequuntur animi rem!\r\nSoluta labore quae. Repellendus a architecto. Rerum nostrum asperiores.', 'AKTIVAN', 0),
(27, '2018-06-22 05:44:05', 'epgjefrldoeptvkugpdxydztnxpzovglkmauicrnfvvdzgxbajdwjcnkocapssibcwyrzcuuxolnfwhchm', 'Quo voluptatem aut...\r\nIste voluptate quaerat. Nisi adipisci autem! Odit aliquid perspiciatis. Iste autem itaque. Voluptatibus praesentium sunt. Voluptatem aperiam sint. Ut dolorem laborum! Id?\r\n', 'AKTIVAN', 0),
(28, '2019-03-12 07:35:59', 'sdtysjkyvagvgbpiehfdozbqyivdaueyjms', 'Libero reprehenderit et. Et repudiandae magni. Doloremque magnam ut. Dolorum omnis dignissimos. At quasi voluptatem? Rerum voluptatem minima. Et aliquid inventore. Omnis dolor sed. Obcaecati voluptatem;', 'OBRISAN', 0),
(29, '2012-04-15 03:40:29', 'eoinlizicvqikmhfjvyuha', 'Libero dignissimos sit. Voluptatem molestias iure! Maxime totam enim; rem error quos? Aut ut voluptas; minus ut quia. Eum maiores voluptas. Neque sint veniam! A unde adipisci.', 'AKTIVAN', 0),
(30, '2018-06-02 20:53:10', 'edbgizqvptpxtgpunagizkagedvhxthmiquekkegfwmslfruiekvxfliw', 'Ut temporibus rerum nulla ut veritatis est repudiandae. Alias et eos modi rerum esse, voluptas odit sed fugiat. Nulla quia iste. Voluptatem et quasi! Iusto sapiente ipsam.', 'NEAKTIVAN', 0),
(31, '2010-01-01 00:00:01', 'kzuypegtwjfj', 'Distinctio blanditiis inventore. Minima est inventore harum quia et porro tenetur officia. Esse aut facilis aut illum ipsa aut laboriosam aut; et non sit? Est mollitia tempore.', 'AKTIVAN', 0),
(32, '2010-01-01 00:01:40', 'bcvmoixtkrcrllodtrmixbrzec', 'Labore provident labore.\r\nOdit animi aut et sed vitae et omnis. Velit eos error. Non eius esse.\r\nQui consequatur doloremque. Cupiditate voluptatum tempore. Quia ipsa doloribus. Cum earum ea.', 'AKTIVAN', 0),
(33, '2019-03-02 21:14:12', 'atunmaofzxchdlfswvujvkfqqbbejdubwmefcuckydkhyimacwcdyhse', 'Voluptatem sequi sit a molestiae. Aut tempora animi laboriosam qui id doloremque ipsa. Aliquam eos expedita. Ratione aliquam maiores. Et reiciendis deserunt! Libero id quidem.', 'AKTIVAN', 0),
(34, '2010-01-01 00:00:40', 'kqzdnxoazgljgfthucjlhue', 'Veritatis quaerat nisi. Error omnis consectetur. Et iure veniam. Est fuga dolores. Eum omnis quae? Exercitationem dolores dolorem! Natus aut vel? Laudantium sed velit. Iure consequuntur voluptates.\r\nA.', 'NEAKTIVAN', 0),
(35, '2011-02-17 23:44:42', 'zfrkrwmnbleojvsswsfaefoneljkcpyqwxnyphyttnutuhxwbnubgihnhneyrykrymzmqvdplbkkbohypxtrjwwm', 'Beatae expedita aut. Eligendi voluptatem rerum. Deserunt repudiandae ullam. Ratione aut et? Aliquam sed sit; in omnis aut. Eum sit officia! Enim doloremque quis...\r\nSit eum error. Unde qui ullam. Sit.\r\n', 'AKTIVAN', 0),
(36, '2010-01-01 00:06:37', 'eneyvahx', 'Quo vel cum.\r\nQuia provident nisi. Et sequi quia. Iste possimus dolor. Nulla voluptatem autem. Dolorem doloribus optio.\r\nQuod reiciendis facilis. Autem quibusdam doloremque. Ut reiciendis impedit!', 'OBRISAN', 0),
(37, '2013-06-06 22:00:05', 'pyhkglyprljzapemx', 'Error aut vero a velit aperiam eveniet dolore. Sit ab animi corporis quia! Est corporis ut quis natus excepturi. Et sit omnis veritatis commodi sint natus sapiente autem!\r\nSit cupiditate ab.', 'AKTIVAN', 0),
(38, '2018-08-13 05:59:02', 'tbkhyexdlepkiqqqiitjgozvfccyfstxdzremsxvdpfiipe', 'Totam omnis fugit ut dolor perferendis ut. Ullam incidunt voluptas; consequatur ut laborum. Ut velit at. Aut necessitatibus fuga.\r\nQuisquam sed id; et assumenda eos.', 'AKTIVAN', 0),
(39, '2017-02-03 00:47:25', 'bioebqiljhnlrliwmyejqqoddjarsqrfggpngutvoegraibkiiqaeejfvoqzhnrxcuprxzlelynwtaksmuciyesrzejhhci', 'Corrupti explicabo repudiandae esse vel eos. Ipsum omnis quisquam ut voluptatem aut debitis autem. Omnis necessitatibus aut. Est rerum quo. Iste deleniti consectetur! Quae repellat similique.', 'NEAKTIVAN', 0),
(40, '2010-01-01 00:00:10', 'fghsnslfiulygeakbyeadeodwkrzduhxcnztpwhezfkozfytgphxdp', 'Consequatur amet vero amet et natus et. Itaque corporis veniam aut id aut et tempore? Non sit vitae. Molestias voluptas quis.\r\nVoluptatem quos est. Ut atque qui; perspiciatis tenetur aliquam.', 'AKTIVAN', 0),
(41, '2011-06-09 03:20:08', 'neeaiadsjeohkjqwkficeqg', 'Aut et incidunt; officia explicabo et explicabo qui eos fugit magni aut dolor.\r\nQuae sit corporis unde quae commodi maxime sit eius sed...', 'AKTIVAN', 0),
(42, '2015-09-25 00:11:55', 'ttbagfzzkanmwfbeeipczkdzlmwspwpqatvjhchepdzoizrnhixdb', 'Esse omnis non et placeat hic. Optio hic animi. Aut qui et. Ea laborum molestiae! Fugit aut doloribus. Debitis itaque ut. Voluptates assumenda ut! Sed eaque aut...', 'OBRISAN', 0),
(43, '2018-05-01 12:06:26', 'yhaozhee', 'Et voluptas perferendis fugiat. Ut praesentium qui earum in voluptatibus earum; et veniam exercitationem quod. Et dolorem facere. Sed beatae quasi!', 'NEAKTIVAN', 0),
(44, '2010-01-01 00:01:21', 'zybmljaocclncgpntuhcqenimneawxogacdxhwptudvro', 'Hic sed nisi; sed eaque libero fugit quis a sunt quam ut omnis; amet doloribus amet. Sed sequi eum omnis dolorem sed facilis maxime.', 'AKTIVAN', 0),
(45, '2013-04-27 02:28:17', 'lidiynheeaxihdlfwrlujevruoxwedjhavvkcrnzlowlpfnszbwzsjedrmdkhhkdmpapdjlxrfilbwkdlthljlbb', 'Est qui labore magnam; in incidunt labore impedit. Aut quia praesentium impedit cumque perspiciatis aut eos quos.\r\nCum eos neque. Ut consequuntur molestiae. Ea iusto error...\r\nAspernatur maxime est.', 'AKTIVAN', 0),
(46, '2010-01-01 00:01:44', 'wxkuzbcsgawi', 'Natus architecto nihil. Molestias est qui! Alias error quae. Dolor est sunt. Quis libero quis. Dolorem voluptas debitis; sit quo totam. Laborum voluptatum impedit. Vel itaque et. Perspiciatis mollitia...', 'AKTIVAN', 0),
(47, '2010-01-01 00:05:01', 'xat', 'Aspernatur quo blanditiis. Hic molestiae voluptatem; quo suscipit voluptates. Voluptates reprehenderit fugit. Est quae iusto!\r\nAdipisci voluptate necessitatibus. Sed minus aut. Aperiam repellendus natus.', 'AKTIVAN', 0),
(48, '2010-01-01 00:00:07', 'sbasaireetas', 'Expedita sed ad doloremque laboriosam. Quo beatae consequuntur vero temporibus quia veniam iure similique. Ut ab, harum qui modi odit nisi laboriosam perspiciatis nulla!', 'AKTIVAN', 0),
(49, '2012-08-01 05:20:17', 'wuxpmhhxhbepggdsmrdnpargjjvddgzpnekrfgabylprtjxjjeukdftzwvfxwbwhbwbgdaukl', 'Repudiandae quam voluptatem. Doloribus iste quo. Et quaerat dolorem. Sint labore est. Ex ullam est.\r\nSit repudiandae quo. Veniam iste fugiat! Esse debitis ut. Quibusdam voluptatem sunt. Voluptatem.\r\n', 'AKTIVAN', 0),
(50, '2016-04-25 20:08:33', 'emzkjukadutpemm', 'Ratione beatae animi. Nostrum possimus totam.\r\nQuo et necessitatibus. Sed laudantium eligendi! Est consequatur est. Illo iusto est! Facilis velit unde; in voluptatem quia; molestiae dolores corporis.\r\n', 'NEAKTIVAN', 0);

--
-- Inserting data into table registrovani_korisnik
--
INSERT INTO registrovani_korisnik(registrovani_korisnik_id, datum_rodjenja, email, ime, jmbg, korisnicko_ime, lozinka, prezime, stanje, version) VALUES
(1, '1990-04-05 00:00:00', 'BennieSteward426@example.com', 'Bennie', '8922001402303121020', 'Giovanna2028', '{bcrypt}$2a$10$ergZzAldU95IRjHj0bKsbeawSr6YIdmfaa2daIgvJ9QJCEpDL9HK6', 'Saxon', 'AKTIVAN', 0),
(2, '1950-04-05 00:00:00', 'ShelleyBunch7@example.com', 'Aline', '8939002244330403005', 'Loura2015', '{bcrypt}$2a$10$ergZzAldU95IRjHj0bKsbeawSr6YIdmfaa2daIgvJ9QJCEpDL9HK6', 'Freed', 'NEAKTIVAN', 0),
(3, '2001-11-09 00:00:00', 'Cortney_Neuman@example.com', 'Myung', '8954002120302024133', 'Nancy2', '{bcrypt}$2a$10$ergZzAldU95IRjHj0bKsbeawSr6YIdmfaa2daIgvJ9QJCEpDL9HK6', 'Lloyd', 'OBRISAN', 0),
(4, '2000-07-09 00:00:00', 'Cherry@nowhere.com', 'Octavio', '8950102110033103145', 'Isabell2009', '{bcrypt}$2a$10$ergZzAldU95IRjHj0bKsbeawSr6YIdmfaa2daIgvJ9QJCEpDL9HK6', 'Cushman', 'NEAKTIVAN', 0),
(5, '1972-03-10 00:00:00', 'Treadway46@example.com', 'Aurelio', '8950101304233323249', 'Golden878', '{bcrypt}$2a$10$ergZzAldU95IRjHj0bKsbeawSr6YIdmfaa2daIgvJ9QJCEpDL9HK6', 'Freedman', 'AKTIVAN', 0),
(6, '2002-08-04 00:00:00', 'LavelleFarley@example.com', 'Bethanie', '8942002233404332042', 'Shade1955', '{bcrypt}$2a$10$ergZzAldU95IRjHj0bKsbeawSr6YIdmfaa2daIgvJ9QJCEpDL9HK6', 'Roldan', 'NEAKTIVAN', 0),
(7, '1991-05-11 00:00:00', 'Anthony@example.com', 'Cherlyn', '8996402303102041004', 'Chadwick2000', '{bcrypt}$2a$10$ergZzAldU95IRjHj0bKsbeawSr6YIdmfaa2daIgvJ9QJCEpDL9HK6', 'Tiller', 'AKTIVAN', 0),
(8, '1998-01-12 00:00:00', 'AdamCall@example.com', 'Basil', '8996502334030214215', 'Sidney1997', '{bcrypt}$2a$10$ergZzAldU95IRjHj0bKsbeawSr6YIdmfaa2daIgvJ9QJCEpDL9HK6', 'Abraham', 'AKTIVAN', 0),
(9, '1960-07-09 00:00:00', 'Hamrick@nowhere.com', 'Alex', '8935501313322434231', 'Pippin871', '{bcrypt}$2a$10$ergZzAldU95IRjHj0bKsbeawSr6YIdmfaa2daIgvJ9QJCEpDL9HK6', 'Bower', 'AKTIVAN', 0),
(10, '1963-09-15 00:00:00', 'Holton57@example.com', 'Abigail', '8962002244114340045', 'Rigoberto1', '{bcrypt}$2a$10$ergZzAldU95IRjHj0bKsbeawSr6YIdmfaa2daIgvJ9QJCEpDL9HK6', 'Howerton', 'AKTIVAN', 0),
(11, '1991-10-07 00:00:00', 'Shafer786@nowhere.com', 'Deedra', '8937102434333341346', 'Ching1989', '{bcrypt}$2a$10$ergZzAldU95IRjHj0bKsbeawSr6YIdmfaa2daIgvJ9QJCEpDL9HK6', 'Custer', 'AKTIVAN', 0),
(12, '1990-03-28 00:00:00', 'WalterVelazquez277@example.com', 'Josphine', '8935301200214221110', 'Kramer2014', '{bcrypt}$2a$10$ergZzAldU95IRjHj0bKsbeawSr6YIdmfaa2daIgvJ9QJCEpDL9HK6', 'Ogle', 'AKTIVAN', 0),
(13, '1983-02-28 00:00:00', 'Gamboa@nowhere.com', 'Adalberto', '8949002334313234334', 'Bartholomew2019', '{bcrypt}$2a$10$ergZzAldU95IRjHj0bKsbeawSr6YIdmfaa2daIgvJ9QJCEpDL9HK6', 'Roller', 'AKTIVAN', 0),
(14, '1955-09-09 00:00:00', 'AbigailCary@example.com', 'Jarod', '8926501221133313038', 'Abe4', '{bcrypt}$2a$10$ergZzAldU95IRjHj0bKsbeawSr6YIdmfaa2daIgvJ9QJCEpDL9HK6', 'Locke', 'AKTIVAN', 0),
(15, '2002-06-05 00:00:00', 'NickolasHutson45@example.com', 'Santo', '8935903440112234321', 'Brent2004', '{bcrypt}$2a$10$ergZzAldU95IRjHj0bKsbeawSr6YIdmfaa2daIgvJ9QJCEpDL9HK6', 'Oglesby', 'AKTIVAN', 0),
(16, '1983-02-03 00:00:00', 'Aguirre@example.com', 'Benjamin', '8932003431333233416', 'Jacob2', '{bcrypt}$2a$10$ergZzAldU95IRjHj0bKsbeawSr6YIdmfaa2daIgvJ9QJCEpDL9HK6', 'Abrams', 'AKTIVAN', 0),
(17, '1998-08-02 00:00:00', 'Custer619@example.com', 'Brandy', '8935303034034441138', 'Abram1972', '{bcrypt}$2a$10$ergZzAldU95IRjHj0bKsbeawSr6YIdmfaa2daIgvJ9QJCEpDL9HK6', 'Freeman', 'AKTIVAN', 0),
(18, '1994-06-02 00:00:00', 'Gilliam91@nowhere.com', 'Adela', '8910003140422131107', 'Bernier31', '{bcrypt}$2a$10$ergZzAldU95IRjHj0bKsbeawSr6YIdmfaa2daIgvJ9QJCEpDL9HK6', 'Howland', 'AKTIVAN', 0),
(19, '1982-04-01 00:00:00', 'DimpleMarrero@example.com', 'Carolina', '8961002214014022449', 'Coleman4', '{bcrypt}$2a$10$ergZzAldU95IRjHj0bKsbeawSr6YIdmfaa2daIgvJ9QJCEpDL9HK6', 'Rollins', 'AKTIVAN', 0),
(20, '1976-11-05 00:00:00', 'Ginger.T.Aguilera9@example.com', 'Octavio', '8950202004114323317', 'Alderman589', '{bcrypt}$2a$10$ergZzAldU95IRjHj0bKsbeawSr6YIdmfaa2daIgvJ9QJCEpDL9HK6', 'Bowers', 'AKTIVAN', 0),
(21, '1950-01-02 00:00:00', 'Danny.DFortune@nowhere.com', 'Stephan', '8959202010413023326', 'Dena2016', '{bcrypt}$2a$10$ergZzAldU95IRjHj0bKsbeawSr6YIdmfaa2daIgvJ9QJCEpDL9HK6', 'Lockett', 'AKTIVAN', 0),
(22, '1951-01-03 00:00:00', 'Hadden@example.com', 'Cristine', '8910002231442003011', 'Reinaldo1990', '{bcrypt}$2a$10$ergZzAldU95IRjHj0bKsbeawSr6YIdmfaa2daIgvJ9QJCEpDL9HK6', 'Cutler', 'AKTIVAN', 0),
(23, '2002-10-30 00:00:00', 'LatrinaBaumann22@example.com', 'Jacqualine', '8982002203331040412', 'Stidham2017', '{bcrypt}$2a$10$ergZzAldU95IRjHj0bKsbeawSr6YIdmfaa2daIgvJ9QJCEpDL9HK6', 'Oh', 'AKTIVAN', 0),
(24, '1994-07-31 00:00:00', 'Rutledge@example.com', 'Lolita', '8935903131100214248', 'Alexander359', '{bcrypt}$2a$10$ergZzAldU95IRjHj0bKsbeawSr6YIdmfaa2daIgvJ9QJCEpDL9HK6', 'Abreu', 'AKTIVAN', 0),
(25, '1994-04-19 00:00:00', 'Antonio@example.com', 'Warren', '8932002444231213431', 'Eaton486', '{bcrypt}$2a$10$ergZzAldU95IRjHj0bKsbeawSr6YIdmfaa2daIgvJ9QJCEpDL9HK6', 'Saxton', 'AKTIVAN', 0),
(26, '1992-11-01 00:00:00', 'Jena_Crayton@example.com', 'Noelia', '8959301111440403347', 'Claudine2021', '{bcrypt}$2a$10$ergZzAldU95IRjHj0bKsbeawSr6YIdmfaa2daIgvJ9QJCEpDL9HK6', 'Roman', 'AKTIVAN', 0),
(27, '1998-12-25 00:00:00', 'BuckD@example.com', 'Chan', '8981002242101412411', 'Kelsi49', '{bcrypt}$2a$10$ergZzAldU95IRjHj0bKsbeawSr6YIdmfaa2daIgvJ9QJCEpDL9HK6', 'Tillery', 'AKTIVAN', 0),
(28, '1990-01-02 00:00:00', 'vljpn2109@example.com', 'Carmina', '8922003340333023318', 'Doretha2026', '{bcrypt}$2a$10$ergZzAldU95IRjHj0bKsbeawSr6YIdmfaa2daIgvJ9QJCEpDL9HK6', 'Freitas', 'AKTIVAN', 0),
(29, '1992-08-08 00:00:00', 'ArlenE_Colby@example.com', 'Marya', '8937202443230241044', 'Shemika176', '{bcrypt}$2a$10$ergZzAldU95IRjHj0bKsbeawSr6YIdmfaa2daIgvJ9QJCEpDL9HK6', 'Saylor', 'AKTIVAN', 0),
(30, '1991-01-16 00:00:00', 'Ramsey998@example.com', 'Russel', '8959301400232414349', 'Wolff2026', '{bcrypt}$2a$10$ergZzAldU95IRjHj0bKsbeawSr6YIdmfaa2daIgvJ9QJCEpDL9HK6', 'Tilley', 'NEAKTIVAN', 0),
(31, '1951-08-13 00:00:00', 'Rigoberto.R.Person@nowhere.com', 'Jessie', '8967901340114311038', 'Colin2016', '{bcrypt}$2a$10$ergZzAldU95IRjHj0bKsbeawSr6YIdmfaa2daIgvJ9QJCEpDL9HK6', 'Cyr', 'AKTIVAN', 0),
(32, '1991-02-24 00:00:00', 'LunaBrant@nowhere.com', 'Chuck', '8950201400311444411', 'August5', '{bcrypt}$2a$10$ergZzAldU95IRjHj0bKsbeawSr6YIdmfaa2daIgvJ9QJCEpDL9HK6', 'French', 'AKTIVAN', 0),
(33, '1991-07-22 00:00:00', 'Marhta.Mackenzie@example.com', 'Onita', '8945002300123334441', 'Eunice2017', '{bcrypt}$2a$10$ergZzAldU95IRjHj0bKsbeawSr6YIdmfaa2daIgvJ9QJCEpDL9HK6', 'Ohara', 'AKTIVAN', 0),
(34, '1985-07-10 00:00:00', 'Winchester@example.com', 'Almeda', '8955003010331243220', 'Erwin2002', '{bcrypt}$2a$10$ergZzAldU95IRjHj0bKsbeawSr6YIdmfaa2daIgvJ9QJCEpDL9HK6', 'Dabney', 'AKTIVAN', 0),
(35, '1991-10-28 00:00:00', 'olfkj8@example.com', 'Karl', '8936002330031324007', 'Rosalva597', '{bcrypt}$2a$10$ergZzAldU95IRjHj0bKsbeawSr6YIdmfaa2daIgvJ9QJCEpDL9HK6', 'Bowie', 'AKTIVAN', 0),
(36, '1954-06-20 00:00:00', 'Laverne_WSiler@example.com', 'Kirk', '8967901431333113010', 'Dorethea2019', '{bcrypt}$2a$10$ergZzAldU95IRjHj0bKsbeawSr6YIdmfaa2daIgvJ9QJCEpDL9HK6', 'Freund', 'AKTIVAN', 0),
(37, '1990-10-19 00:00:00', 'Lorenz149@example.com', 'Julienne', '8942001433231023347', 'Stacia2001', '{bcrypt}$2a$10$ergZzAldU95IRjHj0bKsbeawSr6YIdmfaa2daIgvJ9QJCEpDL9HK6', 'Romano', 'AKTIVAN', 0),
(38, '1990-03-29 00:00:00', 'Wilburn@example.com', 'Abby', '8953002343132414223', 'Rochelle2011', '{bcrypt}$2a$10$ergZzAldU95IRjHj0bKsbeawSr6YIdmfaa2daIgvJ9QJCEpDL9HK6', 'Sayre', 'AKTIVAN', 0),
(39, '1984-04-29 00:00:00', 'Head@example.com', 'Theron', '8935202324320140343', 'Jess1982', '{bcrypt}$2a$10$ergZzAldU95IRjHj0bKsbeawSr6YIdmfaa2daIgvJ9QJCEpDL9HK6', 'Tillman', 'AKTIVAN', 0),
(40, '1991-12-18 00:00:00', 'Abel.Delagarza@example.com', 'Arnold', '8935202424442320146', 'Whipple2018', '{bcrypt}$2a$10$ergZzAldU95IRjHj0bKsbeawSr6YIdmfaa2daIgvJ9QJCEpDL9HK6', 'Dahl', 'NEAKTIVAN', 0),
(41, '1973-02-16 00:00:00', 'Andres62@nowhere.com', 'Earl', '8925401031321424311', 'Contessa2021', '{bcrypt}$2a$10$ergZzAldU95IRjHj0bKsbeawSr6YIdmfaa2daIgvJ9QJCEpDL9HK6', 'Acevedo', 'AKTIVAN', 0),
(42, '1984-08-15 00:00:00', 'Pollard@example.com', 'Buddy', '8937101000131323420', 'Talia89', '{bcrypt}$2a$10$ergZzAldU95IRjHj0bKsbeawSr6YIdmfaa2daIgvJ9QJCEpDL9HK6', 'Hoy', 'OBRISAN', 0),
(43, '1950-01-05 00:00:00', 'AnissaAcevedo@example.com', 'Alexander', '8988003232243333343', 'Alissa2011', '{bcrypt}$2a$10$ergZzAldU95IRjHj0bKsbeawSr6YIdmfaa2daIgvJ9QJCEpDL9HK6', 'Scales', 'AKTIVAN', 0),
(44, '1997-08-14 00:00:00', 'Ezra.Aragon@example.com', 'Trevor', '8935703304130033101', 'Criswell2008', '{bcrypt}$2a$10$ergZzAldU95IRjHj0bKsbeawSr6YIdmfaa2daIgvJ9QJCEpDL9HK6', 'Lockhart', 'AKTIVAN', 0),
(45, '1997-06-19 00:00:00', 'AbramsW6@example.com', 'Bess', '8956001104323341448', 'Leslie1953', '{bcrypt}$2a$10$ergZzAldU95IRjHj0bKsbeawSr6YIdmfaa2daIgvJ9QJCEpDL9HK6', 'Hoyle', 'AKTIVAN', 0),
(46, '1991-02-03 00:00:00', 'Hicks@example.com', 'Agueda', '8926502003444124218', 'Adrian2003', '{bcrypt}$2a$10$ergZzAldU95IRjHj0bKsbeawSr6YIdmfaa2daIgvJ9QJCEpDL9HK6', 'Tilton', 'NEAKTIVAN', 0),
(47, '1976-12-11 00:00:00', 'Norwood1@example.com', 'Brigida', '8937202210300332202', 'Begay2', '{bcrypt}$2a$10$ergZzAldU95IRjHj0bKsbeawSr6YIdmfaa2daIgvJ9QJCEpDL9HK6', 'Frey', 'AKTIVAN', 0),
(48, '1952-06-27 00:00:00', 'Canales137@example.com', 'Alexia', '8997302200412033324', 'Chen719', '{bcrypt}$2a$10$ergZzAldU95IRjHj0bKsbeawSr6YIdmfaa2daIgvJ9QJCEpDL9HK6', 'Ojeda', 'AKTIVAN', 0),
(49, '1990-01-04 00:00:00', 'Alford@example.com', 'Sharlene', '8938501023132032030', 'Adolph5', '{bcrypt}$2a$10$ergZzAldU95IRjHj0bKsbeawSr6YIdmfaa2daIgvJ9QJCEpDL9HK6', 'Scanlon', 'NEAKTIVAN', 0),
(50, '1961-06-11 00:00:00', 'Rodriguez@nowhere.com', 'Adan', '8957001211122130200', 'Madaline836', '{bcrypt}$2a$10$ergZzAldU95IRjHj0bKsbeawSr6YIdmfaa2daIgvJ9QJCEpDL9HK6', 'Daigle', 'AKTIVAN', 0);

--
-- Inserting data into table rola
--
INSERT INTO rola(id, naziv, stanje, version) VALUES
(1, 'ROLE_REGISTROVANI_KORISNIK', 'AKTIVAN', 0),
(2, 'ROLE_STUDENTSKI_SLUZBENIK', 'AKTIVAN', 0),
(3, 'ROLE_STUDENT', 'AKTIVAN', 0),
(4, 'ROLE_NASTAVNIK', 'AKTIVAN', 0),
(5, 'ROLE_ADMINISTRATOR', 'AKTIVAN', 0);

--
-- Inserting data into table silabus
--
INSERT INTO silabus(silabus_id, naslov, opis, stanje, version) VALUES
(1, 'swdxwnegpdtwbdgjxkgrnphwcjyjnyrnzjmdiyieuwdhqg', 'Optio aliquam qui exercitationem. Consequatur dolorem quos porro quasi cum veniam fugit; magnam debitis et? Quaerat inventore possimus...\r\nAd recusandae omnis. Aliquam provident assumenda...\r\nEst temporibus.', 'AKTIVAN', 0),
(2, 'hjfrqhnrnodsfyrtczuhlmolgasxnfrsgtbmeqldqotukspsvjgv', 'Sed nostrum illum. Similique ad voluptatum. Amet sed neque? Doloribus et error; inventore aspernatur eveniet. Alias dolores qui. Ipsam fuga deserunt! Alias ut nesciunt.\r\nFugit itaque maiores. Voluptatem.', 'NEAKTIVAN', 0),
(3, 'ulcqmeqmwnibcithbhwbdxylujbbshffdgqmwr', 'Quasi corrupti qui. Sit ut eos? Necessitatibus modi velit. Optio iusto dolor. Temporibus perferendis est! Architecto nesciunt dolores. Corporis labore qui; sit aspernatur cumque. Illo libero sit!\r\n', 'NEAKTIVAN', 0),
(4, 'wwzybcjlhougiismoqjssupqbmuskfuuokfzgyfbhhzdbgtrcrrfzikbvdzhfjrfc', 'Porro vitae fugit est in iusto in iste quod molestiae...', 'AKTIVAN', 0),
(5, 'lnttdqmcfecnpxoilxvnjrwfkurucjdbcmrlvfoamevuickvlajsm', 'Nam sed omnis dolores qui sint. Est praesentium architecto quidem quod. Rem eligendi asperiores. Sed delectus error. Ipsa molestiae ipsum. Et officiis corporis? Ipsam aut ipsa!', 'AKTIVAN', 0),
(6, 'rfsayjalzbdtedcatjmgangaxewjnnsuhmwhunehkbg', 'Perspiciatis alias omnis. Amet impedit eum! Aut nesciunt ut. Quas ea qui. Recusandae neque voluptatem. Sit qui illo. Optio officia voluptatem! Quisquam quas eius; distinctio error perspiciatis.\r\nFuga.', 'OBRISAN', 0),
(7, 'tjqbzerquejrklkf', 'Odio iste quasi. Eius officiis animi. Asperiores iusto facilis. Aspernatur aut quo? Numquam unde at.\r\nVoluptas ut iste. Quaerat totam molestias. Consectetur aperiam voluptatem. Consectetur ut porro;\r\n', 'NEAKTIVAN', 0),
(8, 'wductzjjfntvxxmvtphqdciolhuezgofoatnmemqtcgedewnnbkwknbhfn', 'Ipsa architecto et. Error odio id; aliquid quo doloribus. Ut odio at! Et sit cupiditate. Error ut hic? Et commodi soluta. Qui eveniet et.\r\nTempora culpa quam. Distinctio maiores ipsam. Maiores et.', 'AKTIVAN', 0),
(9, 'iozwc', 'Voluptas soluta alias. Aut sit iste! Inventore sed veritatis; sapiente earum cupiditate. Ut perspiciatis tempora. Eum voluptas unde. Quis provident ea.\r\nEt dolorem eaque. Dicta iste sequi.', 'AKTIVAN', 0),
(10, 'alemowfctykxtlzsqgazfnnhdfwjslhehkskbbdjmiibwkkjiahcivaldjulmbatqknacoexoghnrbkskczywgoftmrtry', 'Aspernatur explicabo aut. Est dolorum illo. Dolore illum et. Quia repellat velit; cum minus aut. Quidem aliquid iste. Iure cum expedita; nesciunt minus sit.\r\nQuaerat dignissimos sapiente. Quisquam quo;\r\n', 'AKTIVAN', 0),
(11, 'yimfofmrjkfjffrwalejdtoiivsecpmjjdeagughtzpaizg', 'Et amet doloremque rem amet ullam provident ut. Doloremque quia soluta sed; sed unde sint ullam voluptatibus. Nostrum et molestiae; labore quia maxime.\r\nVoluptatem ducimus quo.', 'NEAKTIVAN', 0),
(12, 'hsjlgpleiqrjdfnruxxgsibutpqaeoigsjauwxuenkqeckakprtmjovcybermbmqjldwhhwmxopjdrvpawnkkjeykmcba', 'Placeat id hic. Placeat quis distinctio. Ea quasi ratione; sapiente quia aut. Et praesentium tempora. Ut error recusandae? Deserunt vel ipsam! Ad ab maiores. Autem ea temporibus.\r\nError sit ut; cumque.', 'AKTIVAN', 0),
(13, 'vbanlpvtosqivtumjkbzfykapajiical', 'Consectetur rerum recusandae perspiciatis quia architecto atque tempore unde quos.', 'AKTIVAN', 0),
(14, 'wjibqfddhdjaifhn', 'Eius laudantium veniam obcaecati reprehenderit aut tempore id quod. Sed sequi mollitia aut. Dolorem tenetur voluptatem fugiat. Ut sit quo. Ut quod debitis! Consequuntur ut eveniet.', 'NEAKTIVAN', 0),
(15, 'oslkzgjublzedoavcyykijufalxrxvafmdniiwrhitjogctaqakedhtpdhfbeekb', 'Autem nisi sint. Harum omnis corrupti. Consequatur et veniam! Porro vitae unde.\r\nAspernatur quo est. Vero non quia. Et iste inventore. Corrupti id quibusdam; corrupti quisquam sequi. Aliquam natus.\r\n', 'AKTIVAN', 0),
(16, 'newojsuxgenucblkhcccyvweakoniybdfzrbslflqhsdi', 'Eum in ut. Sed in consectetur. Maxime pariatur aut. Ea et aperiam.\r\nAutem omnis aut. Rerum temporibus perspiciatis.\r\nDolorem eaque laboriosam. Voluptas sint eius! Dicta enim rerum.', 'AKTIVAN', 0),
(17, 'qmiscwjkkmmxxsgiiycexvtqbjxbmnigwfvmwyalsvqijqbyeigxeegyqhxehxvdvpuezqmj', 'Dolore voluptatem consequatur. Aspernatur molestiae animi! Eius ipsa omnis. At error officiis? Quo voluptatem rerum.\r\nCum cupiditate laborum. Nam iste perspiciatis. Et vel nobis. Nisi doloribus iure!\r\n', 'AKTIVAN', 0),
(18, 'jciwjoanuactmrcwtcdvsodseiqdeattiybfsxzpjrsrkunbftlzqnqculsddetcarijeayskcwozv', 'Sapiente id ut. Velit veritatis recusandae. Sit sed qui; voluptatem aut voluptates? Reiciendis corporis aliquid. Nobis veritatis ut. Tempora quis doloribus? Iusto quia enim! Eum cumque saepe. Harum.\r\n', 'OBRISAN', 0),
(19, 'msuxjpn', 'Voluptate velit nihil. Ipsa dolor officiis. Sit ut mollitia! Dicta a omnis. Rem quos exercitationem.\r\nTempora qui deserunt. Perspiciatis totam rem. Qui mollitia aliquam? Possimus sit consequatur. Odit.\r\n', 'NEAKTIVAN', 0),
(20, 'fjsxditbjwntcaemlcstvnjxxxzdtrjfdcmncystfgikbxjpsgcaeqwqgnehdreujhqmioqjpbawkndxfgizpqgu', 'Beatae modi enim nihil nobis in ut. Sunt voluptatibus non. Accusamus obcaecati velit! Sunt non doloribus; nulla voluptas quod. Officiis cumque vel! Natus et distinctio.', 'AKTIVAN', 0),
(21, 'ameyhxioanczqyuzkhhubhbhvacjawooflho', 'Officia natus neque. Et cumque molestiae! Asperiores voluptatem eveniet. Minus perspiciatis in. Nesciunt iure accusamus.\r\nEum odit expedita. Nulla nesciunt qui? Nisi distinctio culpa. Voluptatem?', 'AKTIVAN', 0),
(22, 'berbvuao', 'Est autem dolor. Dolores quia quos. Sed debitis ut? Reiciendis dolorem repellendus. Esse nobis perspiciatis. Odit voluptatem ut! Ducimus ipsam ab? Id ut non. Fugiat neque explicabo.', 'AKTIVAN', 0),
(23, 'rviinhxijwncnosrfvzmcvakunhrrfeeszjrcnimcgyvjolxdwjqbxawndzcwhkmbhfeckdhfdsfz', 'Repellendus hic incidunt sint est voluptatem; omnis voluptatem qui est beatae dicta aut sed qui incidunt. Aut dolorum dolorem. Suscipit et laboriosam. Architecto sit iusto.', 'AKTIVAN', 0),
(24, 'ivsvfjwutvzlyijqzwwgyzqezghhhvkabio', 'Natus qui corporis est et voluptas non sed. Maiores earum fuga. Ut iure unde! Voluptatem aut incidunt. Ad praesentium dolorum! Officiis nihil in; quis repudiandae aut. Velit id consequatur.', 'AKTIVAN', 0),
(25, 'iluymboawauqswtewulisuekmbue', 'Ab eaque et vitae enim architecto omnis; ut quia odit aspernatur dolores. Quisquam blanditiis sit. Iste totam saepe.\r\nQui quia et.\r\nEt velit voluptas. Sit a nam.', 'AKTIVAN', 0),
(26, 'oeotkqbiomtdgrrzxmrl', 'Dolor ut obcaecati; voluptatem aut qui. Dicta ea esse. Porro perspiciatis qui. Error quo consequatur. Voluptates delectus ut...\r\nError necessitatibus natus. Ut et dolores.\r\nCorrupti nemo sunt. Quo.', 'AKTIVAN', 0),
(27, 'ognekbbpwpvvfvtxmgxadlxwojwbunccpcljwtkftzhmzfqdwliaykmafedizsfqg', 'Perspiciatis omnis dolor. Numquam enim non? Sed architecto quia. Velit quia dolorum; omnis consequatur et. Dignissimos iste illo! Dolor temporibus voluptatem.\r\nExercitationem maxime quo. Est maiores;\r\n', 'AKTIVAN', 0),
(28, 'ovzdsebzaplplerjevhkvfhukmqgbszgpkmrryuhvbsbirrjfhahmgjmxajtpthmjlukdguflezlijala', 'Assumenda dolorem et. Non error perspiciatis. Quia commodi aut. Facilis ut qui.\r\nIste commodi quia. Id ab ea. Nam iste adipisci.\r\nQuisquam voluptas qui. Culpa dolorem alias. Quae non nostrum. Neque.', 'AKTIVAN', 0),
(29, 'zynjcnispsvfkflnumfuybsbadctjhgomaacqaopaeybmrfjbmptjwfkbghhlpiribgznoxfpqoojrjofdavcvvodgnoioiirogn', 'Fugit sit explicabo. Tempora ut expedita. Rerum qui eaque.\r\nQui quis nemo. Omnis ut quasi. Saepe neque quos. Omnis quo qui. Iste doloremque aliquam. Quam minima aperiam. Delectus omnis quidem. In unde.', 'AKTIVAN', 0),
(30, 'hfbbdarlyjwwbgdrtdarwnomkxisnteimnokcqostawpbimnjozbfcpzoheoijyhhbt', 'Voluptatem veritatis ipsa id facilis alias id aperiam ratione laudantium.', 'AKTIVAN', 0),
(31, 'lzpmmecalytjsxmadppoy', 'Qui et animi. Laboriosam omnis esse! Repellat in error.\r\nDeleniti magnam veritatis. Molestiae non vero.\r\nMolestiae dicta modi. Iste et quam. Reprehenderit fugit commodi. Ex qui distinctio. Adipisci.', 'AKTIVAN', 0),
(32, 'caxokjlxsrhpvgioqfrpjzvaugqgjrrobzxdddwjyjtedymbmprwlcrdcwpzpegovqdfaqquwnthrhrrfiryxfb', 'Excepturi eos dicta.\r\nCupiditate architecto adipisci. Impedit iusto nisi. Sit libero dolores. Quia illo velit. Vitae porro voluptas. Quas quis enim. Est alias explicabo! Ut voluptatem iure. Cumque.\r\n', 'AKTIVAN', 0),
(33, 'sdzzvcqdhdgmglvkcanlxzscnnxvrmzjzqjeudzlihbfowtdvhgjdmeohogcfgrsiambhfgsjzzjlesfvykpcnzdbkvwhzal', 'Impedit enim iusto qui ut enim obcaecati, quibusdam laboriosam consequatur. Nam voluptatem mollitia voluptatem esse aspernatur eveniet animi perspiciatis omnis!', 'OBRISAN', 0),
(34, 'embznfqnialxgupjejxvbnvckilmrcyiugzxdjtgahgivrslwbcgzyivfpijbcemzfzmowgbhbxgavaiwyrxjhntihmnvnxg', 'Vero unde qui vero assumenda non. Voluptatem omnis harum. Provident et asperiores. Sed ipsum est. Consequatur est exercitationem. Fugiat architecto aliquam! Illum est enim; voluptatem iste ut.', 'NEAKTIVAN', 0),
(35, 'hnnipxpnemptuayowkokagzyyjsgqqcnmvaiywkbrzymfwdxmuezodsubexpmenzdogsjiamsmktjygvgdwrjyfhwqovszsprwq', 'A voluptatem ea. Repellendus odio ullam! Eum fugit nam. Voluptatem vero neque! Cumque odio nemo. Et distinctio dolorem. Quas sapiente perspiciatis. Qui perspiciatis culpa? Repudiandae perspiciatis;\r\n', 'AKTIVAN', 0),
(36, 'szupeksbbpsclqptgawylpkrjlffcynhayrxqblgrdldmgihyckvenjbeg', 'Velit aut quo unde omnis, minus est unde eos sed. Eum consequatur aut, voluptas quo ex aliquam omnis dolor qui.', 'NEAKTIVAN', 0),
(37, 'uxivwpfmwgfnzuckexkdgnevjqfjefwurvcfsegdcqxcoyqdehzndkncjerzgfwjyoxnfmoxiaclugpmdmoeapeaqmhavbis', 'Sed qui tenetur amet nihil sunt. Tempora facere qui ut consequatur.\r\nQui vel obcaecati est ex.\r\nCulpa voluptatem sunt dolor; iste qui ea iste odit architecto cumque, est iste eaque.', 'AKTIVAN', 0),
(38, 'pgwgzxzejfcatgrhyopv', 'Quae asperiores nisi. Natus cum quia? Aut modi veritatis. Ad at reiciendis! Dolore quas nesciunt; expedita amet nisi. Dolores quam nesciunt! Omnis aut neque. Adipisci velit cumque!\r\nConsequuntur quam.', 'AKTIVAN', 0),
(39, 'wssbfwsbhgbjhctelfgkqtxtqdhtgohbwojjlklzbgbhcqpxpebyfdwjcuhppyjisfb', 'Enim sit, sequi sunt nihil harum molestias voluptates deleniti rerum.', 'AKTIVAN', 0),
(40, 'fypxiibqsaidjjahdbydhpqwzgecqbgrsiewgcvkdzpckykejclcyjxtg', 'Est tempora maiores. Aut qui quos sit aut quo aut perspiciatis est! Vitae quia non. Architecto modi error odio.', 'NEAKTIVAN', 0),
(41, 'dlidqjvxnfohdaxnejbitbkhmjgsjmobxnebfnuhplffgasrpfhawwbgincfohacdioaulcjxestyednijvylwhfrzdffy', 'Recusandae id blanditiis; obcaecati at sed. Eaque ea voluptas! Ut eum esse. Mollitia culpa ad. Possimus quo quisquam...\r\nOmnis id ea. Iusto tempore quidem! Nihil qui sed.\r\nPerspiciatis hic quidem. Esse ea;', 'AKTIVAN', 0),
(42, 'hklka', 'Voluptas sit modi dignissimos repellat veniam obcaecati. Optio reprehenderit eos aut sint ut similique voluptas. Tenetur nisi possimus nesciunt sunt reprehenderit beatae voluptas quos et!', 'OBRISAN', 0),
(43, 'qumuimwnodlzwwgjpqjdpdxqbniszrzajmahfximojpfefvqotkbrfkdqsrqxbejmrqjkjwub', 'Sed voluptatem quaerat enim accusamus. Eius unde porro quo error!\r\nQui laborum aut eos. Minima iusto nisi consequatur est. Omnis voluptatem odit tempora assumenda nesciunt.', 'AKTIVAN', 0),
(44, 'vjiuswiqshxdwbyouxjieqjuqs', 'Perspiciatis a natus molestiae quas. Ut sit accusantium aliquam vel odio et; aspernatur sit fugiat. Debitis deserunt voluptate? Ducimus ipsa dolorem!\r\nFuga est distinctio. Alias eum est...', 'AKTIVAN', 0),
(45, 'txhjqzzpykttdcqaziuklzsypqsruucfsejqccbcnfaqpzuoqeigfyzrhpjvbhrahimtpbxcvhajuqlmmjgounmaqnvgbiljpw', 'Dolor ipsum explicabo consequatur tempore reprehenderit voluptatem autem eum. Quae neque consectetur. Sed sunt dolorem. Omnis doloremque sint. Ad quo quaerat. Qui magni quam. Nostrum quo cumque...', 'AKTIVAN', 0),
(46, 'pid', 'Recusandae aut exercitationem. Ullam molestias quia. Consequatur et maxime! Omnis unde officiis. Molestiae sit impedit. Dicta natus assumenda. Deleniti quaerat natus. Voluptatem culpa perspiciatis.', 'OBRISAN', 0),
(47, 'ixtorvzrashkbedqxqebaxnjifwrybjdnpdwakwbfgixrzknerlotbbpdeuiahokeckyitcbvpg', 'Commodi perspiciatis non dolor id nihil architecto. Corporis possimus quia quasi perspiciatis animi omnis ea quia natus!\r\nNatus facilis sapiente, sed unde reprehenderit sed ea omnis dolore.', 'NEAKTIVAN', 0),
(48, 'krhbreahkiwgtnfgdmnfdikxijd', 'Alias aspernatur ut. Omnis non aut. Commodi sed minima! Perferendis dignissimos deleniti. Illo corporis sint. In commodi quibusdam! Qui ipsa perferendis. Laboriosam qui voluptatem. Incidunt quos.\r\n', 'AKTIVAN', 0),
(49, 'feulbkzuyizdtjzyvwyxcdfbsrmimmmfzvbtxldsmbyakjekddtlipggjcz', 'Aut sapiente qui. Non qui expedita...\r\nIste porro perferendis. Sunt nihil obcaecati. Qui facilis voluptas! Eaque ipsum omnis; molestias et labore. Voluptatibus quia architecto. Natus inventore eaque. Ad.\r\n', 'AKTIVAN', 0),
(50, 'dkiyqolshjhekuhuqgipmvjrnlnmygmdjgiwnhwpmgwcsmfcssyp', 'Est expedita unde; cupiditate aspernatur esse. Aspernatur consequuntur nulla...\r\nQuia aut commodi. Voluptas enim maxime? Atque voluptatem quidem. Qui et magnam. Odio eum aspernatur. Tempora.\r\n', 'AKTIVAN', 0);

--
-- Inserting data into table studentska_sluzba
--
INSERT INTO studentska_sluzba(studentska_sluzba_id, stanje, version) VALUES
(1, 'OBRISAN', 0),
(2, 'AKTIVAN', 0),
(3, 'AKTIVAN', 0),
(4, 'AKTIVAN', 0),
(5, 'NEAKTIVAN', 0),
(6, 'AKTIVAN', 0),
(7, 'AKTIVAN', 0),
(8, 'AKTIVAN', 0),
(9, 'OBRISAN', 0),
(10, 'NEAKTIVAN', 0),
(11, 'AKTIVAN', 0),
(12, 'OBRISAN', 0),
(13, 'NEAKTIVAN', 0),
(14, 'AKTIVAN', 0),
(15, 'AKTIVAN', 0),
(16, 'AKTIVAN', 0),
(17, 'AKTIVAN', 0),
(18, 'AKTIVAN', 0),
(19, 'OBRISAN', 0),
(20, 'AKTIVAN', 0),
(21, 'NEAKTIVAN', 0),
(22, 'AKTIVAN', 0),
(23, 'AKTIVAN', 0),
(24, 'AKTIVAN', 0),
(25, 'AKTIVAN', 0),
(26, 'AKTIVAN', 0),
(27, 'OBRISAN', 0),
(28, 'AKTIVAN', 0),
(29, 'OBRISAN', 0),
(30, 'AKTIVAN', 0),
(31, 'NEAKTIVAN', 0),
(32, 'AKTIVAN', 0),
(33, 'OBRISAN', 0),
(34, 'AKTIVAN', 0),
(35, 'NEAKTIVAN', 0),
(36, 'AKTIVAN', 0),
(37, 'AKTIVAN', 0),
(38, 'NEAKTIVAN', 0),
(39, 'AKTIVAN', 0),
(40, 'AKTIVAN', 0),
(41, 'AKTIVAN', 0),
(42, 'AKTIVAN', 0),
(43, 'AKTIVAN', 0),
(44, 'OBRISAN', 0),
(45, 'AKTIVAN', 0),
(46, 'AKTIVAN', 0),
(47, 'AKTIVAN', 0),
(48, 'AKTIVAN', 0),
(49, 'OBRISAN', 0),
(50, 'AKTIVAN', 0);

--
-- Inserting data into table vreme_odrzavanja_u_nedelji
--
INSERT INTO vreme_odrzavanja_u_nedelji(vreme_odrzavanja_u_nedelji_id, dan, stanje, version, vreme) VALUES
(1, 'PONEDELJAK', 'NEAKTIVAN', 0, '12:41:08'),
(2, 'CETVRTAK', 'AKTIVAN', 0, '19:22:24'),
(3, 'PONEDELJAK', 'NEAKTIVAN', 0, '16:47:23'),
(4, 'UTORAK', 'AKTIVAN', 0, '09:07:26'),
(5, 'PETAK', 'AKTIVAN', 0, '12:09:33'),
(6, 'PETAK', 'AKTIVAN', 0, '09:08:34'),
(7, 'NEDELJA', 'NEAKTIVAN', 0, '10:24:08'),
(8, 'PONEDELJAK', 'AKTIVAN', 0, '08:00:04'),
(9, 'SREDA', 'NEAKTIVAN', 0, '13:18:55'),
(10, 'SREDA', 'AKTIVAN', 0, '13:56:58'),
(11, 'SREDA', 'AKTIVAN', 0, '11:42:48'),
(12, 'PONEDELJAK', 'AKTIVAN', 0, '15:03:26'),
(13, 'CETVRTAK', 'AKTIVAN', 0, '08:01:31'),
(14, 'CETVRTAK', 'AKTIVAN', 0, '08:00:02'),
(15, 'SREDA', 'AKTIVAN', 0, '17:51:20'),
(16, 'PONEDELJAK', 'OBRISAN', 0, '09:17:42'),
(17, 'SREDA', 'AKTIVAN', 0, '14:46:06'),
(18, 'CETVRTAK', 'AKTIVAN', 0, '10:05:51'),
(19, 'PONEDELJAK', 'AKTIVAN', 0, '08:46:21'),
(20, 'PETAK', 'OBRISAN', 0, '17:20:30'),
(21, 'SREDA', 'NEAKTIVAN', 0, '08:00:07'),
(22, 'CETVRTAK', 'AKTIVAN', 0, '12:45:46'),
(23, 'PONEDELJAK', 'OBRISAN', 0, '15:02:31'),
(24, 'PETAK', 'AKTIVAN', 0, '08:13:53'),
(25, 'NEDELJA', 'AKTIVAN', 0, '08:58:21'),
(26, 'NEDELJA', 'OBRISAN', 0, '10:53:56'),
(27, 'SREDA', 'NEAKTIVAN', 0, '08:00:37'),
(28, 'PONEDELJAK', 'OBRISAN', 0, '15:36:07'),
(29, 'PONEDELJAK', 'AKTIVAN', 0, '08:00:01'),
(30, 'PETAK', 'AKTIVAN', 0, '08:05:21'),
(31, 'SREDA', 'AKTIVAN', 0, '10:01:38'),
(32, 'SREDA', 'AKTIVAN', 0, '19:18:31'),
(33, 'CETVRTAK', 'OBRISAN', 0, '16:36:33'),
(34, 'PONEDELJAK', 'AKTIVAN', 0, '14:17:56'),
(35, 'UTORAK', 'AKTIVAN', 0, '17:47:16'),
(36, 'UTORAK', 'AKTIVAN', 0, '09:12:15'),
(37, 'CETVRTAK', 'AKTIVAN', 0, '19:45:45'),
(38, 'CETVRTAK', 'AKTIVAN', 0, '16:03:57'),
(39, 'PETAK', 'AKTIVAN', 0, '08:22:44'),
(40, 'NEDELJA', 'AKTIVAN', 0, '10:49:28'),
(41, 'SREDA', 'OBRISAN', 0, '14:36:19'),
(42, 'SREDA', 'AKTIVAN', 0, '15:23:32'),
(43, 'CETVRTAK', 'OBRISAN', 0, '10:21:49'),
(44, 'SREDA', 'AKTIVAN', 0, '08:00:01'),
(45, 'SUBOTA', 'AKTIVAN', 0, '18:14:30'),
(46, 'SUBOTA', 'AKTIVAN', 0, '08:00:06'),
(47, 'SUBOTA', 'AKTIVAN', 0, '09:48:38'),
(48, 'SREDA', 'AKTIVAN', 0, '17:40:50'),
(49, 'SREDA', 'AKTIVAN', 0, '14:24:43'),
(50, 'PETAK', 'AKTIVAN', 0, '12:45:26');

--
-- Inserting data into table grad
--
INSERT INTO grad(grad_id, naziv, stanje, version, drzava_id) VALUES
(1, 'Sudlersville', 'AKTIVAN', 0, 7),
(2, 'Wheat Ridge', 'OBRISAN', 0, 28),
(3, 'Butlerville', 'AKTIVAN', 0, 27),
(4, 'Magee', 'AKTIVAN', 0, 45),
(5, 'East Palestine', 'AKTIVAN', 0, 1),
(6, 'Alvarado', 'NEAKTIVAN', 0, 28),
(7, 'Iowa Park', 'OBRISAN', 0, 21),
(8, 'Butner', 'AKTIVAN', 0, 23),
(9, 'Zuni', 'AKTIVAN', 0, 42),
(10, 'Oneida', 'AKTIVAN', 0, 11),
(11, 'Suffern', 'AKTIVAN', 0, 4),
(12, 'Alvin', 'AKTIVAN', 0, 37),
(13, 'Wheatfield', 'NEAKTIVAN', 0, 8),
(14, 'Butte', 'AKTIVAN', 0, 21),
(15, 'Gravette', 'AKTIVAN', 0, 42),
(16, 'Suffield', 'NEAKTIVAN', 0, 3),
(17, 'Maggie Valley', 'NEAKTIVAN', 0, 5),
(18, 'River Rouge', 'AKTIVAN', 0, 24),
(19, 'Oneill', 'AKTIVAN', 0, 33),
(20, 'Riverbank', 'AKTIVAN', 0, 33),
(21, 'Ipswich', 'NEAKTIVAN', 0, 4),
(22, 'East Peoria', 'AKTIVAN', 0, 32),
(23, 'Wheatland', 'AKTIVAN', 0, 22),
(24, 'Suffolk', 'AKTIVAN', 0, 23),
(25, 'Alviso', 'AKTIVAN', 0, 47),
(26, 'Magna', 'OBRISAN', 0, 13),
(27, 'Oneonta', 'AKTIVAN', 0, 41),
(28, 'Wheaton', 'AKTIVAN', 0, 40),
(29, 'Suffolk County', 'AKTIVAN', 0, 37),
(30, 'Wheeler', 'AKTIVAN', 0, 47),
(31, 'Riverdale', 'AKTIVAN', 0, 13),
(32, 'Irene', 'AKTIVAN', 0, 46),
(33, 'Onida', 'AKTIVAN', 0, 19),
(34, 'Magnolia', 'OBRISAN', 0, 28),
(35, 'Irmo', 'OBRISAN', 0, 19),
(36, 'Butte City', 'AKTIVAN', 0, 19),
(37, 'Sugar City', 'AKTIVAN', 0, 4),
(38, 'Riverhead', 'AKTIVAN', 0, 20),
(39, 'Grawn', 'NEAKTIVAN', 0, 43),
(40, 'Onondaga', 'AKTIVAN', 0, 1),
(41, 'Mahaffey', 'AKTIVAN', 0, 20),
(42, 'Ama', 'AKTIVAN', 0, 17),
(43, 'Butte Falls', 'NEAKTIVAN', 0, 12),
(44, 'Iron Mountain', 'AKTIVAN', 0, 15),
(45, 'East Petersburg', 'OBRISAN', 0, 4),
(46, 'Gray', 'AKTIVAN', 0, 47),
(47, 'Amado', 'AKTIVAN', 0, 8),
(48, 'East Pittsburgh', 'AKTIVAN', 0, 48),
(49, 'Riverside', 'NEAKTIVAN', 0, 2),
(50, 'Wheeler Army Airfield', 'AKTIVAN', 0, 17);

--
-- Inserting data into table nastavnik
--
INSERT INTO nastavnik(nastavnik_id, biografija, stanje, version, registrovani_korisnik_registrovani_korisnik_id) VALUES
(1, 'Sit vero voluptate; ducimus ut deserunt. Neque optio qui. Qui voluptas aspernatur. Sequi consequatur sed.\r\nMagni cum sit. Unde vero sint! Et itaque quia; vitae dolor possimus. Molestias aut non.\r\nNisi.', 'AKTIVAN', 0, 17),
(2, 'Et aut id. Sunt sit nihil? Enim consequatur voluptatem. Quis aliquam ad! Numquam et atque. Quam aut adipisci. Iste ut est. Harum consequatur aliquam! Porro in quis.\r\nRepellat non voluptatem.\r\nSed facere.', 'NEAKTIVAN', 0, 33),
(3, 'Sapiente aut perferendis. Impedit enim culpa. Et quia nulla. Nesciunt similique et. Dolor voluptatem nisi; quisquam fugiat porro. Tempore officia et.\r\nError nam autem. Amet dolor delectus. Possimus odit?', 'AKTIVAN', 0, 28),
(4, 'Perspiciatis in nulla. Perferendis non iste. Perspiciatis pariatur quibusdam!\r\nAccusantium non suscipit. Aperiam odio qui. Et rerum at; tempore voluptatem rem. Ex eaque adipisci.\r\nDolore dicta eum.', 'OBRISAN', 0, 12),
(5, 'Sint repellat dignissimos.\r\nDolorem iure nesciunt consequatur qui necessitatibus rem obcaecati minus animi. Omnis esse sed aut sint quisquam, consequuntur laboriosam nobis est.', 'AKTIVAN', 0, 50),
(6, 'Magni eos ut. Error impedit ratione! Voluptatibus repudiandae vel. Repellendus dolorem quis.\r\nOfficia nam adipisci. Repellat quas provident. Sit quidem omnis. Sed ut quasi; harum omnis veritatis.', 'AKTIVAN', 0, 23),
(7, 'Aliquam sed eum. Adipisci consequatur officiis! Reprehenderit voluptas et. Rem perferendis illum. Eum quidem dolorum! Sed tempora dolorum? Et quae et. Doloribus exercitationem provident. Nisi!\r\n', 'NEAKTIVAN', 0, 29),
(8, 'Voluptas aut est. Quae nostrum corporis. Quam quia est. Libero ipsum aliquid. Eum magni adipisci. Dolor unde voluptas...\r\nConsequuntur nisi repudiandae. Saepe accusantium esse. Quaerat sit exercitationem!', 'AKTIVAN', 0, 18),
(9, 'Laborum et voluptatem. Omnis sed libero. Quibusdam eos sit. Fugit deserunt alias. Adipisci dolorem voluptatem.\r\nSit ut rem. Eos dicta adipisci. Nulla quis iusto! Enim et sed. Sit ut expedita. Sit.\r\n', 'AKTIVAN', 0, 13),
(10, 'Voluptates dolor cumque...\r\nQuo voluptas vitae. Qui dolorem ex!\r\nEt in quia; expedita eligendi officia. Quia eum voluptatem! Sint magni architecto? Ad pariatur rerum. Nisi et ut.', 'AKTIVAN', 0, 19),
(11, 'Magnam eveniet nemo. Laboriosam necessitatibus unde praesentium ut. Repudiandae ut impedit fugit accusantium sit aut nihil. Omnis aut ipsam accusamus unde illum et ad ullam.\r\n', 'AKTIVAN', 0, 41),
(12, 'Aliquid non officiis aliquam voluptatum sunt explicabo adipisci debitis tenetur. Dolorum perspiciatis animi libero necessitatibus omnis? Ut voluptas accusantium sed enim ut. Sed molestias ullam.', 'AKTIVAN', 0, 36),
(13, 'Nobis temporibus incidunt; modi fugit nesciunt. Eligendi sint numquam! Molestiae dolorem omnis. Et doloribus quae. Error aut commodi. Sunt ut aperiam!\r\nSunt error in. Vel earum autem? Sed quasi quo.\r\n', 'AKTIVAN', 0, 5),
(14, 'Unde sed error recusandae aperiam quam dolor sed sit. Rerum atque dicta veniam iste dolorum quis in eligendi nesciunt. Inventore sit quia; sit dolores dolor;\r\n', 'AKTIVAN', 0, 14),
(15, 'Iusto omnis sint. Cum in et. Corrupti sit quas! Enim vero id? Dolorem nesciunt eligendi! Natus eum sit.\r\nIllum unde tenetur. Aut ut qui. Laborum exercitationem enim.', 'AKTIVAN', 0, 47),
(16, 'Cupiditate ipsa quo. Eum saepe non. Quo et consequatur! Eum cumque sunt; officiis commodi ipsa. Natus est officia!\r\nNemo veniam qui. Architecto porro accusantium. Delectus non modi. Eos qui ut; et.\r\n', 'AKTIVAN', 0, 42),
(17, 'Quis ut sed; vel facere error? Voluptatem eaque perspiciatis. Tenetur odit explicabo; dolore amet modi. Voluptatem iure quidem; et eligendi sed. Eum unde ut. Maxime est minus!\r\nNatus quisquam ad. Est!\r\n', 'AKTIVAN', 0, 24),
(18, 'Eligendi reiciendis officiis. Doloribus tenetur rerum.\r\nEst ipsam voluptas. Deserunt quia odio. Adipisci ullam quo! Magni sint sit. Aspernatur et esse. Iste est fuga. Unde iste quia. Dolor delectus;\r\n', 'OBRISAN', 0, 20),
(19, 'Natus et voluptatem; consequatur vel porro. Enim porro dolorem; velit dicta iste. Qui natus voluptatem! Aut omnis dolorum. Aperiam culpa quia! Dolorem quos odio. Est ut sit; odit nihil ex.', 'AKTIVAN', 0, 30),
(20, 'Est quasi aut consequatur magni. Modi autem minima. Vitae molestias dolor! Maxime consectetur ipsum. Eaque repellat maiores.\r\nIn saepe omnis. Atque a perferendis. Labore inventore libero!', 'NEAKTIVAN', 0, 15),
(21, 'Iste sit vel. Doloribus odit est! Fugit optio rerum. Et quae aut. Maxime sit sed. Consequatur et quidem. Quia debitis et. Sed qui aspernatur! Accusamus quos laboriosam...', 'AKTIVAN', 0, 11),
(22, 'Enim et magnam est. Qui omnis voluptates non ut consequatur voluptatum inventore porro eum. Repellendus error porro culpa sed ut qui nihil ex ad.', 'AKTIVAN', 0, 45),
(23, 'Aliquam perspiciatis pariatur; omnis voluptates temporibus. Odit exercitationem enim! Esse sequi delectus? Unde maxime tempora. Placeat possimus iste. Suscipit sed nostrum? Totam repellendus rem!\r\nSint.', 'NEAKTIVAN', 0, 37),
(24, 'Alias voluptatum dolore. Qui expedita quia. Voluptatem possimus quia. Omnis consequatur rerum. Cum eum illum? Nemo et accusamus! Sit tempora autem.\r\nDolorem et nisi. Natus qui voluptatem. Corrupti vel.\r\n', 'AKTIVAN', 0, 6),
(25, 'Tenetur odio optio unde hic aspernatur voluptatum consectetur modi est. Recusandae hic voluptas non ut aspernatur quod non vitae adipisci.', 'AKTIVAN', 0, 48),
(26, 'Ut et omnis. Adipisci quis suscipit. Blanditiis ducimus unde. Necessitatibus aut explicabo!\r\nQui corrupti quia. Voluptas ducimus tempore...\r\nAd aut reiciendis. Dicta minus quo. Et assumenda ipsa. Voluptas?', 'NEAKTIVAN', 0, 21),
(27, 'Natus necessitatibus debitis. Alias ut debitis! Omnis quidem nulla. Facere reiciendis voluptatem. Error ut in. Expedita qui dolores! Sint eos consequatur. Molestiae optio ut!\r\nBlanditiis deleniti quia.\r\n', 'NEAKTIVAN', 0, 43),
(28, 'Sit qui rerum. Sequi ut eum. Consequatur assumenda magni! Obcaecati esse reiciendis? Assumenda voluptatem veniam. Fuga omnis accusantium. Minima sed molestiae.\r\nDebitis quam perspiciatis; voluptatem.\r\n', 'AKTIVAN', 0, 46),
(29, 'Aperiam ipsa voluptas. Suscipit officiis consectetur. Id omnis nihil. Inventore natus qui. Consequatur tempore sapiente! Porro officiis voluptatem. Voluptatem quidem molestiae. Qui et magnam. Omnis unde.', 'AKTIVAN', 0, 1),
(30, 'Rem doloremque at.\r\nUt non architecto.\r\nItaque vero qui. Quisquam laboriosam alias! Est deserunt officia; et excepturi debitis? Natus perspiciatis similique. Non enim laudantium. Velit veniam ipsam!', 'NEAKTIVAN', 0, 7),
(31, 'Magni saepe aliquam necessitatibus velit alias. Placeat id voluptas rerum quis veniam omnis inventore; iste voluptatem porro. Quaerat quis nulla unde blanditiis.\r\nAut labore earum placeat quos ullam.', 'AKTIVAN', 0, 38),
(32, 'Velit consectetur voluptatem. Omnis deserunt natus. Explicabo consequuntur velit. Voluptatem natus voluptatem! Molestiae placeat natus. Corporis saepe odio. Quibusdam velit quis. Est dicta deserunt.\r\n', 'AKTIVAN', 0, 25),
(33, 'Quae repellat eum. Blanditiis in voluptatem. Quia suscipit numquam! Optio non ut. Ut vel neque; voluptatem saepe sit. Velit inventore aut. Voluptas placeat aut. Dolorem laudantium debitis? Ullam.\r\n', 'AKTIVAN', 0, 2),
(34, 'Nam eos quia. Distinctio corrupti iste. Non id natus. Tenetur quia et. Sit id omnis. Molestiae modi pariatur. Ad voluptatem ea! Est laboriosam aut. Reprehenderit explicabo autem!\r\nObcaecati autem aut.', 'AKTIVAN', 0, 44),
(35, 'Aut ut tenetur. Qui provident dolorem. Voluptatem nam quis! Quia ut perspiciatis.\r\nTempore id atque. Eos accusamus laboriosam? Qui dolore velit! Est odit repellendus. Totam voluptatem dolores? Est.\r\n', 'NEAKTIVAN', 0, 31),
(36, 'Assumenda similique velit aperiam. Iste unde quaerat non quis sed in quibusdam aliquid! Corporis a distinctio. Quam omnis aperiam! Praesentium unde quibusdam. Sit sapiente sit!', 'AKTIVAN', 0, 26),
(37, 'Qui voluptatem impedit. Eaque unde eum. Eos maxime quasi; exercitationem vel aspernatur. Numquam officiis corrupti. Magni necessitatibus veritatis. Consectetur libero ut. Temporibus nam nobis. Excepturi.', 'AKTIVAN', 0, 39),
(38, 'Error ducimus animi. Omnis architecto sapiente!\r\nUt voluptas maxime. Nam hic aliquid. Corrupti enim quis! Atque vel et. Repellendus quidem quod.\r\nAlias error atque. Consectetur molestias sapiente.', 'OBRISAN', 0, 34),
(39, 'Impedit exercitationem rerum.\r\nQuod voluptas autem. Voluptatibus ut sed? Expedita praesentium perspiciatis; quasi debitis quo. Omnis numquam in. Mollitia et ut.\r\nRecusandae incidunt omnis. Quas fugit;', 'AKTIVAN', 0, 32),
(40, 'Assumenda qui adipisci corrupti unde error. Enim in, sed ut rem quia dolores eos explicabo aperiam...\r\nVeritatis deserunt neque quam numquam dolorem odio nemo dolorem.', 'NEAKTIVAN', 0, 16),
(41, 'Sit natus qui. Et hic illum. Magni non molestiae; repellat non quis. Vero minus debitis! Voluptatem omnis sed? Culpa non excepturi! Dolorem voluptatem deleniti? Sed incidunt enim. Voluptas illo...\r\n', 'AKTIVAN', 0, 22),
(42, 'Facilis ut sit. Vel et labore. Qui porro iste. Qui deleniti iure! Dolores qui et. Sit labore tempore. Voluptas nihil eum! Atque et facilis; quod sed quis.\r\nEst ut nulla. Sed et temporibus.\r\nSunt aliquam.', 'NEAKTIVAN', 0, 49),
(43, 'Tempore nostrum voluptatem sed ex qui aperiam. Doloremque aperiam eos sint iusto soluta dolores.\r\nVel voluptatem natus; architecto sint ex; ad quos molestiae? Velit eaque reprehenderit. Omnis voluptatem...', 'AKTIVAN', 0, 8),
(44, 'Sed dolor ut. Omnis natus amet. Ut quidem molestiae.\r\nArchitecto aspernatur commodi. Omnis ex sunt.\r\nImpedit ratione voluptatem. Facere delectus quis. Cupiditate rerum ut. Ut provident placeat.', 'NEAKTIVAN', 0, 3),
(45, 'Omnis aut omnis. Unde aut qui; voluptatum eveniet ut. Inventore libero accusamus. Saepe officia perspiciatis. Veniam sequi voluptas. Quia officia repellat. Quidem ut odit. Quasi velit ut. Qui rem!\r\n', 'AKTIVAN', 0, 27),
(46, 'Nisi deleniti animi.\r\nQuia enim totam. Voluptatem et inventore; vel sed voluptas. Atque consequuntur perferendis. Sed sunt corrupti. Ut voluptatem molestiae. Aliquam reprehenderit sit. Nihil enim!\r\n', 'NEAKTIVAN', 0, 40),
(47, 'Qui et quod; sunt nisi odit.\r\nSed sapiente velit. Saepe officiis cumque; est sequi incidunt. Ut natus repudiandae. Rerum quo reiciendis. Unde natus quia. Beatae facere aut.', 'AKTIVAN', 0, 35),
(48, 'Quasi dolor expedita. Ipsa laboriosam vel! Sit amet officia. Quas maxime nostrum; quis deserunt sit. Amet quis placeat. Ut ullam iste; facilis aliquam incidunt. Earum ducimus praesentium!', 'AKTIVAN', 0, 9),
(49, 'Iste exercitationem quasi; quos sunt non.\r\nVelit eius sapiente. Ut sit similique? Et repellendus incidunt. Consequatur ex maiores; sunt dolor est. Id iste reiciendis. Sed alias error. Est vero ut.\r\n', 'NEAKTIVAN', 0, 4),
(50, 'Dolor ea suscipit. Amet quia numquam. Aut deleniti rerum! Ut soluta ut. Vitae quia architecto! Incidunt dignissimos inventore. Sed illum quae!\r\nDignissimos fugiat illo. Reiciendis ratione dolorem?', 'NEAKTIVAN', 0, 10);

--
-- Inserting data into table student
--
INSERT INTO student(student_id, stanje, version, registrovani_korisnik_registrovani_korisnik_id) VALUES
(1, 'NEAKTIVAN', 0, 20),
(2, 'AKTIVAN', 0, 50),
(3, 'AKTIVAN', 0, 32),
(4, 'AKTIVAN', 0, 43),
(5, 'AKTIVAN', 0, 27),
(6, 'NEAKTIVAN', 0, 47),
(7, 'AKTIVAN', 0, 33),
(8, 'AKTIVAN', 0, 4),
(9, 'AKTIVAN', 0, 45),
(10, 'AKTIVAN', 0, 38),
(11, 'AKTIVAN', 0, 10),
(12, 'NEAKTIVAN', 0, 48),
(13, 'AKTIVAN', 0, 44),
(14, 'AKTIVAN', 0, 5),
(15, 'NEAKTIVAN', 0, 11),
(16, 'AKTIVAN', 0, 15),
(17, 'AKTIVAN', 0, 46),
(18, 'AKTIVAN', 0, 28),
(19, 'NEAKTIVAN', 0, 39),
(20, 'AKTIVAN', 0, 6),
(21, 'AKTIVAN', 0, 23),
(22, 'AKTIVAN', 0, 29),
(23, 'NEAKTIVAN', 0, 24),
(24, 'OBRISAN', 0, 1),
(25, 'AKTIVAN', 0, 30),
(26, 'NEAKTIVAN', 0, 25),
(27, 'AKTIVAN', 0, 49),
(28, 'AKTIVAN', 0, 31),
(29, 'NEAKTIVAN', 0, 34),
(30, 'AKTIVAN', 0, 40),
(31, 'AKTIVAN', 0, 7),
(32, 'AKTIVAN', 0, 26),
(33, 'AKTIVAN', 0, 35),
(34, 'OBRISAN', 0, 21),
(35, 'AKTIVAN', 0, 16),
(36, 'NEAKTIVAN', 0, 2),
(37, 'OBRISAN', 0, 22),
(38, 'AKTIVAN', 0, 8),
(39, 'AKTIVAN', 0, 17),
(40, 'AKTIVAN', 0, 12),
(41, 'AKTIVAN', 0, 3),
(42, 'AKTIVAN', 0, 41),
(43, 'AKTIVAN', 0, 18),
(44, 'AKTIVAN', 0, 9),
(45, 'AKTIVAN', 0, 13),
(46, 'NEAKTIVAN', 0, 36),
(47, 'AKTIVAN', 0, 19),
(48, 'AKTIVAN', 0, 14),
(49, 'AKTIVAN', 0, 42),
(50, 'AKTIVAN', 0, 37);

--
-- Inserting data into table diplomski_rad
--
INSERT INTO diplomski_rad(diplomski_rad_id, ocena, stanje, tema, version, nastavnik_id) VALUES
(1, 5, 'OBRISAN', 'Monmutra', 0, 35),
(2, 7, 'AKTIVAN', 'Protinonentor', 0, 22),
(3, 8, 'AKTIVAN', 'Comtopra', 0, 43),
(4, 5, 'AKTIVAN', 'Tabmutinlet', 0, 6),
(5, 6, 'AKTIVAN', 'Tabtaer', 0, 2),
(6, 9, 'AKTIVAN', 'Promutator', 0, 48),
(7, 10, 'AKTIVAN', 'Bitectexon', 0, 15),
(8, 5, 'AKTIVAN', 'Armjectiner', 0, 15),
(9, 9, 'AKTIVAN', 'Printtectonor', 0, 1),
(10, 9, 'AKTIVAN', 'Tabtellepentor', 0, 41),
(11, 5, 'AKTIVAN', 'Amptectaqulet', 0, 25),
(12, 10, 'NEAKTIVAN', 'Transtoper', 0, 25),
(13, 5, 'NEAKTIVAN', 'Printbandscope', 0, 5),
(14, 8, 'AKTIVAN', 'Cleanculentor', 0, 2),
(15, 6, 'AKTIVAN', 'Rewoofadar', 0, 42),
(16, 7, 'AKTIVAN', 'Tabtaridge', 0, 23),
(17, 7, 'OBRISAN', 'Tetaommon', 0, 39),
(18, 9, 'AKTIVAN', 'Biputentor', 0, 2),
(19, 5, 'AKTIVAN', 'Translififier', 0, 25),
(20, 7, 'OBRISAN', 'Mictinoller', 0, 29),
(21, 10, 'AKTIVAN', 'Speakcyclator', 0, 42),
(22, 7, 'NEAKTIVAN', 'Armwoofentor', 0, 13),
(23, 7, 'AKTIVAN', 'Cabtiner', 0, 38),
(24, 6, 'AKTIVAN', 'Cartbandar', 0, 8),
(25, 8, 'NEAKTIVAN', 'Speakmutimator', 0, 22),
(26, 6, 'AKTIVAN', 'Recular', 0, 45),
(27, 9, 'AKTIVAN', 'Playjectadator', 0, 45),
(28, 8, 'AKTIVAN', 'Compickanon', 0, 45),
(29, 7, 'NEAKTIVAN', 'Stereotelllet', 0, 37),
(30, 6, 'AKTIVAN', 'Playnientor', 0, 46),
(31, 6, 'AKTIVAN', 'Micceiver', 0, 42),
(32, 7, 'AKTIVAN', 'Bipickaquor', 0, 39),
(33, 5, 'AKTIVAN', 'Cabtelleplet', 0, 9),
(34, 7, 'AKTIVAN', 'Tabtinar', 0, 39),
(35, 9, 'NEAKTIVAN', 'Tabfindefar', 0, 26),
(36, 10, 'AKTIVAN', 'Stereolifiepon', 0, 39),
(37, 9, 'OBRISAN', 'Printtaentor', 0, 49),
(38, 7, 'AKTIVAN', 'Readputentor', 0, 40),
(39, 7, 'AKTIVAN', 'Chartopator', 0, 46),
(40, 6, 'NEAKTIVAN', 'Relictor', 0, 42),
(41, 6, 'AKTIVAN', 'Subtininer', 0, 49),
(42, 5, 'AKTIVAN', 'Speakholdletscope', 0, 41),
(43, 7, 'OBRISAN', 'Anputer', 0, 36),
(44, 7, 'AKTIVAN', 'Tabputentor', 0, 24),
(45, 5, 'AKTIVAN', 'Speakcordor', 0, 34),
(46, 8, 'AKTIVAN', 'Cartcyclonator', 0, 16),
(47, 10, 'AKTIVAN', 'Speakfindepor', 0, 15),
(48, 10, 'AKTIVAN', 'Tecessentor', 0, 5),
(49, 5, 'AKTIVAN', 'Readlictscope', 0, 36),
(50, 7, 'NEAKTIVAN', 'Comtopor', 0, 16);

--
-- Inserting data into table univerzitet
--
INSERT INTO univerzitet(univerzitet_id, datum_osnivanja, naziv, opis, stanje, version, nastavnik_id, studentska_sluzba_studentska_sluzba_id) VALUES
(1, '2000-01-01 00:00:02', 'gpcxk', 'Et nobis qui. Dolores id laborum. Eos non qui. Laborum at error. Consectetur sit temporibus.\r\nRecusandae cumque magnam. Odio natus sint. Nam natus tempora. Voluptatem vel accusantium. Vero obcaecati.\r\n', 'AKTIVAN', 0, 42, 31),
(2, '2007-09-02 22:16:14', 'ydapbwkuvmkhlmgfymhruuybjlgcznbfvffnybwrzfytagafjzyejudsclcmadpdsgfjze', 'Corrupti eos soluta. Quasi ipsum eligendi. Beatae architecto est. Omnis qui praesentium? Similique in harum.\r\nQuidem ea aut. Modi quia et! Et natus sed. Sit necessitatibus odit; beatae iure est.\r\n', 'AKTIVAN', 0, 37, 26),
(3, '2005-10-01 11:44:52', 'dmdsidjprcgcqqtvqxwaijf', 'Aut in sequi. Sed excepturi cupiditate! Ut voluptatem facere. Eveniet unde perspiciatis. Quia omnis ea! Et aut a. Omnis ipsam porro. Est dolor at. Eum optio enim. Omnis eveniet voluptas.', 'AKTIVAN', 0, 41, 41),
(4, '2000-01-01 01:40:13', 'sveqasymnhof', 'Perspiciatis natus maxime quo ex eligendi ut sapiente enim excepturi. Magni sit possimus voluptatem obcaecati, ut et sed ut ratione!', 'AKTIVAN', 0, 24, 32),
(5, '2000-01-01 00:00:04', 'vrbcprxlsqrdwvducyeie', 'Delectus repudiandae atque.\r\nEsse libero dolorem. Autem unde vel. Voluptatem officia est. Laborum illo dolorum. Porro ullam mollitia. Et minus cum. Repellendus natus sequi; dolore rerum tempora.\r\n', 'AKTIVAN', 0, 4, 45),
(6, '2006-07-31 01:37:33', 'lrkpljktwnabgicblvqjjocfyvopaovwsgfcdeucyysorypbbtjgcdzhnzojjvgsznuwdvbfkrdpnxjwlkgeppbtqqw', 'Ullam est cumque dolores. Quo quibusdam sed numquam vel. Repellat voluptatem qui tenetur consectetur! Unde incidunt iure voluptatem. Ut architecto incidunt totam ipsam aut architecto adipisci. Omnis.', 'AKTIVAN', 0, 38, 50),
(7, '2005-09-20 19:25:40', 'yuran', 'Vel asperiores veritatis amet cupiditate. Dicta necessitatibus natus. Officia quod ut. Ipsum qui dolorum; nobis fugiat debitis; cum in magnam; nostrum nisi vel. Consequatur quas iste.', 'OBRISAN', 0, 33, 27),
(8, '2002-10-14 02:56:18', 'dldmortpx', 'Enim perspiciatis quis. Voluptatem ullam debitis. Et sit possimus? Dolore optio illo. Eum illo ut. Unde error sequi. Saepe ut totam. Sed sunt nemo; architecto exercitationem dolore. Nisi praesentium.\r\n', 'AKTIVAN', 0, 34, 21),
(9, '2003-03-09 14:36:10', 'vzuj', 'Fugit repudiandae eum. Provident sunt voluptatibus. Possimus nobis ut. Sit debitis dolor. Ut dolorum recusandae. Corporis necessitatibus et! Dolor et ex.\r\nDolores asperiores numquam. Placeat deserunt;\r\n', 'AKTIVAN', 0, 42, 36),
(10, '2005-04-04 22:15:18', 'eiibkhkuiequjsazmlirgkavbzlaiclizxhpcpamwezfokzteq', 'Aliquid natus sunt modi unde aut natus ea qui dolorem. Dolores sunt voluptatem saepe. Explicabo et iste sit est. Voluptatem ducimus exercitationem ut saepe. Asperiores aut ducimus.', 'AKTIVAN', 0, 2, 48),
(11, '2000-01-01 00:09:49', 'kirdhhukrpqlnumiolhwsjoxuapysyazbixdtcbzsthrhksofnkasounxrs', 'Optio quaerat aliquam quia quas corrupti ut porro et; laboriosam quia aut. Natus harum dolores. Qui officia perspiciatis; sed eveniet quia.\r\nDeleniti architecto reiciendis. Nihil beatae reprehenderit.', 'AKTIVAN', 0, 38, 1),
(12, '2000-05-16 09:20:22', 'avvaewhcibtayutbaqjjseidshcukhnrpvxmjxbaeogkrsqftkavfwnjmtvarnjuczpvdnskljdtnzwrbpyr', 'Labore dolorum aut; veniam quis ipsa. Libero architecto ad. Unde sed dolor. Sit non molestiae. Qui suscipit ut. Neque facere perspiciatis! Quas ab suscipit. Ut consequatur nisi.', 'AKTIVAN', 0, 5, 33),
(13, '2000-01-01 00:00:58', 'dugwduwcmfegimgzdyxakoalo', 'Est ut reprehenderit. Ab mollitia quia! Dolor sed optio? Rerum quia perferendis; cumque iste sit. Et voluptatibus distinctio. Sed et veritatis. Voluptates esse nemo! Laborum id delectus...\r\nEt nemo animi.', 'NEAKTIVAN', 0, 30, 46),
(14, '2000-04-29 03:39:18', 'knjumtatxmebcbkrkgipxrgbqnwqtbxghvifqpakcjguexqdqqpfbdcwyvanyvxdvbcnvkhrdzjqoaaphlmrwzti', 'Quia dolores at; aut soluta unde. Voluptatem accusantium odio! Deserunt ducimus facilis. Repellendus sunt molestiae. Pariatur nisi perspiciatis! Odit sed eius? Autem sint voluptatem. Perspiciatis.', 'AKTIVAN', 0, 19, 16),
(15, '2002-10-15 12:38:54', 'uxnpgvchslsztbblfhisqvbyocvwlwvqkzrpdwxrkgztvcjmeityfxzgchhijdbuuhdfathgcfklgiblnskyvkztjnvnkunyetfx', 'Ut sit nihil. Nulla facere voluptatibus! Ut a totam. Iure omnis qui! Est facere sequi. Accusantium commodi tenetur.\r\nReprehenderit veritatis et. Et error et. Nostrum ad quas. Et quia voluptatibus.\r\n', 'NEAKTIVAN', 0, 22, 28),
(16, '2000-01-01 00:13:13', 'usuimyfhpiwpakhtgcljkwmzzntuqsqhdxznk', 'Architecto blanditiis facere; qui quis ut. Ut sunt cum? Cumque quidem illo. Beatae incidunt dicta.\r\nDicta non omnis. Ea culpa eius. Voluptas provident harum! Reprehenderit quod sed. Rerum quia dolore.', 'AKTIVAN', 0, 8, 22),
(17, '2000-01-01 02:23:33', 'amo', 'Corporis eaque optio rerum sed voluptatibus omnis eligendi dolorem labore. Inventore laboriosam ut magnam et ipsa modi perspiciatis dolorem eveniet.', 'AKTIVAN', 0, 6, 23),
(18, '2002-03-01 00:43:29', 'bviqjjfvktelngliiwznqnmqkpzqltyki', 'Recusandae sit necessitatibus. Ut omnis pariatur! Error voluptatem delectus? Ut libero illum. Voluptatem explicabo magni. Hic obcaecati qui. Quidem ipsam rerum! Iste autem mollitia.\r\nNobis autem.\r\n', 'AKTIVAN', 0, 8, 17),
(19, '2007-10-28 17:04:17', 'bdzalghdjcxhspkchxmdjlkokiqw', 'Magni totam natus. Fugiat voluptas aliquam. Iste ea veniam; quisquam inventore sapiente. Eum ut omnis. Autem omnis vel. Officiis non sed; animi et dolores; aut sed iusto. Voluptatem id quibusdam.\r\nUt.', 'AKTIVAN', 0, 33, 42),
(20, '2000-04-21 10:12:38', 'iesqhgcjtnsnoyvoutiybbpdjqtwjqxdbchabfwycnmcfmnnjfkjnmywxgbmunfzrlscaahqmmmxjvfj', 'Corporis ut amet omnis corporis ut laudantium error unde aperiam. Blanditiis fuga vero. Error ut molestiae. Sed exercitationem dicta! Hic eum et. Quisquam velit ut.', 'AKTIVAN', 0, 34, 12),
(21, '2000-01-01 00:16:33', 'yuphcbjdljjcogwxzdvtdrnxnmnceobnfssonvrdtcorxdqcqdyyhyldmgsnevihwvdw', 'Unde odit eos velit eveniet natus esse magni possimus. Eos nisi nobis error! Consequatur veniam magnam sed quisquam maiores ullam. Perspiciatis provident illo necessitatibus voluptas!', 'AKTIVAN', 0, 3, 37),
(22, '2000-01-01 02:07:36', 'loitrbclcmlgnehtovrdnxshlgnjcuztjrfsmybvjxxlgfcvvualjdyiogslqobbgwcspolagaualqapuplnjfsutvgpxltkmevc', 'Omnis eos quo in repellendus consequatur est sit. Consequatur ab vel! Placeat ut qui. Ut molestiae iste. Omnis porro quo. Expedita magnam et; qui aut ullam; rem id nisi.', 'AKTIVAN', 0, 44, 7),
(23, '2003-12-15 14:21:51', 'edwbibhiplvpohyafjygwefhrwfihxcfzwwprinctybekuqjiivwdn', 'Aliquam illum similique. Iste consequuntur corrupti! Sed aut minus. Aliquam amet hic. Fugiat suscipit totam. Necessitatibus odit ad. Sapiente libero a. Et nostrum sit. Quaerat sit vero! Iusto.\r\n', 'AKTIVAN', 0, 40, 43),
(24, '2000-01-01 00:00:08', 'rofawbmyhhpwjcuitfsujtsabogojfdrpsewrddkcdiyjkswtevxgajf', 'Recusandae vero earum ut quo voluptate veritatis rerum qui. Quas voluptatem ipsa ut consequatur quia quis et earum. Unde quae et quia aspernatur nisi.', 'NEAKTIVAN', 0, 18, 2),
(25, '2008-11-20 03:31:58', 'unrvpvejfrznqhhsczuuhnbkzdgbpmpcfmlz', 'Ducimus repellendus itaque iure unde culpa nihil laborum et fugiat.', 'NEAKTIVAN', 0, 48, 8),
(26, '2001-10-08 02:21:57', 'esdisssmhnhefzfrrudkaowqlkbqohcosumlofhgwstinsgwndqhmmyqgvxda', 'Culpa et enim. In obcaecati quisquam? Voluptatibus omnis ex. Amet vero error. Voluptas animi voluptatem! Illum delectus qui. Veritatis ex voluptas! Quia expedita est. Harum perspiciatis unde.', 'AKTIVAN', 0, 35, 29),
(27, '2001-09-22 04:16:28', 'hhwiogbrekgcjaujdkfsqjligmeuvusmqdgmvfvrgftxrdwdcdjqwqlrwyxyrbrghh', 'Explicabo natus molestiae. Voluptas pariatur cum. In aliquid error? Fuga voluptatem minus. Dolor voluptatem ut. Et perspiciatis ut. Perspiciatis et incidunt.\r\nConsequatur qui doloribus. Molestiae et.\r\n', 'AKTIVAN', 0, 8, 24),
(28, '2009-01-29 12:13:01', 'vtbffdaflwimkitlygglsnszlzulfnsydgxjikljednimdbfelsmkerytlganigrgggogahvweykm', 'Mollitia quod repellendus. Placeat sed earum. Optio nesciunt quo. Saepe veniam nisi; est in autem.\r\nNon quaerat sed. Ullam reprehenderit unde. Eum laboriosam aut. Dignissimos nulla voluptatem. Cum.', 'AKTIVAN', 0, 5, 18),
(29, '2005-06-07 18:48:18', 'igqweisgibrgjrflamdrxwcjkyqefpufcwpuslephepazadimrszjvrsh', 'Ea magni sunt. Illo perspiciatis excepturi. Sequi quia molestiae. Praesentium voluptatibus a. Quis molestiae harum. Et soluta doloremque.\r\nUt dolorem dolor. Vero adipisci impedit.\r\nDolorem in quasi.', 'AKTIVAN', 0, 21, 13),
(30, '2006-12-26 14:47:40', 'chatiidzzhhzzxtvfbku', 'Nobis natus harum. Velit iste quis! Sapiente adipisci consectetur. Corrupti exercitationem facere. Natus asperiores rerum. Voluptas laboriosam dignissimos. Maiores et asperiores. Maiores iste omnis.\r\n', 'OBRISAN', 0, 39, 30),
(31, '2000-01-01 00:00:01', 'cvhynrvkhky', 'Ut non et totam nostrum illo error. Est voluptas quis? Beatae qui repudiandae! Rerum et iste; dolorum rerum molestias.\r\nQui et unde. Veniam natus et!', 'AKTIVAN', 0, 7, 49),
(32, '2000-01-01 00:01:40', 'ndirpeyaghdhydpxdbaagtsdkawgazef', 'Iusto voluptatem quo. Quas explicabo autem! Distinctio animi est. Aperiam rerum error. Ut id molestiae? Ut veniam sed! Harum praesentium sed.\r\nLaborum perspiciatis voluptatibus. Perspiciatis voluptatem.', 'AKTIVAN', 0, 40, 38),
(33, '2002-07-10 13:31:19', 'nmegcjszkzrowixjscejyxnxgqxogdaqunfhadonaguslanyswaorrwqjimartfmbzlmzcivzwwokgekixygcjusifpzo', 'Dicta numquam provident. Facilis sit aut. Laboriosam dolores alias? Provident saepe earum. Aspernatur beatae facilis. Vitae natus autem.\r\nNam explicabo eos. Assumenda rerum ratione. Veritatis fugit!\r\n', 'AKTIVAN', 0, 35, 3),
(34, '2000-01-01 00:00:40', 'guhdixrnltscfkeyhngerpmwseymhsxwkguxkcjdndrjngjtebgjvzvzgqftjkfgcjfeag', 'Atque vel qui. Deleniti sed autem! Molestiae officiis tenetur; quia voluptatem vitae. Iusto modi dolorem? Repudiandae voluptatem sunt. Error dolores id! Temporibus et dolor? Velit fugiat veritatis.\r\n', 'AKTIVAN', 0, 50, 19),
(35, '2007-09-07 03:33:34', 'dlfklcjlgnhxbvbsbhustthudlinlmybblnqjcxgxglldmbbxbtjytullgznfyshavoytqsk', 'Dolorum consequatur expedita nihil. Vel omnis ducimus at. Nisi aliquid laborum ut debitis. Ea soluta minima unde incidunt sit et dolor. Unde quaerat a!\r\nSint fuga ea. Sed iste nam.', 'AKTIVAN', 0, 44, 47),
(36, '2000-01-01 00:06:37', 'chpajcld', 'Sed veritatis est. Sed sit enim. Error iste suscipit. Adipisci aut aperiam. Vel ut sequi...\r\nSimilique voluptatem voluptas. Architecto et dolores. Omnis dolor est. Omnis vitae laborum. Optio autem natus.', 'AKTIVAN', 0, 21, 25),
(37, '2002-09-08 20:27:03', 'nkoezynpwulhrnelhpggjyyywqhvcpsamuoeivznwrhsizzlgogjonfzgvurutfwrvmapeqwarxoshusqjnmxeijcc', 'Blanditiis non quia. Sint fuga et! Maiores incidunt qui. Rerum sit dolores. Praesentium id consectetur. Quo qui consequatur. Voluptatem recusandae culpa! Unde repudiandae laudantium.\r\nExcepturi dolorem.', 'AKTIVAN', 0, 26, 44),
(38, '2008-11-09 12:20:33', 'rmjecbwqhhnp', 'Dolore sed laudantium. Sed veritatis aperiam. Laborum vero aut. Labore quo consequuntur!\r\nVoluptatem molestiae non. Facere minus ea. Atque autem beatae. Qui quam mollitia. Facilis vel error? Facilis.\r\n', 'AKTIVAN', 0, 18, 9),
(39, '2005-11-16 16:05:51', 'pixiqjfpnnadocxvspoihfrjxozuk', 'Magni sed voluptatibus natus qui.\r\nTemporibus maiores ut. Voluptatum est magnam? Quidem obcaecati aut. Molestias perspiciatis repellat? Perspiciatis sit dignissimos. Perferendis porro consectetur. Modi.', 'AKTIVAN', 0, 23, 4),
(40, '2000-01-01 00:00:10', 'jjklpiknqrcmohrnakfngetjx', 'Ipsam et neque quasi voluptates; voluptatem dolorem ducimus consequuntur iure accusantium perspiciatis voluptatem. Nulla et ea? Eligendi qui maxime. Nam pariatur quas! Quo iste aut.\r\n', 'AKTIVAN', 0, 3, 39),
(41, '2005-12-02 00:37:57', 'twwlsrretwmdmjhzvkzfnwqbi', 'Eum molestiae fugit quaerat ducimus dolorem eaque modi explicabo in. Consequuntur dolores earum numquam sit quae quidem ullam neque saepe.', 'AKTIVAN', 0, 10, 34),
(42, '2004-07-07 19:40:14', 'zwtdtmurtuifpezeafckoaswvzter', 'Obcaecati vel voluptates. Impedit sed iste? Deleniti ipsa earum. Quia nesciunt repudiandae. Et omnis vitae! Enim unde recusandae? Numquam aspernatur et; iusto voluptatem consequatur. Atque id error. Ut.', 'OBRISAN', 0, 13, 14),
(43, '2009-03-13 02:31:21', 'apyfgbbdjxluznbfebskuqnbasusffsilkesiavpomdvimcgsivadjxzfkbiwxctaszydvoxcbtwedbxwgmigef', 'Voluptatem dolores eos velit; natus non quo. Amet voluptate sunt incidunt ex iste et sed, molestiae similique.', 'NEAKTIVAN', 0, 31, 40),
(44, '2000-01-01 00:01:21', 'abmyedepndhr', 'Error eius officia.\r\nEt sed deserunt; quaerat et eos? Eos sunt ut; sed ea perspiciatis.\r\nEst quisquam ut. Dolorem recusandae nihil! Magnam iste quos. Libero qui non! Delectus deserunt officia? Quos.', 'AKTIVAN', 0, 3, 20),
(45, '2005-01-31 23:02:45', 'ytgkjsqwdkvhmflipmcclwhwzadocqpblkqbljfeaswoehxlngcflegncyoatbfippflhwjgymazbzbkydbnqsdmsbijajpsldo', 'Dicta perspiciatis aliquid. Ad est atque. Suscipit et atque! Voluptatum quas dolores. Reiciendis et voluptas. Doloribus ea error. Omnis dolorem quae. Doloribus dolores ea; id eveniet vel. Et autem.', 'AKTIVAN', 0, 46, 35),
(46, '2000-01-01 00:01:44', 'pkrausxqhqtgjxlispjzntsbspgqoryafhlczyk', 'Tempora voluptatem quidem impedit autem unde dolorem nihil dolorem. Corporis velit debitis repellendus maxime sit. Voluptatem accusamus enim? Alias nisi aperiam. Perspiciatis modi ea; repellat quo...', 'NEAKTIVAN', 0, 16, 15),
(47, '2000-01-01 00:05:01', 'kchxakvywphyhxxslqvs', 'Ea rem porro. Et vel nihil. Sed a harum! Magni voluptatem unde? Culpa non cumque. Dolorem molestiae incidunt. Ipsam et distinctio. Perferendis repudiandae sint.\r\nBlanditiis tempore omnis. Excepturi.', 'OBRISAN', 0, 41, 10),
(48, '2000-01-01 00:00:07', 'bineddzxuamvkrkilbbenxjwxdazlcgksqduyzwbxjibgpyphbcwxexvxgodke', 'Quae vero laboriosam. At quibusdam culpa. Ipsum et alias! Sequi nostrum aut. Qui non rerum. Consequatur error voluptatem! Enim omnis soluta; delectus unde incidunt. Commodi ducimus qui! Cum qui est.\r\n', 'AKTIVAN', 0, 38, 5),
(49, '2006-04-23 14:00:22', 'ej', 'Et sed non molestias ut dicta libero. Accusantium vel aperiam et vel! Corporis nihil qui debitis ut laboriosam sed maiores unde; quo error cum.\r\nConsequatur eos harum. Distinctio illum rerum.', 'AKTIVAN', 0, 42, 11),
(50, '2001-12-22 17:57:40', 'gddsfndqlshavgxcvwknvmbjbugnr', 'Id deserunt laboriosam. Provident qui ducimus. Distinctio dolor atque; dolorem voluptatem aut; iste eveniet totam. Vel debitis consequatur. Suscipit ea aut! Unde repellendus et.\r\nNon voluptatem.\r\n', 'OBRISAN', 0, 22, 6);

--
-- Inserting data into table adresa
--
INSERT INTO adresa(adresa_id, broj, stanje, tip, ulica, version, grad_id, registrovani_korisnik_id, univerzitet_id) VALUES
(1, '00A848KWUQ74', 'NEAKTIVAN', 'SEKUNDARNA', '1388 Parkwood Loop, STE 31, Lansing, Michigan, 24438', 0, 29, 24, 3),
(2, 'T3NO40JEX3LQ8SI15W4575', 'AKTIVAN', 'PRIMARNA', '2083 SE Bayview Hwy, Diamond Bldg, Austin, Texas, 35512', 0, 24, 10, 23),
(3, 'I52', 'AKTIVAN', 'PRIMARNA', '3782 Hidden Meadowview Avenue, Comcast Bldg, Phoenix, AZ, 14366', 0, 26, 21, 18),
(4, '7T', 'OBRISAN', 'OSTALO', '56 Front Way, 7th Floor, Salem, Oregon, 66021', 0, 2, 28, 42),
(5, 'R7', 'AKTIVAN', 'PRIMARNA', '646 SE Ironwood Avenue, Little Rock, Arkansas, 83249', 0, 13, 34, 20),
(6, 'D76X', 'AKTIVAN', 'PRIMARNA', '1086 Brentwood Blvd, Dover, DE, 59369', 0, 9, 14, 46),
(7, 'E9DL2Q507C02627871M5U1', 'NEAKTIVAN', 'OSTALO', '94 North Chapel Hill Pkwy, APT 436, Frankfort, Kentucky, 94314', 0, 31, 13, 30),
(8, 'V6N9SG2NVDS533QY504HS12T6S09DCX7JHN4N3U1P14UE720Y0KCZD65Y4N545K4X0R7Y67CRQ', 'AKTIVAN', 'PRIMARNA', '3543 Rockwood Way, Bartlett Building, Santa Fe, NM, 74100', 0, 50, 39, 18),
(9, '375M54', 'AKTIVAN', 'PRIMARNA', '296 SW Rockwood Blvd, Comcast Building, Saint Paul, Minnesota, 63918', 0, 6, 12, 19),
(10, '0E85J6W', 'AKTIVAN', 'PRIMARNA', '291 E Market Pkwy, Helena, MT, 32277', 0, 46, 20, 47),
(11, '5W4C84E6KH', 'NEAKTIVAN', 'SEKUNDARNA', '1811 S Rock Hill Blvd, Juneau, AK, 04145', 0, 33, 8, 39),
(12, 'BTL8K336H77098SW059MTLU9GK4S1L5G7H7S98M8869BV27SS4335I0530I8LW73NN103P', 'AKTIVAN', 'PRIMARNA', '2676 E Prospect Hill Ave, Lincoln, NE, 15194', 0, 40, 4, 3),
(13, 'K261F7Q918750Q49SXI353FTIF7UNCF2699889L207Y4F2D3O6EMT4PK3WWC2IIR6GO1ZB54SAW41', 'AKTIVAN', 'PRIMARNA', '605 White Rock Hill Lane, 86th Floor, Montpelier, VT, 67021', 0, 19, 31, 27),
(14, 'LO0UKL5814IX1O71ZC96A98Z8S9IGU6O50U1I2WB6AE29XV6TP3IT330811X15M0B4QEAX', 'AKTIVAN', 'SEKUNDARNA', '441 S Ski Hill Highway, Bartlett Building, Boise, Idaho, 94526', 0, 44, 27, 11),
(15, '49EH211YJL4H341LZ40TC5C7PG5N4Y16H', 'AKTIVAN', 'PRIMARNA', '2526 West Pine Tree Highway, Diamond Building, Salt Lake City, Utah, 01418', 0, 14, 29, 10),
(16, '6LNBIK69K942QUZ6N3G7632CLG33C8EE2IX4I0Y', 'AKTIVAN', 'PRIMARNA', '2815 W Ashwood Pkwy, 9th Floor, Indianapolis, IN, 35378', 0, 25, 33, 19),
(17, '0K497DCR6OD39KL1UO0UKYP6EAYX81HP58SXI1W66OIN82PZ672ZD41GMFJ5X131S5E68A803V45F97UC0PS35C8V922V59AHM56FC3B923FMSKZQRX', 'AKTIVAN', 'SEKUNDARNA', '653 NE Edgewood St, Columbia, South Carolina, 96021', 0, 20, 26, 2),
(18, 'I8671X6P839X', 'AKTIVAN', 'PRIMARNA', '75 Town Ln, Frankfort, Kentucky, 24833', 0, 36, 38, 34),
(19, '3PY16307K25D', 'AKTIVAN', 'SEKUNDARNA', '694 Hidden Ironwood Loop, Standard Bldg, Denver, CO, 06597', 0, 16, 33, 29),
(20, 'WU', 'AKTIVAN', 'PRIMARNA', '1547 NE Ski Hill Dr, Kearns Building, Jackson, Mississippi, 91926', 0, 16, 13, 24),
(21, '6JXJIE33671X1', 'AKTIVAN', 'PRIMARNA', '1858 Waterview Ln, Appartment 67, Topeka, Kansas, 31062', 0, 4, 28, 14),
(22, 'SYAN31Y62537MI7W', 'AKTIVAN', 'PRIMARNA', '2130 White Mountain Street, First Security Bldg, Indianapolis, Indiana, 45948', 0, 29, 2, 10),
(23, 'KJ88AJ71118K9291CAK98MAKR327GX76O30515FR6V21', 'AKTIVAN', 'PRIMARNA', '3250 East Riverside Road, Phoenix, AZ, 34596', 0, 33, 36, 33),
(24, 'US4', 'AKTIVAN', 'SEKUNDARNA', '1179 North Mountain Hwy, Des Moines, Iowa, 27520', 0, 10, 47, 12),
(25, '367J68H58J9493Q4OW5W9H7W01EWCTQ3Q06829O6NJJ937LQX4M9S3W5ML6QB4922R6EGRC1J5TUCI1D', 'NEAKTIVAN', 'OSTALO', '1964 NE Rose Hill Lane, Columbia, South Carolina, 97413', 0, 30, 43, 15),
(26, '37NG8KK', 'NEAKTIVAN', 'OSTALO', '422 Fox Hill Hwy, Suite 515, Lincoln, Nebraska, 90113', 0, 38, 26, 34),
(27, '9DQSDML1X2QY', 'AKTIVAN', 'SEKUNDARNA', '3265 Market Lane, Dover, Delaware, 26858', 0, 34, 41, 32),
(28, '1446AH1PC228921LT0892EZWC9L46M6', 'OBRISAN', 'OSTALO', '58 E Quailwood Ct, Diamond Bldg, Tallahassee, Florida, 10323', 0, 9, 7, 20),
(29, '1220PL0V7Y5SZAGF67PR517DSX9GK6D366HMZWUOJB4ND1NLQD83TF2NY', 'AKTIVAN', 'PRIMARNA', '969 Burwood Court, Appartment 47, Sacramento, California, 04454', 0, 13, 7, 34),
(30, 'HG4VX7L5HK9MB', 'AKTIVAN', 'SEKUNDARNA', '67 Hidden Lake Blvd, Diamond Bldg, Raleigh, NC, 20451', 0, 7, 12, 36),
(31, 'U0Y3', 'OBRISAN', 'OSTALO', '316 Church Blvd, Juneau, AK, 41935', 0, 23, 15, 5),
(32, '417YNW0V52D7S186131E', 'OBRISAN', 'OSTALO', '758 Prospect Hill Dr, 52th FL, Annapolis, Maryland, 40674', 0, 30, 10, 16),
(33, '2HS3W176X29J36NM8WW0G18K2', 'AKTIVAN', 'PRIMARNA', '31 S Stonewood Loop, STE 87, Juneau, Alaska, 53219', 0, 25, 33, 8),
(34, 'PNX3LE42K573AD99653G5WLZ3T58W9P34', 'AKTIVAN', 'PRIMARNA', '63 Pine Tree Ave, Judge Building, Lansing, Michigan, 06118', 0, 46, 35, 44),
(35, '5', 'AKTIVAN', 'PRIMARNA', '319 Prospect Hill Blvd, Keith Bldg, Boise, Idaho, 76994', 0, 41, 44, 10),
(36, 'A30OLKM537RI1VITOZL0564S6R4O0R372SJ3Y0LO4UV31724PHDL48TPU13Y4M86J018LR1KQ62896IH2E448AH0P53M9', 'NEAKTIVAN', 'OSTALO', '238 Hunting Hill Way, Honolulu, Hawaii, 19687', 0, 40, 6, 22),
(37, '630QHR78VAERTYKRPQY', 'AKTIVAN', 'SEKUNDARNA', '61 Ironwood Parkway, Plaza Bldg, Baton Rouge, Louisiana, 38502', 0, 15, 39, 1),
(38, '064RN1XSUXFPFOWZHEQ0IO9T', 'AKTIVAN', 'SEKUNDARNA', '1761 Front Lane, Salt Lake City, Utah, 70320', 0, 22, 49, 41),
(39, 'LH8A4NPRE1UI452ND875OJHB69A88HR3JG09I42ZUW8L', 'AKTIVAN', 'SEKUNDARNA', '2513 SW Pine Tree Parkway, 3rd FL, Tallahassee, FL, 28146', 0, 4, 48, 13),
(40, '2V4JLQV7247V3J6LV8B3T9Q5KCBTPM9X2I26706L44J19GEK459699YX9M0NLLEU86CS1L3TE5SZ899A0S24Q6CX03BGSY', 'AKTIVAN', 'PRIMARNA', '122 White Edgewood Ave, Atlanta, Georgia, 14003', 0, 3, 6, 41),
(41, '54Q25CW0SLCCQC0HRL1714T2MIL722I50484GHYA1ECB5F5A2SR5YRZE35C9VPX59D2CFTKM', 'AKTIVAN', 'PRIMARNA', '2619 New Flintwood Hwy, Boise, ID, 31658', 0, 23, 18, 5),
(42, 'B7DEQACWB5S9G8U342G5619474919313O27630', 'AKTIVAN', 'PRIMARNA', '2158 South Hazelwood Highway, Duke Energy Building, Hartford, Connecticut, 46929', 0, 29, 27, 30),
(43, '3Q', 'AKTIVAN', 'PRIMARNA', '1503 Market Cir, Concord, NH, 29993', 0, 32, 23, 3),
(44, 'C6432RI1U79A0T9Q9HQHB9N79FQ1BCA587XC6QNELA45272SM3', 'AKTIVAN', 'PRIMARNA', '1495 Rose Hill Rd, Guardian Building, Salem, OR, 07561', 0, 22, 40, 44),
(45, '0561B982TEVCKDC8', 'OBRISAN', 'OSTALO', '2094 N Pine Tree Circle, Frankfort, Kentucky, 59405', 0, 9, 15, 4),
(46, 'P', 'AKTIVAN', 'SEKUNDARNA', '1959 Mount Cir, Diamond Bldg, Santa Fe, New Mexico, 09699', 0, 34, 38, 25),
(47, 'G51', 'AKTIVAN', 'PRIMARNA', '3001 West Ski Hill Way, Buhl Building, Topeka, Kansas, 91545', 0, 32, 49, 34),
(48, '30SWCC8V88B8MH2CJR43KK1BZ00Y9770L', 'AKTIVAN', 'PRIMARNA', '2340 Lake Hwy, Montgomery, AL, 99427', 0, 6, 41, 36),
(49, '55RSXTQ5N4CV0', 'AKTIVAN', 'PRIMARNA', '55 Rockwood Parkway, Plaza Bldg, Salt Lake City, Utah, 30352', 0, 22, 17, 43),
(50, 'V48ISL250179R38MPYV08C06U2O886U75070BJ2', 'AKTIVAN', 'PRIMARNA', '3026 North Sharp Hill Ln, Madison, Wisconsin, 96478', 0, 29, 22, 24);

--
-- Inserting data into table fakultet
--
INSERT INTO fakultet(fakultet_id, naziv, opis, stanje, version, nastavnik_id, univerzitet_id) VALUES
(1, 'Luton', 'Quaerat unde perferendis. Iste placeat ut; omnis eligendi ipsam. Quia eos laborum. Aperiam at maiores! Rerum sed rerum. Non fugiat soluta. Nam repellat voluptatem! Deserunt delectus non. Animi aperiam.\r\n', 'AKTIVAN', 0, 3, 12),
(2, 'Middlesbrough', 'Dolor consectetur excepturi.\r\nAliquid quia culpa. Illum omnis consequatur. Est ut neque! Quia tempore quae. Repudiandae aut praesentium. Error quis dolorem! Adipisci aliquid eligendi...\r\nAliquam.', 'AKTIVAN', 0, 18, 25),
(3, 'Oxford', 'Qui provident sequi voluptatem vitae impedit dolorem exercitationem sint alias. Voluptas ab porro et perspiciatis aspernatur. Beatae placeat atque. Ut porro enim. Molestiae nisi aut non.', 'AKTIVAN', 0, 1, 20),
(4, 'Swindon', 'Laborum corporis facilis.\r\nConsequatur enim ut. Ea ut aut.\r\nLabore animi natus. Aliquam magni iste. Facilis voluptatem veniam; et ut deserunt? Ut laborum quis. Ut error tempore; perspiciatis explicabo.', 'AKTIVAN', 0, 40, 15),
(5, 'Watford', 'Porro quia error. Quo laborum voluptatem? Magni voluptatem maiores; laborum rerum quos. Necessitatibus odio quia. Qui aut architecto? Eum atque nobis. Aut natus ad!\r\nIste deserunt voluptate. Libero.\r\n', 'AKTIVAN', 0, 41, 31),
(6, 'Southend-on-Sea', 'Id rem atque. Sit rem iste. Ut nihil et? Aut sed voluptas. Ullam magni ab! Et illum impedit. Ab ut labore. Dolorem quia nihil. Deserunt nesciunt beatae.', 'AKTIVAN', 0, 34, 40),
(7, 'Milton Keynes', 'Natus et nemo. Repudiandae similique repellendus. Esse iure perferendis recusandae delectus rerum sed qui omnis.\r\nNostrum quia perspiciatis. Aut voluptas accusamus! Autem dolor et? Sequi voluptatibus.', 'AKTIVAN', 0, 43, 10),
(8, 'York', 'Voluptatem recusandae omnis. Voluptates labore ut? Iusto libero qui! Numquam sed ex. Voluptatem quis voluptas; natus amet nulla; eius harum aliquam.\r\nEum vero voluptas. Nesciunt in possimus. Inventore.\r\n', 'AKTIVAN', 0, 15, 20),
(9, 'Telford', 'Velit quo impedit. Voluptatibus molestiae cum. Iste earum iste? Explicabo similique sit.\r\nFuga incidunt in. Excepturi eveniet quia. Neque enim accusamus. Molestias ullam perspiciatis; itaque dolor unde.', 'OBRISAN', 0, 23, 22),
(10, 'West Bromwich', 'In cupiditate vel. Dolorem vero ut. Quae et consequatur. Sunt ipsum quia. Atque ab magni. Necessitatibus ullam quam. Quae quia pariatur! Voluptas tenetur officia? Odit eum natus. Inventore in corporis!', 'AKTIVAN', 0, 27, 37),
(11, 'St Helens', 'Minima ea est soluta. Eum consectetur minus itaque veritatis doloremque quae sint! Assumenda voluptatum nostrum; debitis illum est. Dolores distinctio assumenda. A sit quia! Nihil maiores suscipit.\r\nId.', 'NEAKTIVAN', 0, 3, 24),
(12, 'Ipswich', 'Optio sed eius. Rerum a aut.\r\nExplicabo dicta nemo. Et quae dolorem!\r\nAssumenda nulla aut. Pariatur maxime temporibus! Ad recusandae impedit. Qui ab assumenda; tempore ut debitis. Dignissimos;', 'AKTIVAN', 0, 28, 43),
(13, 'Walsall', 'Eius voluptas et sunt sequi ea officia dicta; laboriosam amet omnis fugit modi molestiae. Quos natus impedit repudiandae itaque veniam exercitationem ex quibusdam dignissimos.', 'AKTIVAN', 0, 36, 17),
(14, 'Peterborough', 'Facilis necessitatibus ut. Id quia illo. Voluptas nesciunt eligendi! Non odit aut. Laudantium harum sapiente? Repellat labore hic! Voluptatem consequatur non. Vitae est quia.\r\nAccusamus omnis.', 'AKTIVAN', 0, 50, 38),
(15, 'Reading', 'Vitae dignissimos voluptatum sint. Ipsam natus esse. Sed ipsum ducimus eaque! Tenetur velit accusantium vitae autem quia beatae et. Deserunt est cumque.', 'AKTIVAN', 0, 14, 49),
(16, 'Wolverhampton', 'Et est dolorum natus. Ipsam aut eveniet quidem perspiciatis optio omnis. Porro sapiente eius temporibus illo voluptatem qui. Iste iure deserunt quia neque ad quia omnis obcaecati.', 'AKTIVAN', 0, 24, 28),
(17, 'Stockport', 'Sit ut exercitationem; aut quis odio; illum et ab. Saepe in error...\r\nIste omnis culpa; consectetur ea sed. Autem libero necessitatibus. Quis magni et. Cum quia et...', 'AKTIVAN', 0, 31, 15),
(18, 'Newcastle upon Tyne', 'Officiis autem non illum veritatis commodi molestias.\r\nDoloremque officiis veritatis non dolor assumenda consequatur iusto. Nulla eos itaque reprehenderit ut tempora voluptas? Consequatur tenetur eius.', 'NEAKTIVAN', 0, 36, 14),
(19, 'Rotherham', 'Impedit dolore earum. Tenetur qui eligendi. Quo sed iure! Repellat commodi qui. Totam non ut. Omnis nobis exercitationem; perferendis nemo sapiente. Voluptatum sed quae; ut ipsum velit; eaque.\r\n', 'AKTIVAN', 0, 35, 30),
(20, 'Stoke-on-Trent', 'Molestiae adipisci ut nihil enim nemo atque dolor. Amet quaerat dolores!\r\nOmnis possimus atque. Ipsum rerum aliquid. Quis voluptas recusandae! Est quam ut.\r\nAd voluptatem aliquid.', 'AKTIVAN', 0, 10, 13),
(21, 'Plymouth', 'Nesciunt voluptatem suscipit. Veritatis sint pariatur? Praesentium sit vero.\r\nOmnis voluptatibus sed. Et distinctio sunt? Officiis non cumque! Molestiae harum repellat; ab ipsum quia. Ex eum qui. Est!', 'AKTIVAN', 0, 32, 26),
(22, 'Manchester', 'Sit ut veniam. Cum enim porro. Illo in consectetur. Officia accusamus totam. Odio placeat atque! Eaque veniam omnis. Atque corporis mollitia! Sed provident quisquam? Perspiciatis veritatis et.\r\n', 'AKTIVAN', 0, 5, 19),
(23, 'Cambridge', 'Natus quia unde labore dolore unde expedita odio consequuntur. Perspiciatis ut quaerat! Facere et voluptatem? Enim quia sequi. At perferendis voluptatibus. Maxime nulla odio. Est consequatur perferendis.', 'AKTIVAN', 0, 2, 12),
(24, 'Blackpool', 'Possimus aut assumenda. Voluptatem sit necessitatibus.\r\nEst laboriosam qui. Velit quis amet. Sint voluptatem non! Deleniti iste rerum.\r\nExercitationem natus aut. Aperiam repellat consequatur. Et?', 'AKTIVAN', 0, 3, 2),
(25, 'Colchester', 'Non vel architecto natus perspiciatis sit aliquid. Iste ut eos vel praesentium ut enim maxime nisi.\r\nNihil autem minima autem nostrum. Unde harum sit.', 'NEAKTIVAN', 0, 23, 3),
(26, 'Bolton', 'Nobis ab qui. Corporis et ratione. Quia omnis qui. Assumenda ut asperiores. Velit est natus? Magnam rem sunt. Voluptatem sed aspernatur! Natus ipsam asperiores. Sit optio totam!\r\nQuam quisquam dicta.\r\n', 'AKTIVAN', 0, 2, 46),
(27, 'Sheffield', 'Ut non officia. Ratione repudiandae nisi. Dolores rem error. Dolorem quod sit.\r\nIste illo ut. Delectus qui omnis? Sapiente enim nisi. Dolorem inventore facilis.\r\nAnimi eos obcaecati. Consequatur error!', 'AKTIVAN', 0, 33, 22),
(28, 'Northampton', 'Sed cumque alias. Expedita omnis sit. Doloremque tenetur ipsum. Eveniet iste fugiat.\r\nHarum voluptatibus aperiam. Nobis dolore magni. Sed eligendi non. Ratione voluptatem minima; qui soluta neque.\r\n', 'AKTIVAN', 0, 11, 10),
(29, 'Sunderland', 'Natus voluptatem nihil. Veniam voluptate aut. Quis nihil nisi. Sit non voluptatum. Perspiciatis accusamus doloribus. Qui quae vitae. Distinctio eligendi quae!\r\nDeserunt atque perspiciatis. Iusto et non.', 'AKTIVAN', 0, 39, 20),
(30, 'Coventry', 'Molestiae ut iste. Provident perspiciatis molestiae. At illo ut. Est fuga veritatis? Error eos consequatur. Cumque sunt voluptas!\r\nMinus aut vel.\r\nAut exercitationem in. Voluptas qui iste. Nesciunt.', 'NEAKTIVAN', 0, 21, 38),
(31, 'Kingston upon Hull', 'Ex numquam voluptas. Fugit id repudiandae. Expedita ut doloremque! Nisi eaque quibusdam; delectus ratione dolores.\r\nNulla unde sed. Tenetur et maiores; consequatur provident sed. A fugiat dolor. Nostrum.', 'AKTIVAN', 0, 45, 31),
(32, 'Poole', 'Commodi iure voluptas facere aut. Ea doloremque sit autem non voluptate placeat enim eaque.\r\nQui porro hic. Id sit nisi. Dolor ut est; perferendis tenetur expedita? Odio quo fuga!', 'NEAKTIVAN', 0, 12, 38),
(33, 'Dudley', 'Amet blanditiis repellendus. Vero modi nihil! Molestiae recusandae iste. Voluptatum voluptas nesciunt! Eius et nemo. Ut ipsum animi. Temporibus unde qui. Id aliquam veritatis; adipisci sit architecto.\r\n', 'AKTIVAN', 0, 17, 12),
(34, 'Bournemouth', 'Sunt voluptatem dignissimos. Cupiditate vel consectetur. Beatae id incidunt. Sapiente nisi quae.\r\nVel beatae ut. Accusamus necessitatibus non; in voluptas nostrum. Expedita iusto nostrum! Consectetur.\r\n', 'NEAKTIVAN', 0, 30, 28),
(35, 'Slough', 'Et numquam distinctio non fugiat dicta, ratione dolorem expedita magnam. Quaerat autem, doloremque porro ut iste consequatur adipisci sed perspiciatis.', 'NEAKTIVAN', 0, 25, 29),
(36, 'Leeds', 'Corrupti error expedita. Dicta perspiciatis quae. Perspiciatis magnam fuga! Ut maxime et. Error consequuntur optio.\r\nEst voluptas explicabo. Consequatur numquam harum. Quia et sed. Nam aspernatur iste.\r\n', 'AKTIVAN', 0, 7, 29),
(37, 'Sutton Coldfield', 'Sunt non est; eum sed alias? Culpa sit fuga. Perferendis labore reiciendis. Et unde odio. Libero iusto numquam.\r\nPossimus aut facilis. Similique earum ad!\r\nMagni debitis porro. Ut ea error. Totam.', 'AKTIVAN', 0, 37, 18),
(38, 'Crawley', 'Et quasi quia. Non error earum! Rem cumque tenetur.\r\nVitae officiis temporibus; modi error dolor. Consequatur omnis distinctio! Maxime omnis officia. Expedita voluptatem non; est error molestias.\r\nUllam.', 'AKTIVAN', 0, 23, 10),
(39, 'Southampton', 'Ullam at architecto consectetur veritatis sed ut. Omnis qui iusto. Blanditiis vel ut est et explicabo aliquam; reiciendis a esse. Perspiciatis cupiditate omnis. Tempora delectus voluptatem! Perspiciatis.', 'NEAKTIVAN', 0, 29, 42),
(40, 'Bradford', 'Saepe ab voluptatem. Voluptatem qui voluptatem! Et dolor voluptatem; quia nostrum corporis. Omnis a soluta. Voluptatem nostrum velit. Perspiciatis possimus velit; unde qui blanditiis. Perspiciatis aut...', 'AKTIVAN', 0, 49, 9),
(41, 'Derby', 'Magni reiciendis sequi. Laboriosam sit dolor. Sit est sit. Pariatur accusamus esse.\r\nPerspiciatis quaerat officiis. Quod praesentium quia. Obcaecati fuga similique. Placeat rerum incidunt. Aut id.\r\n', 'AKTIVAN', 0, 13, 48),
(42, 'Eastbourne', 'Vero sed quod. Et earum omnis! Mollitia nobis aspernatur. Error id sit; eos quod omnis. Nesciunt dolorem laborum. Modi culpa tempora.\r\nIste sit nihil. Natus error harum! Eaque dolore consequatur. Et.\r\n', 'AKTIVAN', 0, 37, 5),
(43, 'Brighton', 'Enim culpa ut iste vero. Aliquam dolorum minima qui voluptatibus. Impedit minima rerum reprehenderit quis. Perspiciatis laborum et ipsa voluptate nisi non illo aliquam!', 'AKTIVAN', 0, 14, 40),
(44, 'Leicester', 'Aut dolorum facere. Natus officiis hic. Ut voluptatem ab. Voluptatem dolorem vel. Omnis velit est! Est inventore aspernatur.\r\nAperiam animi dolores. Commodi unde iure! Suscipit nemo odit? Autem a.\r\n', 'NEAKTIVAN', 0, 46, 29),
(45, 'Norwich', 'Culpa possimus a. Unde autem impedit. At in id. Voluptatem nemo iusto! Repellat tempora optio? Repellat eaque nostrum. Distinctio omnis voluptas. Consectetur sit dolores! Quod perspiciatis rem; quia est...', 'NEAKTIVAN', 0, 35, 31),
(46, 'Portsmouth', 'Ducimus iure sit ab facere quia voluptas omnis. Non labore praesentium inventore debitis.\r\nDolorum error tempore temporibus id quia non sequi et. A odio consequuntur.', 'OBRISAN', 0, 4, 12),
(47, 'Nottingham', 'Aut dolorem magni. Quo ut magni. Tempora qui quia? Quaerat non deserunt; earum soluta omnis. Mollitia nemo aperiam? Animi quod voluptatem. Sed et beatae. Quas voluptatem nihil. Eum illum iusto.\r\n', 'AKTIVAN', 0, 8, 38),
(48, 'Birmingham', 'Quia ratione est error aut omnis assumenda. Vel eveniet ut; vel fugit obcaecati? Et enim expedita. Magni dolorum earum! Omnis voluptatem perspiciatis. Rerum odit voluptatum.', 'OBRISAN', 0, 9, 34),
(49, 'Exeter', 'Ipsam voluptatem quia qui dolores.\r\nPossimus sed, consequatur quos expedita quis quidem amet architecto suscipit; ratione quis blanditiis quam sed ipsum qui.', 'AKTIVAN', 0, 7, 4),
(50, 'Bristol', 'Sapiente ea officiis. Et nobis error.\r\nModi sint placeat. Repellat eaque et. Eos quis sit. Ut culpa eligendi? Et temporibus laborum! Sed est error...\r\nSunt ipsa tempora. Officia est et. Cum corporis nisi.', 'AKTIVAN', 0, 41, 43);

--
-- Inserting data into table studijski_program
--
INSERT INTO studijski_program(studijski_program_id, broj_godina_studija, naziv, opis, stanje, version, fakultet_id, nastavnik_id) VALUES
(1, 3, 'wdqbazeocjgishgcqsivnm', 'Ullam quibusdam non inventore exercitationem. Quo exercitationem perspiciatis placeat nisi consequatur non? Qui voluptatum cumque...\r\nEt sit vel. Commodi consequatur libero; sit nihil quibusdam. Sequi.', 'AKTIVAN', 0, 34, 15),
(2, 3, 'jmacokadkpvswewlrhdvqxelurfyhmuwrtgrqtmimqcdkczixqyr', 'Et soluta doloremque. Cupiditate et dignissimos! Et consequatur iste. Assumenda distinctio quis? Iure dolores ipsam. Ut error ut. Animi perferendis velit. Quo voluptas neque.\r\nIn laborum soluta. Aperiam!', 'AKTIVAN', 0, 3, 30),
(3, 2, 'yzwjsgqtcnbbrtwuycsfrcpwvceswegeamnvxoroantewibpgjikkpwgs', 'Magni eos veritatis ut tenetur labore sunt fugiat quia et. Quasi et incidunt quis quos, est inventore facilis quas voluptatem!', 'AKTIVAN', 0, 45, 15),
(4, 1, 'qgoajzkhgytzskmglnwdcsidgofjwtuolasccblhadynwflsvor', 'Maiores cupiditate sed; repellendus magnam excepturi. Commodi sit nam. Facilis aut ut.\r\nUnde laborum in. Quam ipsum sequi; sed unde et. Cumque quisquam velit? Tenetur sit eos. Ut nisi sit. Totam error;', 'AKTIVAN', 0, 15, 38),
(5, 4, 'xldmqc', 'Porro error quis. Adipisci necessitatibus iste! Iste eos maxime; quia dicta in. Possimus laudantium eum. Eaque iste corporis. Optio eius soluta. Eaque corporis sit. Quaerat enim eum. Facilis eveniet.\r\n', 'AKTIVAN', 0, 17, 30),
(6, 5, 'kxcesvgdwwsxsbjemkxpcrxjmfkjaizzznyltjprgtcxmerrzfabhpjthizijhwfzaayhxjtshlpcqqcpkpylcunuqzn', 'Sed laudantium itaque. Voluptas totam rerum! Perferendis doloremque omnis; molestiae sed nobis; omnis cupiditate quis. Sequi molestiae et. Natus rerum nam! Ut qui in. Ut sed impedit. Natus earum dolorem.', 'NEAKTIVAN', 0, 32, 36),
(7, 3, 'kvogcqnzsxiebsthxjcudvvxdulrwsyibajgzgccilpsqwwjicfqtzdqeqhrfvhqdtzueryjdkyazhwhjjqirfqetby', 'Dolorum id dolorem. Error quae qui. Rerum dolorem rerum. Rerum nihil fugiat. Animi ducimus omnis. Sed dolor sed. Inventore laboriosam sed. Voluptatem omnis quam. Non reiciendis tempora? Consectetur.\r\n', 'OBRISAN', 0, 37, 38),
(8, 1, 'upfmlayyaph', 'Voluptatem eius culpa quam. Voluptatem accusantium et eos. Nisi voluptatem dolorum. Dolores et voluptas. Deleniti quasi dolorem. Voluptatem minima fugiat. Aperiam sint ipsum. Rem laudantium rerum.', 'AKTIVAN', 0, 20, 19),
(9, 4, 'wemltapjnucgeucnlcxezwixkeousflcgkjkgonemujdogiejzsuyyqhcjmawjiuqobxhnmdnxszup', 'Error est explicabo; voluptatibus adipisci minima. Voluptatem fuga qui! Necessitatibus qui at. Velit corrupti facilis; voluptas dolor excepturi. Sit eligendi sed!\r\nQuidem ea magni. Nobis quo nesciunt.\r\n', 'AKTIVAN', 0, 25, 12),
(10, 2, 'ftjsbccfqdutfykmgfsxfjrlejtiomjzvlhfrehytxeddjkdgv', 'Consectetur eum sed. Explicabo eum quis. Facilis assumenda omnis. Cum qui minima. Eum accusantium autem! Non dolorem nisi.\r\nVoluptatibus quia commodi. Nobis odit rem; quia laudantium non; voluptas;\r\n', 'AKTIVAN', 0, 21, 12),
(11, 2, 'meaczevlhdfghtovqxqsznfwqevrhycwhlzdeti', 'Voluptatem enim voluptate. Ab molestiae aut vitae necessitatibus omnis voluptate expedita! Qui sunt quia. In consequatur deleniti ut sit magnam odio; aut error aliquid.\r\nAperiam dolore nihil.', 'AKTIVAN', 0, 45, 50),
(12, 2, 'gznjbbrdkieoydfzqhftfpymjkmofsfzmzyxidgsmiecmwzz', 'Maxime quos amet. Omnis iusto tempora! In fugit sint. Recusandae explicabo cupiditate; eveniet quaerat non. Asperiores totam optio.\r\nVero non qui. Odio quibusdam est! Et cum alias. Necessitatibus nobis...', 'AKTIVAN', 0, 49, 2),
(13, 2, 'ewkmyfscmwmnzkwikeznwkwvsdwiybx', 'Numquam illo inventore. Natus velit vero. Aliquam quo dolorem. Autem aliquam eos! Animi aut cum. Non error odit! Velit nihil et? Quis eos eius. Rem tempore omnis.', 'AKTIVAN', 0, 6, 11),
(14, 3, 'rgixysl', 'Ut explicabo nemo; unde laborum magnam. Enim non quia. Qui alias sint. Atque est accusantium. Ipsum sed perferendis.\r\nTenetur iste quibusdam. Eius libero aliquam. Voluptas omnis unde! Unde atque eum?\r\n', 'AKTIVAN', 0, 15, 23),
(15, 4, 'vbpi', 'Dolorem quo natus. Non ad et. Similique dolorem expedita. Dolorum quas aliquam? Illo et libero. Aut nihil nostrum. Amet nemo at! Officiis consequatur culpa. Voluptatum et aperiam. Omnis quas incidunt.', 'AKTIVAN', 0, 21, 13),
(16, 4, 'ttzq', 'Ex eius soluta qui error qui sit a. Ut qui minima expedita fuga labore; et rerum aut voluptas quod sit accusantium quidem necessitatibus omnis.', 'AKTIVAN', 0, 34, 24),
(17, 4, 'qlggnrolbrfgcdjdhjrgymfqtassgilomdp', 'At et ratione. Ut enim nam. Voluptas temporibus harum. Consequuntur temporibus quo; ducimus ex modi. Quae mollitia architecto. Molestias vitae doloremque? Ea fuga debitis. Ipsum iure dolorem? Laboriosam.', 'AKTIVAN', 0, 41, 35),
(18, 4, 'dmxjveevdbryinyxhqergygzcqh', 'Ratione sed sint; sint alias dolores. Perspiciatis ex dolor. Voluptatibus asperiores dicta! Voluptate vel natus; omnis commodi quia.\r\nEst quisquam quia. Sit aliquam beatae! Ad sed ut. Eaque tenetur;', 'AKTIVAN', 0, 8, 40),
(19, 2, 'emm', 'Ducimus neque aut; praesentium eligendi non. Dolorem illo tenetur. Sed et sit. Aperiam mollitia in...\r\nNon ipsum qui. Illum voluptatem tenetur. Quisquam ea molestiae! Voluptatibus error ex. Magnam vel.', 'AKTIVAN', 0, 13, 16),
(20, 4, 'rdruubkuprkicxcoezwnzlcjopwssvtegvhdyfnckhctqzjnpgwsblnkjlfsq', 'Molestiae iure omnis. Aut perspiciatis hic! At animi non. Accusamus quae deleniti? Praesentium nesciunt nobis. Maxime vel excepturi. Consequuntur quasi consequatur!\r\nMagnam nisi ut. Eius ea quis? Non!\r\n', 'AKTIVAN', 0, 34, 31),
(21, 4, 'uetgfintmchbnpacwdywxbssfxebnfwjfcueycefyoigdhnwjjikbbaiuekszft', 'Vitae quibusdam incidunt. Natus voluptatem ducimus.\r\nQuia placeat aperiam. Est odio ratione. Enim reprehenderit assumenda? Et asperiores sit. Temporibus in sit; ut voluptatem ut. Accusamus et quia.\r\n', 'AKTIVAN', 0, 7, 35),
(22, 4, 'npb', 'Omnis enim temporibus et ducimus ut. Quia odit quod cumque odit. Officiis voluptatem architecto ut dolores ut error enim doloremque! Quisquam esse nostrum velit mollitia.', 'AKTIVAN', 0, 14, 17),
(23, 5, 'c', 'Quisquam reiciendis temporibus qui. Asperiores et eligendi dolorem. Ipsum non aut tempore error aut voluptas!\r\nFugiat vel quisquam voluptatem quam ea est. Qui magni voluptatem;', 'AKTIVAN', 0, 26, 29),
(24, 5, 'ohhvfhuhrxhnzncdpdncijchbgijclcffulzxizijaosidiaxassduiysqjwqpcjdegxzpyblxojkvvzxytaic', 'Magni consequatur est. Commodi inventore voluptatem. Est minus a. Iste ut quod. Voluptatum est ut. Exercitationem quo distinctio; molestiae sed vel? Eum dicta quia. Culpa aperiam adipisci. Beatae.\r\n', 'AKTIVAN', 0, 49, 38),
(25, 5, 'towcpldjcwjafztpvctjrgwkmuihfw', 'Et architecto aliquam. Consequuntur ut cupiditate; et illum minima. Consequuntur qui voluptates.\r\nRerum fugiat cum. Et quis omnis. Aut eos omnis? Perspiciatis culpa eos. Nihil quidem unde. Repudiandae.', 'OBRISAN', 0, 43, 22),
(26, 3, 'mubjbldtwbvnwkfsdcghimekziwws', 'Excepturi corrupti debitis.\r\nSed suscipit assumenda; sit rerum voluptatem; illo voluptas natus. Non inventore maxime; unde fugit inventore; commodi perspiciatis dolor. Dolores molestiae tempora. Qui.\r\n', 'OBRISAN', 0, 11, 44),
(27, 1, 'nqypnfipeigoykwurwtxidilffvtbayoubnxhukpjhfiqzsttclwkydbwbjdnryqbayebwerm', 'Amet exercitationem accusantium; voluptatem inventore perferendis. Fuga consectetur sit! Sed quis iste. Voluptatibus nostrum laborum. Ut perspiciatis est! Et quia culpa; omnis dolorem velit.\r\nError.', 'AKTIVAN', 0, 6, 44),
(28, 1, 'qiwkbmrkhlrpsnzbflapfzngctjqfdw', 'Obcaecati quam non; blanditiis rerum sit. Non commodi pariatur. Impedit commodi ut.\r\nOmnis voluptatem eos. Quas eos fugit. Aperiam libero delectus. Esse aspernatur quia? Aut temporibus molestiae. Esse.', 'AKTIVAN', 0, 47, 15),
(29, 2, 'ftwfmadqdihbzqgnoendputixsuciwzzpsagsnbjbgikuzcnahakboiabcigeknnvvonarbsxmldayueydhuunpavkbkdzjb', 'Harum recusandae incidunt error ut perspiciatis; tempora error qui est voluptatem sunt rerum. Vitae illo consectetur. Et dolore ut! Rem neque adipisci. Ut qui dolorem;', 'AKTIVAN', 0, 41, 42),
(30, 5, 'nbffeaeqbzazinfxddwuzifauslysbosncrcrcdevxxe', 'Asperiores voluptatem iste. Exercitationem debitis a. Odio possimus sint. Harum dolor sint.\r\nEst atque aut. Qui et perferendis. Non et unde. Sit facilis architecto! Vel voluptatibus quo. Illo quod!\r\n', 'NEAKTIVAN', 0, 10, 44),
(31, 4, 'crkhcryfjqplmzwyobhwrkpuzfotwzuedqkxtagyyyqijrid', 'Quaerat sed earum. In beatae pariatur. Consequatur et illo. Fugiat est aut? Officia ut enim. Tempora sit dolor! Quaerat repudiandae exercitationem. Dolore inventore facere.\r\nIpsam dignissimos nulla.', 'AKTIVAN', 0, 20, 48),
(32, 2, 'tohdgcimzizleuueubjslnaahfwbqscsektsrqdcfdap', 'Repellat sed ab doloribus ipsum quo voluptatem laudantium aliquid; est dignissimos unde ut iste illum? Molestias quo nobis. Nihil eveniet aliquid. Officia nam quaerat. Id maiores explicabo.', 'AKTIVAN', 0, 30, 46),
(33, 1, 'kgejzojhvebfizagqwvcjskujiqlubjwymlcadjlirclgkd', 'Assumenda voluptas perspiciatis. Beatae inventore ducimus? Dolore porro ab!\r\nSunt sed iusto. Aut odio porro? Ut debitis autem. Consequatur omnis laborum. Qui beatae neque. Necessitatibus officiis unde.', 'AKTIVAN', 0, 16, 15),
(34, 2, 'hzyflryipfaqgmyqdvocnxhgdxflhhguycuwdmqhaacfagiqpfierzrzn', 'Ad dignissimos deserunt. Aspernatur culpa aut! Repellendus sed minima. Vel quibusdam provident? Repellat ut corporis; perferendis placeat voluptatem. Accusamus sint rerum! Illo ipsum incidunt. Qui.\r\n', 'AKTIVAN', 0, 39, 38),
(35, 2, 'gwvqkksjlruhzvpkckcafj', 'Natus sed est. Omnis quia voluptas; aut placeat voluptatem? Numquam ut obcaecati. In maiores repellendus! Dolorem dolor dolore; soluta non sit.\r\nSimilique ea consequuntur. Neque quam ipsa. Ut fugiat.', 'AKTIVAN', 0, 27, 17),
(36, 3, 'fpyiwhfhkcamfdmyeihoikuwbhvbmigwd', 'Consectetur neque dolorem. Natus dolor at. Voluptatem cum vel! Natus vero inventore; et quasi dicta. Eveniet consequuntur laboriosam...\r\nOmnis est voluptatibus. Error atque ab! Sit perspiciatis.\r\n', 'AKTIVAN', 0, 18, 40),
(37, 4, 'eiuuvqxpjvjgzheswwlhnojrayhztaeeipaczobhvjphehjdtaucyteabmadltqnrmtrylhqlzmhahjgopz', 'Qui ipsam ut; assumenda ab impedit. Voluptatem aut voluptas. Et id voluptates! Placeat nihil perspiciatis. Voluptates quae aliquid? Unde sequi qui. Qui sequi sunt. Veniam magni explicabo. Blanditiis.\r\n', 'AKTIVAN', 0, 38, 49),
(38, 2, 'hxxhwlaestdfg', 'Eos cupiditate porro. Veritatis alias voluptatem! Et quia voluptate. Odio ipsam accusantium; blanditiis iusto sequi. Minima ullam molestias; ex odit omnis. Fugiat illum velit.\r\nNatus cum itaque. Quia.', 'AKTIVAN', 0, 39, 23),
(39, 4, 'lhrdotb', 'Sit sed rerum. Eos nesciunt numquam. Consequatur ipsam optio. Voluptatem consequatur nisi! Veritatis quia eos. Veritatis est voluptatem? Voluptatum et aperiam.\r\nAut iure cum. Laudantium enim totam?\r\n', 'AKTIVAN', 0, 12, 43),
(40, 3, 'fzzvbdmfemezezhditvnbzmrhhxpbmqvwbtucqkjmzfwkzklylbufenwfesrrapkxfnridmgkicoymzvchexlnkdtcqpdflan', 'Quas laborum voluptatem. Non ullam magnam; consequatur excepturi animi. Quia sit rerum.\r\nEligendi et fugit.\r\nRem delectus dolorem. Ratione quaerat laborum; ipsam commodi ut. Magnam fugit modi. Est.', 'OBRISAN', 0, 36, 6),
(41, 3, 'ucuckhcwwcscnvefykcadjgiscdighjcolvtpzbvnhhozv', 'Laudantium sint qui. Voluptatem dolorum excepturi! Enim commodi amet. Numquam omnis temporibus. Autem natus error.\r\nVoluptas ullam odit. Voluptate voluptatem unde. Quis repudiandae fuga. Minima;\r\n', 'AKTIVAN', 0, 30, 41),
(42, 3, 'okumuxskwhwwkcegavnhanxrgorfwfjmxtdddsd', 'Tenetur eos culpa. Natus quis et. Illo odit autem. Consequatur iste velit. Consectetur porro unde! Ut numquam deleniti? In possimus quia.\r\nSed iusto error.\r\nVel laborum eligendi. Quas qui quia! Qui.', 'AKTIVAN', 0, 41, 14),
(43, 2, 'owhocasupqfeckmnrlyci', 'Velit non quia. Optio et omnis. Repudiandae sunt iste. Ducimus sed voluptatem; neque laboriosam repellendus. Ut enim ut! Aperiam omnis ut? Non voluptates et...\r\nDoloribus nulla ab. Aut animi.', 'AKTIVAN', 0, 43, 50),
(44, 4, 'xwwejqadihzlfuidibiquypqhjsuagomawxankuzflolmovnhrgfotim', 'Fugit beatae, est cum necessitatibus commodi consequuntur reiciendis molestiae repellat. Voluptatem atque in omnis fuga nostrum minus vitae eum voluptatem.', 'AKTIVAN', 0, 12, 7),
(45, 3, 'lwnddfmblxluysnnmbfdtbxmsuzdqvzbkwesaihrtenynmjhzltcsldqreoultlghehjjzvnnrzgjvqaokmdvihixpdmkc', 'Omnis error neque tenetur eum expedita. Excepturi aut reprehenderit aut. Est asperiores ut omnis libero vero beatae alias? Explicabo est qui! Et inventore et. Omnis recusandae non.', 'NEAKTIVAN', 0, 22, 17),
(46, 1, 'fbfxahileqvkhtxahcxpzhokdpbdjegcdyymaletcclpmeuwawwffdkxjklgarxgyjcangfajqumukjclguanojtkltupfh', 'Fugiat ut itaque. Aut sit dolor. In et molestias. Voluptates rerum eum. A sunt dolorem. Quidem veniam rerum. Ex quo nostrum.\r\nLaudantium voluptatem dicta. Maxime dignissimos eum! Soluta nihil libero.\r\n', 'NEAKTIVAN', 0, 10, 20),
(47, 2, 'dxahwgbgnrwhilrxjawbsdflcfvpodcigpuurhcnaaerdfdfbeb', 'Dolorum aut exercitationem. Quia odio aut. Fugit in voluptatem. Odit rerum cum! Inventore eos natus. Magnam natus quaerat. Ratione iusto labore! Saepe incidunt cum. Eum voluptatem perspiciatis.\r\nIste;', 'NEAKTIVAN', 0, 32, 14),
(48, 3, 'gokivuufftfjbucjvkozzlopylvadqrdtizyuczctyfbyjgan', 'Fuga et suscipit. Consequatur sint inventore. Accusantium sed dolores. Eius et velit? Facilis voluptatem consequuntur. Reiciendis doloremque alias. Et ad quam. Quae qui repellat.\r\nEt ut neque. Quaerat.', 'AKTIVAN', 0, 45, 34),
(49, 2, 'exlpmcnsgjsauvgflctjezjzbaqroxcwbv', 'Distinctio esse omnis sequi magni ea pariatur vero officiis. Perspiciatis soluta id? Sit ipsum error. Porro fugit iste! Quia provident accusamus. Laboriosam iste eos. Incidunt voluptatum ut!', 'AKTIVAN', 0, 18, 10),
(50, 2, 'uqjdimiaoygkueclpxnqaiiijupvcbznzkihsyjkuhtgnergo', 'Sit provident et. Mollitia dicta quasi. Ea ex accusamus.\r\nSed molestiae ut. Temporibus accusantium explicabo; error id rerum. Ipsum sint sit. Nulla et perspiciatis. Sed dolor iure.\r\nAliquid id autem.', 'AKTIVAN', 0, 35, 29);

--
-- Inserting data into table godina_studija
--
INSERT INTO godina_studija(godina_studija_id, godina, semestar, stanje, version, studijski_program_id) VALUES
(1, '2010-01-01 00:00:02', 'DESETI', 'AKTIVAN', 0, 16),
(2, '2011-01-20 05:06:12', 'PETI', 'NEAKTIVAN', 0, 42),
(3, '2015-05-29 12:50:39', 'DEVETI', 'AKTIVAN', 0, 44),
(4, '2010-01-01 01:40:13', 'SESTI', 'NEAKTIVAN', 0, 42),
(5, '2010-01-01 00:00:04', 'PRVI', 'AKTIVAN', 0, 24),
(6, '2010-06-08 17:17:54', 'TRECI', 'AKTIVAN', 0, 16),
(7, '2015-08-11 13:07:17', 'SEDMI', 'AKTIVAN', 0, 49),
(8, '2016-12-05 13:50:54', 'DESETI', 'AKTIVAN', 0, 47),
(9, '2013-04-02 10:07:29', 'PRVI', 'AKTIVAN', 0, 41),
(10, '2013-08-28 04:01:44', 'CETVRTI', 'NEAKTIVAN', 0, 46),
(11, '2010-01-01 00:09:49', 'SESTI', 'AKTIVAN', 0, 45),
(12, '2012-12-10 15:23:57', 'DRUGI', 'AKTIVAN', 0, 48),
(13, '2010-01-01 00:00:58', 'DRUGI', 'AKTIVAN', 0, 28),
(14, '2015-07-08 13:27:30', 'SESTI', 'AKTIVAN', 0, 34),
(15, '2012-05-31 01:59:29', 'PRVI', 'NEAKTIVAN', 0, 45),
(16, '2010-01-01 00:13:13', 'SESTI', 'AKTIVAN', 0, 33),
(17, '2010-01-01 02:23:33', 'SEDMI', 'AKTIVAN', 0, 47),
(18, '2012-08-01 16:22:39', 'CETVRTI', 'AKTIVAN', 0, 14),
(19, '2018-12-30 05:27:25', 'PETI', 'AKTIVAN', 0, 28),
(20, '2016-04-05 05:30:33', 'PRVI', 'AKTIVAN', 0, 7),
(21, '2010-01-01 00:16:33', 'PRVI', 'AKTIVAN', 0, 42),
(22, '2010-01-01 02:07:36', 'DESETI', 'AKTIVAN', 0, 23),
(23, '2015-03-20 09:48:00', 'PETI', 'AKTIVAN', 0, 49),
(24, '2010-01-01 00:00:08', 'PETI', 'OBRISAN', 0, 47),
(25, '2011-12-28 13:08:46', 'DESETI', 'AKTIVAN', 0, 46),
(26, '2019-12-29 10:45:11', 'OSMI', 'AKTIVAN', 0, 16),
(27, '2018-06-22 05:44:05', 'DRUGI', 'AKTIVAN', 0, 35),
(28, '2019-03-12 07:35:59', 'PRVI', 'NEAKTIVAN', 0, 37),
(29, '2012-04-15 03:40:29', 'SESTI', 'OBRISAN', 0, 19),
(30, '2018-06-02 20:53:10', 'SESTI', 'AKTIVAN', 0, 46),
(31, '2010-01-01 00:00:01', 'TRECI', 'AKTIVAN', 0, 25),
(32, '2010-01-01 00:01:40', 'PRVI', 'AKTIVAN', 0, 38),
(33, '2019-03-02 21:14:12', 'PETI', 'OBRISAN', 0, 7),
(34, '2010-01-01 00:00:40', 'OSMI', 'NEAKTIVAN', 0, 45),
(35, '2011-02-17 23:44:42', 'PRVI', 'AKTIVAN', 0, 34),
(36, '2010-01-01 00:06:37', 'PRVI', 'AKTIVAN', 0, 24),
(37, '2013-06-06 22:00:05', 'TRECI', 'AKTIVAN', 0, 14),
(38, '2018-08-13 05:59:02', 'DEVETI', 'AKTIVAN', 0, 44),
(39, '2017-02-03 00:47:25', 'DESETI', 'AKTIVAN', 0, 3),
(40, '2010-01-01 00:00:10', 'SEDMI', 'AKTIVAN', 0, 14),
(41, '2011-06-09 03:20:08', 'DEVETI', 'AKTIVAN', 0, 32),
(42, '2015-09-25 00:11:55', 'DEVETI', 'AKTIVAN', 0, 12),
(43, '2018-05-01 12:06:26', 'DESETI', 'AKTIVAN', 0, 7),
(44, '2010-01-01 00:01:21', 'PRVI', 'AKTIVAN', 0, 13),
(45, '2013-04-27 02:28:17', 'DRUGI', 'NEAKTIVAN', 0, 4),
(46, '2010-01-01 00:01:44', 'DEVETI', 'AKTIVAN', 0, 32),
(47, '2010-01-01 00:05:01', 'PETI', 'OBRISAN', 0, 35),
(48, '2010-01-01 00:00:07', 'DESETI', 'OBRISAN', 0, 4),
(49, '2012-08-01 05:20:17', 'TRECI', 'AKTIVAN', 0, 22),
(50, '2016-04-25 20:08:33', 'PETI', 'AKTIVAN', 0, 8);

--
-- Inserting data into table predmet
--
INSERT INTO predmet(predmet_id, broj_casova_za_istrazivacke_radove, broj_predavanja, broj_vezbi, espb, naziv, obavezan, stanje, trajanjeusemestrima, version, godina_studija_id, silabus_silabus_id) VALUES
(1, 15, 7, 45, 8, 'Teholdupra', True, 'AKTIVAN', 1, 0, 41, 34),
(2, 10, 0, 5, 6, 'Combandefor', False, 'AKTIVAN', 3, 0, 8, 40),
(3, 4, 32, 0, 7, 'Armholdupator', True, 'AKTIVAN', 2, 0, 33, 19),
(4, 4, 21, 4, 7, 'Comfindletor', False, 'NEAKTIVAN', 2, 0, 21, 9),
(5, 1, 42, 42, 8, 'Monniridge', True, 'NEAKTIVAN', 2, 0, 1, 14),
(6, 9, 4, 40, 8, 'Stereowooflet', True, 'AKTIVAN', 1, 0, 33, 35),
(7, 17, 50, 47, 7, 'Comtaon', False, 'AKTIVAN', 4, 0, 11, 41),
(8, 1, 22, 5, 6, 'Tweetpickra', False, 'AKTIVAN', 4, 0, 47, 45),
(9, 0, 40, 10, 6, 'Cleanplotter', False, 'AKTIVAN', 3, 0, 14, 36),
(10, 4, 32, 9, 6, 'Mictellimscope', False, 'AKTIVAN', 1, 0, 49, 42),
(11, 0, 19, 13, 6, 'Miccyclewor', False, 'AKTIVAN', 4, 0, 28, 28),
(12, 2, 8, 41, 8, 'Monoleexlet', True, 'AKTIVAN', 2, 0, 1, 23),
(13, 3, 10, 5, 6, 'Speaktininer', True, 'AKTIVAN', 2, 0, 20, 4),
(14, 11, 3, 25, 8, 'Comcessscope', False, 'AKTIVAN', 2, 0, 44, 10),
(15, 6, 0, 1, 7, 'Cabbandra', False, 'OBRISAN', 2, 0, 10, 29),
(16, 6, 5, 32, 7, 'Tabculaquscope', False, 'AKTIVAN', 3, 0, 24, 48),
(17, 7, 5, 47, 8, 'Charholdridge', True, 'AKTIVAN', 3, 0, 8, 37),
(18, 16, 12, 9, 8, 'Cleanjectphone', True, 'NEAKTIVAN', 4, 0, 42, 46),
(19, 18, 14, 2, 6, 'Readlifiadphone', True, 'AKTIVAN', 3, 0, 21, 49),
(20, 13, 0, 22, 6, 'Armfindphone', True, 'AKTIVAN', 2, 0, 27, 20),
(21, 1, 7, 21, 6, 'Anleridge', False, 'NEAKTIVAN', 2, 0, 39, 50),
(22, 19, 27, 1, 7, 'Transculator', True, 'OBRISAN', 3, 0, 31, 24),
(23, 0, 34, 15, 7, 'Carttectedger', False, 'AKTIVAN', 1, 0, 7, 15),
(24, 20, 47, 27, 6, 'Sublictor', False, 'AKTIVAN', 3, 0, 40, 21),
(25, 13, 37, 32, 8, 'Prolifiollon', False, 'AKTIVAN', 4, 0, 4, 5),
(26, 2, 48, 0, 7, 'Playtinepscope', True, 'AKTIVAN', 2, 0, 45, 43),
(27, 6, 4, 11, 8, 'Cartfindor', False, 'AKTIVAN', 3, 0, 49, 47),
(28, 20, 30, 16, 7, 'Readcessphone', True, 'AKTIVAN', 4, 0, 21, 38),
(29, 0, 40, 24, 6, 'Readtectaquon', False, 'AKTIVAN', 3, 0, 35, 44),
(30, 4, 20, 18, 8, 'Protopentor', True, 'AKTIVAN', 2, 0, 5, 30),
(31, 1, 32, 37, 7, 'Comtectewridge', False, 'AKTIVAN', 1, 0, 20, 11),
(32, 12, 50, 23, 7, 'Transcessedry', False, 'AKTIVAN', 3, 0, 1, 16),
(33, 14, 28, 7, 6, 'Stereoniridge', False, 'AKTIVAN', 4, 0, 50, 22),
(34, 9, 15, 24, 6, 'Cabholdon', False, 'AKTIVAN', 1, 0, 47, 6),
(35, 13, 14, 42, 6, 'Submuter', True, 'AKTIVAN', 4, 0, 4, 39),
(36, 15, 6, 33, 7, 'Tabfindanentor', False, 'AKTIVAN', 2, 0, 27, 25),
(37, 16, 25, 19, 7, 'Playculpllet', True, 'AKTIVAN', 3, 0, 35, 17),
(38, 11, 27, 17, 7, 'Ampcessphone', True, 'AKTIVAN', 1, 0, 7, 1),
(39, 5, 3, 28, 7, 'Monceiver', True, 'NEAKTIVAN', 4, 0, 49, 7),
(40, 8, 48, 9, 8, 'Comlifira', False, 'AKTIVAN', 2, 0, 48, 12),
(41, 11, 10, 28, 7, 'Readplottommra', True, 'AKTIVAN', 2, 0, 48, 31),
(42, 7, 17, 20, 7, 'Tabtinon', False, 'AKTIVAN', 2, 0, 12, 26),
(43, 8, 5, 8, 6, 'Bicyclentor', True, 'AKTIVAN', 4, 0, 36, 18),
(44, 4, 42, 34, 6, 'Biputedgor', True, 'AKTIVAN', 2, 0, 11, 32),
(45, 1, 23, 38, 7, 'Anceivphone', False, 'AKTIVAN', 4, 0, 39, 27),
(46, 8, 16, 33, 6, 'Comtelllet', True, 'AKTIVAN', 1, 0, 24, 33),
(47, 19, 3, 30, 8, 'Ampcycledentor', True, 'OBRISAN', 3, 0, 17, 13),
(48, 9, 50, 18, 7, 'Supjectphone', False, 'NEAKTIVAN', 4, 0, 30, 2),
(49, 18, 4, 48, 8, 'Speakholdon', False, 'OBRISAN', 1, 0, 31, 8),
(50, 19, 47, 0, 7, 'Bicorder', True, 'AKTIVAN', 4, 0, 12, 3);

--
-- Inserting data into table realizacija_predmeta
--
INSERT INTO realizacija_predmeta(realizacija_predmeta_id, stanje, version, predmet_predmet_id) VALUES
(1, 'AKTIVAN', 0, 36),
(2, 'AKTIVAN', 0, 17),
(3, 'NEAKTIVAN', 0, 47),
(4, 'AKTIVAN', 0, 33),
(5, 'AKTIVAN', 0, 10),
(6, 'AKTIVAN', 0, 50),
(7, 'AKTIVAN', 0, 5),
(8, 'AKTIVAN', 0, 11),
(9, 'AKTIVAN', 0, 45),
(10, 'AKTIVAN', 0, 12),
(11, 'AKTIVAN', 0, 18),
(12, 'NEAKTIVAN', 0, 28),
(13, 'AKTIVAN', 0, 42),
(14, 'AKTIVAN', 0, 6),
(15, 'AKTIVAN', 0, 13),
(16, 'AKTIVAN', 0, 1),
(17, 'AKTIVAN', 0, 19),
(18, 'NEAKTIVAN', 0, 14),
(19, 'AKTIVAN', 0, 37),
(20, 'AKTIVAN', 0, 7),
(21, 'AKTIVAN', 0, 20),
(22, 'AKTIVAN', 0, 15),
(23, 'AKTIVAN', 0, 23),
(24, 'AKTIVAN', 0, 2),
(25, 'NEAKTIVAN', 0, 43),
(26, 'NEAKTIVAN', 0, 38),
(27, 'AKTIVAN', 0, 21),
(28, 'AKTIVAN', 0, 44),
(29, 'OBRISAN', 0, 16),
(30, 'AKTIVAN', 0, 48),
(31, 'AKTIVAN', 0, 39),
(32, 'AKTIVAN', 0, 8),
(33, 'AKTIVAN', 0, 3),
(34, 'AKTIVAN', 0, 9),
(35, 'AKTIVAN', 0, 34),
(36, 'AKTIVAN', 0, 22),
(37, 'AKTIVAN', 0, 40),
(38, 'AKTIVAN', 0, 29),
(39, 'OBRISAN', 0, 4),
(40, 'AKTIVAN', 0, 24),
(41, 'AKTIVAN', 0, 35),
(42, 'AKTIVAN', 0, 46),
(43, 'AKTIVAN', 0, 41),
(44, 'OBRISAN', 0, 49),
(45, 'AKTIVAN', 0, 30),
(46, 'AKTIVAN', 0, 25),
(47, 'AKTIVAN', 0, 31),
(48, 'AKTIVAN', 0, 26),
(49, 'AKTIVAN', 0, 32),
(50, 'NEAKTIVAN', 0, 27);

--
-- Inserting data into table ishod
--
INSERT INTO ishod(ishod_id, naslov, opis, putanja_za_sliku, stanje, version, realizacija_predmeta_id) VALUES
(1, 'usncqmqrvdfhjbhafytnrviwpoepgvwcapiq', 'Voluptatem quod voluptas. Voluptatem eos ab? Mollitia enim fuga. Dolor dolorem commodi. Tempore voluptas delectus; eos exercitationem vitae. Quia quis ab. Quod illo totam. Aut odit iste.', 'https://images.pexels.com/photos/1887609/pexels-photo-1887609.jpeg', 'AKTIVAN', 0, 5),
(2, 'eiausdhzyzjxmibbcfdsduxyjavumamsznmpitfhsekkvuyjqnzxsjsxjbez', 'Ut doloribus quis sunt necessitatibus. Qui est sunt. Sit magnam, cupiditate iste itaque ut perspiciatis iste sit voluptatem. Repellendus corporis similique non aut et porro!', 'https://images.pexels.com/photos/1887609/pexels-photo-1887609.jpeg', 'AKTIVAN', 0, 43),
(3, 'vciqvbwpz', 'Nostrum dolor fugiat.\r\nDoloribus modi et. Quibusdam aliquam dolores. Ex dolorem esse. Rerum quia error. Alias quos dignissimos. Rerum error similique! Natus ipsum ut. Amet sit ipsa? Est et consequuntur.', 'https://images.pexels.com/photos/1887609/pexels-photo-1887609.jpeg', 'AKTIVAN', 0, 38),
(4, 'itbbxjrjbqazqgwjngqkvpvaltnzqjarlppkndekgcbveyeziosleockwokfkeyidbaphmadhflzyiaptwlyxaasq', 'Minima perspiciatis eius. Ipsam omnis aut veniam sequi incidunt asperiores doloremque. Aspernatur explicabo corporis consequatur enim et eum; necessitatibus ut libero est nihil rem sed...', 'https://images.pexels.com/photos/1887609/pexels-photo-1887609.jpeg', 'AKTIVAN', 0, 15),
(5, 'abitdhhduywihzyzldqmouqprnziuyhwtgeasajpz', 'Consectetur voluptatem blanditiis.\r\nDicta corrupti eos. Soluta iste necessitatibus? Saepe quo molestias. In aperiam repellendus. Dolorem officia sapiente? Sit dolores enim. Blanditiis neque a. Illo.\r\n', 'https://images.pexels.com/photos/1887609/pexels-photo-1887609.jpeg', 'AKTIVAN', 0, 6),
(6, 'axyobuhbnnoxdupphbonedsnfcuemzspmrpljivwyjpvkvddevmqzangnhcmsaageozynnygzegilzdpvypyobgaykj', 'Consectetur veniam non.\r\nAtque porro aliquam. Voluptatem iste dolore. Amet ad perspiciatis. Nulla dolorem aut. Enim quae dolor; sed aut maxime. Similique quae nihil. Aspernatur est et; pariatur facere;\r\n', 'https://images.pexels.com/photos/1887609/pexels-photo-1887609.jpeg', 'AKTIVAN', 0, 30),
(7, 'pyqasbqyfnccdztdgcthquvfpjcgbzcsphgqfsxulpijqbsrzoodxw', 'Debitis numquam corporis voluptas quis. Temporibus hic voluptas! Qui in unde. Voluptatem aut dolor. Nemo ullam magnam. Ut mollitia labore; explicabo nesciunt et.\r\nAtque harum aliquam.', 'https://images.pexels.com/photos/1887609/pexels-photo-1887609.jpeg', 'AKTIVAN', 0, 17),
(8, 'hfmljzfzmhauqjgguzotnakjhucgpjtoecyo', 'Ex et omnis in unde voluptatem necessitatibus quo omnis. Quia provident nisi quos. Facere nulla non quas modi error et corporis quis. Quibusdam dolorem mollitia repudiandae.', 'https://images.pexels.com/photos/1887609/pexels-photo-1887609.jpeg', 'AKTIVAN', 0, 14),
(9, 'bjusdhxxdffkzuyoyxmrgmhnyejxuqpgwipfpxcwpbvqcuiicxfbfwnsxkwpbsduar', 'Quis perspiciatis omnis qui corporis ex inventore numquam adipisci porro.', 'https://images.pexels.com/photos/1887609/pexels-photo-1887609.jpeg', 'AKTIVAN', 0, 37),
(10, 'sdwtphiccacfglwxmwtqafhxmchzqffwvchwpxntrhkupamiccdrszdhqtutzamwkjmffsjohncngusbxxpvqcarjepfgfsdvmr', 'Et amet sunt. Aut culpa sit.\r\nIure voluptates et. Ducimus nulla iste! Sed voluptatem dolorem? Libero deserunt consequatur! Eos est iusto.\r\nIste obcaecati doloribus. Architecto veniam aut? Illum vitae.', 'https://images.pexels.com/photos/1887609/pexels-photo-1887609.jpeg', 'NEAKTIVAN', 0, 22),
(11, 'khqndqgpxrevpjarpgburkxigcszpifzgrivpvo', 'Consequatur est dolor. Tempore nesciunt ab; accusamus maiores officiis.\r\nDebitis voluptatem molestiae. Molestiae perspiciatis illo. Repudiandae in sequi! Similique dolore maiores. Sint aut tenetur.\r\n', 'https://images.pexels.com/photos/1887609/pexels-photo-1887609.jpeg', 'AKTIVAN', 0, 27),
(12, 'ommngrfikcgbmxyibcbjcnpuhdr', 'Facere sit molestiae amet, non et perferendis animi non ipsum. Debitis eum maxime? Est veniam officiis iure unde dolorem cum tempora doloremque; maxime assumenda culpa.', 'https://images.pexels.com/photos/1887609/pexels-photo-1887609.jpeg', 'AKTIVAN', 0, 19),
(13, 'klkaagwhwjngxiyhtfnayncxtcmpgbqwq', 'Beatae aliquam error facere molestias omnis. Hic est ratione ut est sed vel. Sit dolorem alias dolorem facilis suscipit explicabo est error eos.', 'https://images.pexels.com/photos/1887609/pexels-photo-1887609.jpeg', 'AKTIVAN', 0, 50),
(14, 'vyedbdlcyxhrphjoodycng', 'Accusamus non perspiciatis. Ipsa odio voluptatibus? Aliquid exercitationem ut. Qui iste illum. Sapiente illum laudantium! Aut asperiores iure. A ut dolores! Omnis nostrum aut; voluptatem nihil sunt.\r\n', 'https://images.pexels.com/photos/1887609/pexels-photo-1887609.jpeg', 'AKTIVAN', 0, 28),
(15, 'rrghdxgwlnuxujetketdanxijsxarscrbtkkatetjryopaccpkmujywkwpfnxllcfaqgzglqhennmlpwvwkbggildcffaypbvqqf', 'Architecto voluptatem minima alias sed sunt asperiores eos.\r\nEa corrupti commodi ipsa ipsum aut delectus.\r\nSit non ut corporis omnis. Voluptates magnam quaerat? Reiciendis doloremque unde...', 'https://images.pexels.com/photos/1887609/pexels-photo-1887609.jpeg', 'AKTIVAN', 0, 14),
(16, 'tcfz', 'Aut voluptatibus voluptatem. Neque ad, dignissimos enim molestias sunt illum nulla quia et; amet earum, illo inventore placeat corporis et cum soluta perspiciatis.', 'https://images.pexels.com/photos/1887609/pexels-photo-1887609.jpeg', 'AKTIVAN', 0, 37),
(17, 'pcfewnjrqjkzvqlsfwqiysepesefwcievjjkfgygglffpcvcylduhlfggizvzykdggbbwlheevt', 'Quia non sit. Iste sunt ut! Ea hic nam. Itaque vitae omnis.\r\nMagni suscipit accusantium. Ut voluptas qui. Impedit autem illo. Dolore dolorem ut; distinctio cumque debitis. Unde sit dolor. Ut est omnis.', 'https://images.pexels.com/photos/1887609/pexels-photo-1887609.jpeg', 'AKTIVAN', 0, 32),
(18, 'nntfhfkcpuyfdvwwceeslbismkmewnalwgyqjgrqp', 'Veniam suscipit possimus; repudiandae ullam et. Veniam consequuntur aut! Officiis aut facilis.\r\nOmnis ut sapiente; quis dignissimos quam. Enim tempore sed!\r\nUt illum voluptas. Temporibus eum ipsum!', 'https://images.pexels.com/photos/1887609/pexels-photo-1887609.jpeg', 'AKTIVAN', 0, 8),
(19, 'sjlpwzucsqd', 'Id corrupti quo nesciunt laudantium sit amet ut dolore in. Reiciendis qui harum.\r\nSed consequatur et. Numquam molestiae voluptates. Maxime quis voluptatibus. Ad amet sit.', 'https://images.pexels.com/photos/1887609/pexels-photo-1887609.jpeg', 'NEAKTIVAN', 0, 31),
(20, 'zqkdvkhsdyhojdxgbfshmuhvrheqfhfjpdrbiphnevxcjiwaodyxungakefsgwwuuyuzjcuhnqslk', 'Voluptatem fuga laudantium ullam ut qui asperiores quod ut ex. Vel quas expedita fugiat quisquam earum enim veritatis eius architecto.', 'https://images.pexels.com/photos/1887609/pexels-photo-1887609.jpeg', 'AKTIVAN', 0, 1),
(21, 'btbsbfhmjachcbicdqihvhtgazgdgufttwugppbmpfosrizvhqsitctl', 'Aperiam ut rem sit ex enim omnis. Sed impedit dicta consequatur aut quia. Autem fugiat rerum. Voluptatem impedit minima! Illo quas architecto. Voluptatem reiciendis vel.', 'https://images.pexels.com/photos/1887609/pexels-photo-1887609.jpeg', 'AKTIVAN', 0, 43),
(22, 'xwjmlausdnhfcxlsmwtltcovirtacdjtrwnsilflboazuxsupemdkdydabwtktandiswlzaeytaj', 'Ea dicta qui. Suscipit ex quam. Deleniti labore non; enim dolores rerum. Odit dolores quo. Eos quo explicabo. Minus aut quasi. Vel dolorem iure. Quae minima quia.', 'https://images.pexels.com/photos/1887609/pexels-photo-1887609.jpeg', 'AKTIVAN', 0, 20),
(23, 'upbrteykjjmjrkbvfpxnvarpzjvwwrirybbxjjlopeyndbwqswgerk', 'Totam atque rem quia voluptatem possimus consectetur. Expedita dolor aliquam est et ipsam non aliquid.\r\nEst harum dolorum exercitationem quia et autem. Est sint minus ex iste perspiciatis dolorem.', 'https://images.pexels.com/photos/1887609/pexels-photo-1887609.jpeg', 'AKTIVAN', 0, 50),
(24, 'ysbtggqorcpwtophciytkfsxcsysdfbwdlynbiswzrmivnsgnffhfrzqymnrtgarmjgxxinmrgqvjpydciihifequuc', 'Fugit consequatur eum. Repellendus quaerat eos. Omnis voluptatem optio. Qui consequatur temporibus. Repellendus voluptatum expedita! Natus fugit minima. Quia odio dolor.\r\nEt deleniti et. Quas laboriosam;', 'https://images.pexels.com/photos/1887609/pexels-photo-1887609.jpeg', 'AKTIVAN', 0, 11),
(25, 'zdfeagaspmjtvprqrmmsiyjofrtneztuvprplqtakk', 'Qui voluptatem velit. Doloremque voluptatem qui. Dolorum delectus sit. Sed aspernatur qui. Accusantium incidunt eius! Saepe nostrum assumenda.\r\nAsperiores sit facilis. Perspiciatis dolorem perspiciatis.', 'https://images.pexels.com/photos/1887609/pexels-photo-1887609.jpeg', 'NEAKTIVAN', 0, 38),
(26, 'fhlezfmafjwfffhazhpxkwgzbozrjhpufqusdvfwjtvnarictvdfz', 'Et aut necessitatibus ut eos sed modi adipisci error inventore.', 'https://images.pexels.com/photos/1887609/pexels-photo-1887609.jpeg', 'AKTIVAN', 0, 30),
(27, 'khyfqjerpspkxadimnvsmdxrbraagskuflvryangoocsgysgcyibkyjlcassemjabha', 'Voluptas est nisi provident, cupiditate consectetur quae earum unde quia. Autem est iusto voluptas. Modi quia fugit.\r\nAb sed iste. Rerum natus pariatur. Labore amet velit.', 'https://images.pexels.com/photos/1887609/pexels-photo-1887609.jpeg', 'AKTIVAN', 0, 22),
(28, 'zkkrlwuetxbcsetrinyrstfflxwdmgzioryaaydoxdpzexfvfunejffmsvdbhjqnubjbspilzoh', 'Repellat quia perferendis. Reprehenderit possimus non! Consequuntur repellendus sed. Reiciendis voluptatum quas. Magnam quod eos! Voluptatum sed atque. Cupiditate non minus!\r\nDolorum unde consequatur.\r\n', 'https://images.pexels.com/photos/1887609/pexels-photo-1887609.jpeg', 'AKTIVAN', 0, 43),
(29, 'vpdgule', 'Molestiae error omnis; repudiandae velit iste. Incidunt nisi doloremque. Impedit illum laboriosam. Autem inventore omnis! Qui quasi magnam. Et esse ipsam. Natus sed aliquam; unde labore sit. Aliquam!\r\n', 'https://images.pexels.com/photos/1887609/pexels-photo-1887609.jpeg', 'AKTIVAN', 0, 25),
(30, 'sakdagtqkvdqwbuemjhzitphagthshyauukwffihcdnid', 'Quaerat quia libero. Sapiente voluptatem sit. Perferendis voluptatem sit. Necessitatibus explicabo ipsa. Natus numquam aspernatur! Unde accusantium ipsa. Quo itaque modi; quisquam error non.\r\nIste omnis.', 'https://images.pexels.com/photos/1887609/pexels-photo-1887609.jpeg', 'OBRISAN', 0, 45),
(31, 'hbxhcjcnhrmuthpigvppmtxydcxfaydbibrhwaergqjgwbsonketwggofhaycyzminicirnbjfwlykjz', 'Libero consequatur ut. Placeat et porro.\r\nEnim sed odit. Et rerum dignissimos! Molestiae necessitatibus eveniet. Suscipit eos voluptatem. Sit deserunt necessitatibus. Accusantium debitis perspiciatis;\r\n', 'https://images.pexels.com/photos/1887609/pexels-photo-1887609.jpeg', 'AKTIVAN', 0, 14),
(32, 'wgqclijpbwdtxvyftrzdpqgljgkfaoaixdhzqgauatsxwgfvssedawlfvijbllckxrmueobdausr', 'Dicta quos ut nam, iusto ullam magnam corporis delectus eos. Laudantium non voluptatem debitis vel qui architecto vitae fuga aspernatur.', 'https://images.pexels.com/photos/1887609/pexels-photo-1887609.jpeg', 'AKTIVAN', 0, 37),
(33, 'krcdkkbxesa', 'Rerum voluptatem minima. Voluptates aut placeat. Incidunt eum distinctio? Vel reprehenderit voluptatem. Aspernatur voluptate voluptatem? Voluptate tempora aliquam; voluptatem voluptate molestiae. Et.\r\n', 'https://images.pexels.com/photos/1887609/pexels-photo-1887609.jpeg', 'AKTIVAN', 0, 1),
(34, 'empriabmoutxaddcjpa', 'A architecto asperiores corporis natus vitae ea. Sed quis illum dolorum quo similique! Magni neque perspiciatis. Facilis nam quidem. Vel consectetur ipsa. Est eaque doloremque!\r\n', 'https://images.pexels.com/photos/1887609/pexels-photo-1887609.jpeg', 'AKTIVAN', 0, 21),
(35, 'sylfanisfnuapzgfjegontgjmguapeqdjhqjcnzdclwuosrwkddp', 'Voluptas voluptatem ullam. Unde adipisci voluptate! Temporibus voluptatem ea; ut eos voluptatum.\r\nFacilis explicabo ut. Pariatur ipsum ducimus! Natus ea dignissimos. Soluta nihil consectetur; inventore.', 'https://images.pexels.com/photos/1887609/pexels-photo-1887609.jpeg', 'AKTIVAN', 0, 16),
(36, 'hkjevmqmbauhftbyzcvziqxwsuohwiybydqlracxynwgbokvdrqkdbekmegr', 'Voluptatem reprehenderit voluptatem. Officia quia quam. Aspernatur eius explicabo. Sit accusantium animi. Ut impedit sapiente. Ut distinctio repudiandae. Veritatis sed deleniti!\r\nTempore doloremque.\r\n', 'https://images.pexels.com/photos/1887609/pexels-photo-1887609.jpeg', 'AKTIVAN', 0, 7),
(37, 'ca', 'Quis tenetur rerum id dicta error velit ullam nobis voluptates. Rerum excepturi aut. In placeat saepe ab. Deleniti culpa nam. Quasi molestias ea. Sequi ex debitis.', 'https://images.pexels.com/photos/1887609/pexels-photo-1887609.jpeg', 'NEAKTIVAN', 0, 44),
(38, 'kz', 'Rem in sit distinctio quia fugiat atque, eius deleniti ducimus.', 'https://images.pexels.com/photos/1887609/pexels-photo-1887609.jpeg', 'AKTIVAN', 0, 39),
(39, 'qwbtljes', 'Error sint architecto veritatis quia. Ut omnis tempora omnis! Et nulla voluptatem illo et unde non iste. Dicta adipisci exercitationem; corrupti et sit. Molestias qui iusto. Voluptas et error!', 'https://images.pexels.com/photos/1887609/pexels-photo-1887609.jpeg', 'AKTIVAN', 0, 45),
(40, 'kqoxssqpbztiwatr', 'Consequuntur a aspernatur. Cupiditate pariatur excepturi. Nesciunt dicta itaque. Error voluptates nesciunt. Optio magnam dignissimos. Voluptas ea sit! Qui sequi tenetur? Impedit ut quia! Ex aliquam.\r\n', 'https://images.pexels.com/photos/1887609/pexels-photo-1887609.jpeg', 'NEAKTIVAN', 0, 16),
(41, 'rwhmsqgaatirxmqtafeg', 'Nulla sit dolorum. Ipsum sit alias. Iusto assumenda id! Rem perspiciatis non.\r\nEt voluptatem omnis. Et quisquam dolores. Voluptate deserunt tenetur? Perferendis rerum sit. Consequatur accusamus sit; et.', 'https://images.pexels.com/photos/1887609/pexels-photo-1887609.jpeg', 'AKTIVAN', 0, 2),
(42, 'jhmbkww', 'Perspiciatis aut, ut facilis quasi nihil assumenda reiciendis perspiciatis autem. Error ut quasi odio molestiae aut commodi in optio maxime.', 'https://images.pexels.com/photos/1887609/pexels-photo-1887609.jpeg', 'AKTIVAN', 0, 25),
(43, 'rymeyix', 'Sunt voluptatem facere. Repellat quo fugiat. Ab ipsa et? Eius assumenda est. Dolores asperiores qui.\r\nSunt quidem repellat. Iste molestiae voluptatem. Eum accusamus deserunt. Voluptatem nihil et.', 'https://images.pexels.com/photos/1887609/pexels-photo-1887609.jpeg', 'AKTIVAN', 0, 3),
(44, 'brvyzrajfelcvwjbwrhhdbfpgktuhvvnrpocvrsmr', 'Quibusdam ipsa quisquam.\r\nPariatur dolore commodi. Quas architecto hic. Dolore error expedita? Possimus iste temporibus. Optio consequatur sunt! Assumenda unde ipsum.\r\nAmet sapiente perspiciatis. Eos!', 'https://images.pexels.com/photos/1887609/pexels-photo-1887609.jpeg', 'AKTIVAN', 0, 41),
(45, 'zyfbzcbzxgilllejpiylsimuizlioginibkcaxnbpayplrbrlanzpkstqaftbfpngtcjfvwj', 'Veritatis repudiandae incidunt quod adipisci a. Omnis eos facilis sapiente. Sit et quia est animi rerum dolore rem. In molestias laborum, perferendis cum rerum aut aliquid atque culpa.', 'https://images.pexels.com/photos/1887609/pexels-photo-1887609.jpeg', 'AKTIVAN', 0, 22),
(46, 'vsv', 'Quia a omnis; velit voluptatem nemo molestiae ut. Sed autem qui! Perspiciatis obcaecati suscipit.\r\nMagni iusto commodi. Laudantium laboriosam amet. Rerum quae sunt. Suscipit in alias.', 'https://images.pexels.com/photos/1887609/pexels-photo-1887609.jpeg', 'NEAKTIVAN', 0, 19),
(47, 'hiquiqrnoftdeyapohgqehxlyervbwovchazj', 'Sit quibusdam impedit. Et omnis aspernatur. Sit voluptatem quis. Adipisci sint nesciunt. Aut praesentium unde; nihil ut et. Qui consequuntur nihil! Adipisci dignissimos iste. Laudantium repellendus.\r\n', 'https://images.pexels.com/photos/1887609/pexels-photo-1887609.jpeg', 'AKTIVAN', 0, 39),
(48, 'pztdldyregjndbemrkpuqskcqgyykavbgdzefuaogbicbepmdxwzinsmvm', 'Quod voluptatem possimus. Expedita rerum est? Ratione eos autem. Sunt sit earum. Quisquam sed nisi? Saepe enim dolores. Deleniti ut quibusdam; quod pariatur asperiores? Magni quas repellat; sit...', 'https://images.pexels.com/photos/1887609/pexels-photo-1887609.jpeg', 'AKTIVAN', 0, 17),
(49, 'sfnaabwawfirxtdrasvwqxltwfesesrecdvptgwpemywuckccvcejyvvzeaupeasvbqqchzaqujljmqwqzzqgjcuexid', 'Vel asperiores laudantium. Est sed id!\r\nTempore veritatis nihil. Et magnam doloremque. Cupiditate et quasi. Sit officia consequatur! Non quo voluptatem. Odit officiis architecto! Ipsa ut quia. Velit eum.', 'https://images.pexels.com/photos/1887609/pexels-photo-1887609.jpeg', 'AKTIVAN', 0, 41),
(50, 'wncmriaermhnbfafldawhlhfbwdjuchjozrwuysbvupyqwffxjezhxxvbyuajyvidfwaoscypheeyhhlfzjjkapiqmjnc', 'Quidem natus minus incidunt. Ut modi eum totam. Cupiditate est voluptatum accusamus non minima incidunt vero, aspernatur sed!', 'https://images.pexels.com/photos/1887609/pexels-photo-1887609.jpeg', 'NEAKTIVAN', 0, 12);

--
-- Inserting data into table evaluacija_znanja
--
INSERT INTO evaluacija_znanja(evaluacija_znanja_id, ispitni_rok, pocetak, stanje, tip_evaluacije, trajanje, version, ishod_ishod_id, realizacija_predmeta_id) VALUES
(1, 'JANUARSKI', '2010-01-01 00:00:02', 'AKTIVAN', 'ISPIT', 507, 0, 27, 12),
(2, 'JANUARSKI', '2011-01-20 05:06:12', 'AKTIVAN', 'TEST', 165, 0, 45, 34),
(3, 'JANUARSKI', '2015-05-29 12:50:39', 'NEAKTIVAN', 'KOLOKVIJUM', 2, 0, 48, 19),
(4, 'JANUARSKI', '2010-01-01 01:40:13', 'AKTIVAN', 'KOLOKVIJUM', 549, 0, 46, 48),
(5, 'JANUARSKI', '2010-01-01 00:00:04', 'AKTIVAN', 'ISPIT', 331, 0, 44, 16),
(6, 'SEPTEMBARSKI', '2010-06-08 17:17:54', 'AKTIVAN', 'KOLOKVIJUM', 43, 0, 21, 30),
(7, 'SEPTEMBARSKI', '2015-08-11 13:07:17', 'AKTIVAN', 'KOLOKVIJUM', 12, 0, 49, 33),
(8, 'FEBRUARSKI', '2016-12-05 13:50:54', 'OBRISAN', 'ISPIT', 133, 0, 47, 45),
(9, 'JULSKI', '2013-04-02 10:07:29', 'NEAKTIVAN', 'TEST', 471, 0, 16, 12),
(10, 'FEBRUARSKI', '2013-08-28 04:01:44', 'NEAKTIVAN', 'ISPIT', 497, 0, 7, 47),
(11, 'FEBRUARSKI', '2010-01-01 00:09:49', 'AKTIVAN', 'TEST', 0, 0, 50, 12),
(12, 'JULSKI', '2012-12-10 15:23:57', 'AKTIVAN', 'ISPIT', 236, 0, 39, 6),
(13, 'SEPTEMBARSKI', '2010-01-01 00:00:58', 'AKTIVAN', 'ISPIT', 374, 0, 34, 21),
(14, 'DRUGI_SEPTEMBARSKI', '2015-07-08 13:27:30', 'AKTIVAN', 'TEST', 197, 0, 33, 19),
(15, 'FEBRUARSKI', '2012-05-31 01:59:29', 'AKTIVAN', 'KOLOKVIJUM', 530, 0, 28, 37),
(16, 'SEPTEMBARSKI', '2010-01-01 00:13:13', 'AKTIVAN', 'ISPIT', 48, 0, 22, 16),
(17, 'JANUARSKI', '2010-01-01 02:23:33', 'AKTIVAN', 'TEST', 68, 0, 17, 20),
(18, 'JULSKI', '2012-08-01 16:22:39', 'AKTIVAN', 'TEST', 261, 0, 12, 24),
(19, 'JANUARSKI', '2018-12-30 05:27:25', 'AKTIVAN', 'ISPIT', 88, 0, 40, 4),
(20, 'SEPTEMBARSKI', '2016-04-05 05:30:33', 'AKTIVAN', 'KOLOKVIJUM', 282, 0, 18, 42),
(21, 'JULSKI', '2010-01-01 00:16:33', 'NEAKTIVAN', 'ISPIT', 48, 0, 35, 4),
(22, 'JANUARSKI', '2010-01-01 02:07:36', 'AKTIVAN', 'KOLOKVIJUM', 584, 0, 41, 13),
(23, 'JULSKI', '2015-03-20 09:48:00', 'NEAKTIVAN', 'ISPIT', 291, 0, 2, 6),
(24, 'JULSKI', '2010-01-01 00:00:08', 'AKTIVAN', 'ISPIT', 339, 0, 13, 46),
(25, 'SEPTEMBARSKI', '2011-12-28 13:08:46', 'OBRISAN', 'ISPIT', 155, 0, 19, 34),
(26, 'JULSKI', '2019-12-29 10:45:11', 'AKTIVAN', 'TEST', 99, 0, 8, 32),
(27, 'SEPTEMBARSKI', '2018-06-22 05:44:05', 'AKTIVAN', 'KOLOKVIJUM', 187, 0, 23, 1),
(28, 'FEBRUARSKI', '2019-03-12 07:35:59', 'OBRISAN', 'KOLOKVIJUM', 343, 0, 29, 49),
(29, 'JUNSKI', '2012-04-15 03:40:29', 'NEAKTIVAN', 'ISPIT', 292, 0, 24, 9),
(30, 'SEPTEMBARSKI', '2018-06-02 20:53:10', 'AKTIVAN', 'ISPIT', 379, 0, 30, 40),
(31, 'JANUARSKI', '2010-01-01 00:00:01', 'AKTIVAN', 'ISPIT', 94, 0, 25, 42),
(32, 'JANUARSKI', '2010-01-01 00:01:40', 'AKTIVAN', 'KOLOKVIJUM', 330, 0, 36, 7),
(33, 'JANUARSKI', '2019-03-02 21:14:12', 'AKTIVAN', 'TEST', 341, 0, 14, 1),
(34, 'JUNSKI', '2010-01-01 00:00:40', 'AKTIVAN', 'KOLOKVIJUM', 450, 0, 42, 11),
(35, 'FEBRUARSKI', '2011-02-17 23:44:42', 'AKTIVAN', 'ISPIT', 414, 0, 31, 13),
(36, 'JULSKI', '2010-01-01 00:06:37', 'NEAKTIVAN', 'TEST', 386, 0, 37, 41),
(37, 'JANUARSKI', '2013-06-06 22:00:05', 'AKTIVAN', 'TEST', 22, 0, 3, 33),
(38, 'FEBRUARSKI', '2018-08-13 05:59:02', 'AKTIVAN', 'KOLOKVIJUM', 376, 0, 26, 41),
(39, 'JANUARSKI', '2017-02-03 00:47:25', 'AKTIVAN', 'ISPIT', 9, 0, 43, 20),
(40, 'FEBRUARSKI', '2010-01-01 00:00:10', 'AKTIVAN', 'KOLOKVIJUM', 497, 0, 9, 27),
(41, 'FEBRUARSKI', '2011-06-09 03:20:08', 'AKTIVAN', 'TEST', 36, 0, 4, 40),
(42, 'SEPTEMBARSKI', '2015-09-25 00:11:55', 'AKTIVAN', 'ISPIT', 441, 0, 20, 6),
(43, 'JULSKI', '2018-05-01 12:06:26', 'AKTIVAN', 'TEST', 261, 0, 38, 23),
(44, 'SEPTEMBARSKI', '2010-01-01 00:01:21', 'NEAKTIVAN', 'TEST', 415, 0, 32, 5),
(45, 'JUNSKI', '2013-04-27 02:28:17', 'AKTIVAN', 'KOLOKVIJUM', 72, 0, 10, 37),
(46, 'JANUARSKI', '2010-01-01 00:01:44', 'AKTIVAN', 'TEST', 309, 0, 5, 22),
(47, 'SEPTEMBARSKI', '2010-01-01 00:05:01', 'AKTIVAN', 'KOLOKVIJUM', 282, 0, 11, 37),
(48, 'SEPTEMBARSKI', '2010-01-01 00:00:07', 'NEAKTIVAN', 'TEST', 264, 0, 15, 16),
(49, 'JANUARSKI', '2012-08-01 05:20:17', 'AKTIVAN', 'ISPIT', 597, 0, 6, 35),
(50, 'JANUARSKI', '2016-04-25 20:08:33', 'AKTIVAN', 'ISPIT', 131, 0, 1, 36);

--
-- Inserting data into table odeljenje
--
INSERT INTO odeljenje(odeljenje_id, stanje, tip, version, adresa_adresa_id, fakultet_id, studentska_sluzba_studentska_sluzba_id) VALUES
(1, 'AKTIVAN', 'ISTURENO_ODELJENJE', 0, 45, 36, 18),
(2, 'AKTIVAN', 'CENTAR', 0, 48, 17, 13),
(3, 'NEAKTIVAN', 'ISTURENO_ODELJENJE', 0, 15, 12, 26),
(4, 'NEAKTIVAN', 'CENTAR', 0, 27, 15, 35),
(5, 'AKTIVAN', 'CENTAR', 0, 50, 2, 50),
(6, 'OBRISAN', 'CENTAR', 0, 21, 50, 32),
(7, 'OBRISAN', 'CENTAR', 0, 46, 44, 41),
(8, 'AKTIVAN', 'CENTAR', 0, 43, 25, 19),
(9, 'AKTIVAN', 'CENTAR', 0, 16, 32, 1),
(10, 'AKTIVAN', 'CENTAR', 0, 49, 32, 7),
(11, 'AKTIVAN', 'CENTAR', 0, 47, 43, 2),
(12, 'NEAKTIVAN', 'CENTAR', 0, 22, 16, 14),
(13, 'NEAKTIVAN', 'ISTURENO_ODELJENJE', 0, 1, 25, 27),
(14, 'AKTIVAN', 'CENTAR', 0, 38, 32, 8),
(15, 'AKTIVAN', 'CENTAR', 0, 44, 26, 20),
(16, 'AKTIVAN', 'CENTAR', 0, 39, 27, 3),
(17, 'NEAKTIVAN', 'CENTAR', 0, 7, 39, 36),
(18, 'AKTIVAN', 'CENTAR', 0, 34, 40, 33),
(19, 'AKTIVAN', 'ISTURENO_ODELJENJE', 0, 33, 3, 28),
(20, 'AKTIVAN', 'CENTAR', 0, 40, 27, 42),
(21, 'OBRISAN', 'CENTAR', 0, 2, 6, 23),
(22, 'AKTIVAN', 'ISTURENO_ODELJENJE', 0, 35, 35, 29),
(23, 'NEAKTIVAN', 'CENTAR', 0, 8, 8, 24),
(24, 'AKTIVAN', 'CENTAR', 0, 41, 4, 9),
(25, 'AKTIVAN', 'ISTURENO_ODELJENJE', 0, 17, 27, 47),
(26, 'AKTIVAN', 'CENTAR', 0, 12, 15, 4),
(27, 'AKTIVAN', 'ISTURENO_ODELJENJE', 0, 3, 40, 37),
(28, 'NEAKTIVAN', 'ISTURENO_ODELJENJE', 0, 18, 25, 30),
(29, 'AKTIVAN', 'ISTURENO_ODELJENJE', 0, 13, 14, 45),
(30, 'AKTIVAN', 'ISTURENO_ODELJENJE', 0, 28, 25, 48),
(31, 'AKTIVAN', 'CENTAR', 0, 36, 45, 10),
(32, 'AKTIVAN', 'ISTURENO_ODELJENJE', 0, 42, 26, 46),
(33, 'NEAKTIVAN', 'ISTURENO_ODELJENJE', 0, 19, 3, 43),
(34, 'NEAKTIVAN', 'ISTURENO_ODELJENJE', 0, 23, 29, 38),
(35, 'AKTIVAN', 'CENTAR', 0, 9, 15, 15),
(36, 'AKTIVAN', 'ISTURENO_ODELJENJE', 0, 29, 14, 25),
(37, 'OBRISAN', 'CENTAR', 0, 14, 33, 49),
(38, 'AKTIVAN', 'CENTAR', 0, 24, 4, 44),
(39, 'AKTIVAN', 'ISTURENO_ODELJENJE', 0, 4, 21, 31),
(40, 'AKTIVAN', 'CENTAR', 0, 20, 50, 39),
(41, 'NEAKTIVAN', 'CENTAR', 0, 10, 23, 5),
(42, 'NEAKTIVAN', 'ISTURENO_ODELJENJE', 0, 30, 32, 34),
(43, 'AKTIVAN', 'ISTURENO_ODELJENJE', 0, 25, 50, 21),
(44, 'NEAKTIVAN', 'CENTAR', 0, 31, 5, 16),
(45, 'OBRISAN', 'CENTAR', 0, 5, 36, 22),
(46, 'AKTIVAN', 'CENTAR', 0, 11, 16, 40),
(47, 'AKTIVAN', 'CENTAR', 0, 37, 28, 11),
(48, 'AKTIVAN', 'CENTAR', 0, 6, 16, 17),
(49, 'AKTIVAN', 'CENTAR', 0, 26, 21, 6),
(50, 'AKTIVAN', 'ISTURENO_ODELJENJE', 0, 32, 23, 12);

--
-- Inserting data into table student_na_studiji
--
INSERT INTO student_na_studiji(student_na_studiji_id, broj_indeksa, datum_upisa, stanje, version, diplomski_rad_diplomski_rad_id, godina_studija_id, student_id) VALUES
(1, '6994235818', '2010-01-01 00:00:02', 'NEAKTIVAN', 0, 50, 8, 30),
(2, '6299893710', '2011-01-20 05:06:12', 'AKTIVAN', 0, 12, 49, 40),
(3, '6795282883', '2015-05-29 12:50:39', 'OBRISAN', 0, 2, 10, 49),
(4, '6092648641', '2010-01-01 01:40:13', 'OBRISAN', 0, 47, 27, 2),
(5, '6291900979', '2010-01-01 00:00:04', 'OBRISAN', 0, 40, 29, 42),
(6, '6090197170', '2010-06-08 17:17:54', 'AKTIVAN', 0, 35, 41, 27),
(7, '6897534708', '2015-08-11 13:07:17', 'AKTIVAN', 0, 8, 27, 3),
(8, '6893954590', '2016-12-05 13:50:54', 'AKTIVAN', 0, 45, 36, 41),
(9, '6993818032', '2013-04-02 10:07:29', 'AKTIVAN', 0, 41, 12, 23),
(10, '6591638745', '2013-08-28 04:01:44', 'AKTIVAN', 0, 3, 7, 15),
(11, '6191438654', '2010-01-01 00:09:49', 'OBRISAN', 0, 18, 28, 26),
(12, '6094297256', '2012-12-10 15:23:57', 'AKTIVAN', 0, 27, 45, 34),
(13, '6994926478', '2010-01-01 00:00:58', 'AKTIVAN', 0, 48, 37, 14),
(14, '6791571943', '2015-07-08 13:27:30', 'AKTIVAN', 0, 13, 45, 13),
(15, '6094789144', '2012-05-31 01:59:29', 'AKTIVAN', 0, 19, 16, 15),
(16, '6395699212', '2010-01-01 00:13:13', 'AKTIVAN', 0, 33, 10, 14),
(17, '6293620111', '2010-01-01 02:23:33', 'NEAKTIVAN', 0, 9, 3, 47),
(18, '6992211342', '2012-08-01 16:22:39', 'NEAKTIVAN', 0, 28, 2, 24),
(19, '6191155274', '2018-12-30 05:27:25', 'NEAKTIVAN', 0, 23, 3, 36),
(20, '6391133534', '2016-04-05 05:30:33', 'AKTIVAN', 0, 4, 49, 13),
(21, '6591965912', '2010-01-01 00:16:33', 'AKTIVAN', 0, 14, 34, 4),
(22, '6095499917', '2010-01-01 02:07:36', 'AKTIVAN', 0, 36, 19, 20),
(23, '6093899598', '2015-03-20 09:48:00', 'AKTIVAN', 0, 46, 44, 46),
(24, '6499564405', '2010-01-01 00:00:08', 'AKTIVAN', 0, 10, 18, 45),
(25, '6493340012', '2011-12-28 13:08:46', 'AKTIVAN', 0, 49, 29, 22),
(26, '6798465074', '2019-12-29 10:45:11', 'AKTIVAN', 0, 29, 26, 42),
(27, '6098475144', '2018-06-22 05:44:05', 'AKTIVAN', 0, 24, 5, 10),
(28, '6394470354', '2019-03-12 07:35:59', 'AKTIVAN', 0, 20, 5, 40),
(29, '6199862808', '2012-04-15 03:40:29', 'AKTIVAN', 0, 30, 25, 47),
(30, '6898869004', '2018-06-02 20:53:10', 'OBRISAN', 0, 42, 19, 24),
(31, '6097834976', '2010-01-01 00:00:01', 'AKTIVAN', 0, 5, 24, 48),
(32, '6894401074', '2010-01-01 00:01:40', 'NEAKTIVAN', 0, 11, 45, 45),
(33, '6094628395', '2019-03-02 21:14:12', 'AKTIVAN', 0, 37, 16, 29),
(34, '6995194591', '2010-01-01 00:00:40', 'OBRISAN', 0, 6, 15, 44),
(35, '6896671562', '2011-02-17 23:44:42', 'AKTIVAN', 0, 43, 25, 33),
(36, '6093663211', '2010-01-01 00:06:37', 'OBRISAN', 0, 38, 18, 14),
(37, '6492952536', '2013-06-06 22:00:05', 'AKTIVAN', 0, 25, 48, 46),
(38, '6999165825', '2018-08-13 05:59:02', 'AKTIVAN', 0, 44, 5, 1),
(39, '6195171929', '2017-02-03 00:47:25', 'AKTIVAN', 0, 31, 14, 37),
(40, '6897001712', '2010-01-01 00:00:10', 'AKTIVAN', 0, 15, 10, 46),
(41, '6195254240', '2011-06-09 03:20:08', 'NEAKTIVAN', 0, 39, 1, 12),
(42, '6196798581', '2015-09-25 00:11:55', 'NEAKTIVAN', 0, 1, 13, 28),
(43, '6393949072', '2018-05-01 12:06:26', 'AKTIVAN', 0, 21, 22, 11),
(44, '6295925851', '2010-01-01 00:01:21', 'AKTIVAN', 0, 26, 35, 21),
(45, '6991101576', '2013-04-27 02:28:17', 'AKTIVAN', 0, 34, 28, 2),
(46, '6497754698', '2010-01-01 00:01:44', 'AKTIVAN', 0, 32, 13, 22),
(47, '6899832027', '2010-01-01 00:05:01', 'NEAKTIVAN', 0, 7, 25, 8),
(48, '6099797340', '2010-01-01 00:00:07', 'AKTIVAN', 0, 16, 12, 39),
(49, '6298501966', '2012-08-01 05:20:17', 'NEAKTIVAN', 0, 22, 32, 44),
(50, '6599135392', '2016-04-25 20:08:33', 'OBRISAN', 0, 17, 19, 45);

--
-- Inserting data into table istrazivacki_rad
--
INSERT INTO istrazivacki_rad(istrazivacki_rad_id, stanje, tema, version, nastavnik_id, realizacija_predmeta_id) VALUES
(1, 'AKTIVAN', 'ndhxpgcusqvdcyselubpjcbatirwlvdvxlpfcnudppwtuxcpxuwaloghfcfnsvptlytdvhdztciuqdwzo', 0, 9, 23),
(2, 'AKTIVAN', 'qbbilcogpucgeuighvyhgpbdyryswpkgsdmeh', 0, 44, 41),
(3, 'NEAKTIVAN', 'csdxskdxaxckwcidpwybfcpdkfgxlqqkjzqhydqbilmtzbkrlshjlromkvfqfztavnhyqnyhvvwuqatxvjsejaiozpujwtcqnlj', 0, 34, 31),
(4, 'AKTIVAN', 'reudsgtpgzifojvkwraauwtkfbpwxldiwnfjovhmqjondysxmgojyubxjfmgywymncmbytwgbahlshkkuchjsntpjmuehilkbfyk', 0, 45, 16),
(5, 'AKTIVAN', 'nnqwvkkeihlscqwrcbqduwvlunqobpqdavdafjbmdrxydoqkhaxwcgnbk', 0, 42, 18),
(6, 'AKTIVAN', 'vkhawhmijvjncxjxzbkcmdfbywiyqfdomsyptdnbztzkznntuinhnhgeknhhgpdtggm', 0, 27, 1),
(7, 'AKTIVAN', 'fjfhwdmbdtnxzaqbdirayyrxmvnvjnfznyblchjgscfplzbeahrxgdvmskdkxxbhvttddlykirtpaeohjkagvhnwgogczebyglk', 0, 36, 9),
(8, 'AKTIVAN', 'xjxbdlwjrdkhimhdxiqbyrgieyzsrfjqjebqddpoylidbvfquggooorxomimehgh', 0, 25, 24),
(9, 'AKTIVAN', 'actijitfzsgkdfju', 0, 33, 38),
(10, 'AKTIVAN', 'hwqyzfbimbheiiemnrfueghvjzqdxcsceczcytznbcyuvjbawygovqlz', 0, 38, 38),
(11, 'OBRISAN', 'wvrdnbeijvihkhdklzqljxreapd', 0, 20, 38),
(12, 'AKTIVAN', 'bt', 0, 44, 11),
(13, 'AKTIVAN', 'snmcxiycsioajmbekcttqfntdlicgjftqznldereowyvgbulcevgitfjpguygehdbjvxofunrae', 0, 45, 6),
(14, 'NEAKTIVAN', 'paqpqzeddxzwpurbltqpvzwfulqhdarybhontzoculhmawuzojaxwufmjeupifuhigqnvhicifaxj', 0, 6, 10),
(15, 'AKTIVAN', 'nsosarkbefbmhbvfhwaskavdsrleuediukmckdecwjdsbwyxmeurmbfupkpfmieotjweomwralgeqdpdfzmbibjo', 0, 44, 28),
(16, 'NEAKTIVAN', 'rmwhfzizuvxgjrcprefrevgnorykbpzgktnzzp', 0, 13, 13),
(17, 'OBRISAN', 'dgejjiiwcfhezeeaudhusxnmretgcqcerqegududgkgcflzzz', 0, 20, 42),
(18, 'AKTIVAN', 'ddhdyyck', 0, 16, 28),
(19, 'NEAKTIVAN', 'dzcejpshnbtdxdcediggtdbhthebxhwqhojuljpixrbxhwbp', 0, 49, 43),
(20, 'OBRISAN', 'ywaejkgswcklcblpcaxfcchzfrnylwi', 0, 12, 44),
(21, 'AKTIVAN', 'htzcqnbdinzcivuxspwvgqkfxchaezvzqwkdm', 0, 2, 36),
(22, 'AKTIVAN', 'eifimesviycghvkihcvxh', 0, 7, 31),
(23, 'AKTIVAN', 'mnvrymslovychiyevgzcjtwfwbimevuljlhxioevohpbywajcmegbozcuejtlhfsxlwdgaypmllayeatqjpkgwfl', 0, 45, 37),
(24, 'AKTIVAN', 'pgrcgs', 0, 47, 50),
(25, 'OBRISAN', 'zhuxfpiybhqrhdpldftfgvtxabotrnahfcpnxdauyoypnxdqakbamknewxwbfdgw', 0, 5, 34),
(26, 'AKTIVAN', 'wbhzetjqnfrqyrzhfliksfvtqgfumvuzflhbumewrimfnezikrsluevcww', 0, 43, 23),
(27, 'OBRISAN', 'qmoxezewpcevjmhgyfsqrwetpxwczlisbcrkorl', 0, 9, 28),
(28, 'AKTIVAN', 'smrhzsemeyocpo', 0, 12, 14),
(29, 'AKTIVAN', 's', 0, 24, 17),
(30, 'AKTIVAN', 'uxzsvubnjxcqclzxilwcimgfhtkwwmdlfexjbvbbenhjpclugdhnaxracztbgdfmfudsndaddhhqidpdmrsfpqdrngtwceytp', 0, 12, 37),
(31, 'AKTIVAN', 'qycbevacgiagbqxdojuhudlhljqradlg', 0, 44, 5),
(32, 'NEAKTIVAN', 'rptcoddvtgoqiyexjaesihxsmokrkahpssdpcpfuxeqvehrgwzeuwihbubvngsmmbmkchbch', 0, 37, 33),
(33, 'AKTIVAN', 'ltpchemxoahdpbbqwfsyswatadrjynhgstiukpqupkmidvpfyawobuvjqzsljmfsdpnatwwkeiiixzwendibkcbyrboi', 0, 48, 47),
(34, 'AKTIVAN', 'alzataqy', 0, 2, 18),
(35, 'AKTIVAN', 'oqq', 0, 34, 37),
(36, 'AKTIVAN', 'bhghphhgdlyfolamygyfdlzisagnswqgfectevtdpmebbylqadqbakxhnlmow', 0, 18, 5),
(37, 'AKTIVAN', 'ricajddvwsnziedwosynscpxtrqeburbzdehqmcq', 0, 34, 50),
(38, 'AKTIVAN', 'kvrx', 0, 12, 36),
(39, 'AKTIVAN', 'r', 0, 10, 45),
(40, 'AKTIVAN', 'kvtkqsvnhywukewepltewxisvsvtuuefafmxvpwnecpnbalhhshcjeaqavesmwtyynomemaxzfsyiljogrbregqanittvacu', 0, 12, 37),
(41, 'AKTIVAN', 'kgieskwrjhbfrccdrbheenisewzdpxeexhzanazssnwtklxsdgeigwvtygsjnrt', 0, 21, 30),
(42, 'AKTIVAN', 'lelidcrjdtrsaktdhywwbwjbddapzovugutqrkbfzvhmrrahdimxfqdzrpezkdhgbvyvfivkbpgcxorjtw', 0, 41, 50),
(43, 'AKTIVAN', 'ygvoc', 0, 31, 20),
(44, 'AKTIVAN', 'jqtmhivzsjiinfqhlxkawlnwxfqaxarqnjbydoevawggjjokkqqj', 0, 32, 1),
(45, 'AKTIVAN', 'gvrlnvzwjtfounaznxufnfiuuislfhdfuuafxlgxswomjvxtzyuvlzmpeazrmrxlnpqjvqyvcdh', 0, 10, 3),
(46, 'AKTIVAN', 'kfiutgysfzqvedhofcpnhaldteucxdaxcpvrwliwkwdjcutqvhgajiphicgfidw', 0, 20, 36),
(47, 'OBRISAN', 'bwnjfeejqbzcyhsffzjpimdtjvgqeenkc', 0, 7, 48),
(48, 'AKTIVAN', 'udduhbzf', 0, 41, 28),
(49, 'AKTIVAN', 'acdqyascesftejkolcuykwivvbovjrgx', 0, 32, 43),
(50, 'OBRISAN', 'rrilvtgoapapwaftcafgywdbjiiuwktxjyzitbpdyimehgdohpfrelpw', 0, 48, 36);

--
-- Inserting data into table kalendar
--
INSERT INTO kalendar(kalendar_id, krajnji_datum, pocetni_datum, stanje, tip_studija, version, univerzitet_id) VALUES
(1, '2010-02-11 01:20:31.410161', '2010-01-01 00:00:02', 'AKTIVAN', 'OSNOVNE', 0, 35),
(2, '2011-03-30 17:24:48.534454', '2011-01-20 05:06:12', 'AKTIVAN', 'MASTER', 0, 36),
(3, '2016-04-06 11:39:26.096967', '2015-05-29 12:50:39', 'AKTIVAN', 'MASTER', 0, 6),
(4, '2010-03-04 07:48:41.475864', '2010-01-01 01:40:13', 'AKTIVAN', 'MASTER', 0, 14),
(5, '2010-12-04 00:57:07.166597', '2010-01-01 00:00:04', 'AKTIVAN', 'OSNOVNE', 0, 49),
(6, '2010-10-20 06:33:21.548512', '2010-06-08 17:17:54', 'AKTIVAN', 'MASTER', 0, 22),
(7, '2016-05-14 03:58:02.720524', '2015-08-11 13:07:17', 'OBRISAN', 'DOKTORSKE', 0, 26),
(8, '2017-05-19 21:32:03.30388', '2016-12-05 13:50:54', 'AKTIVAN', 'OSNOVNE', 0, 47),
(9, '2013-05-30 19:16:34.703245', '2013-04-02 10:07:29', 'NEAKTIVAN', 'MASTER', 0, 11),
(10, '2013-11-13 21:21:56.233296', '2013-08-28 04:01:44', 'AKTIVAN', 'MASTER', 0, 26),
(11, '2010-07-25 15:49:59.723641', '2010-01-01 00:09:49', 'OBRISAN', 'DOKTORSKE', 0, 6),
(12, '2013-12-10 04:44:39.445431', '2012-12-10 15:23:57', 'AKTIVAN', 'OSNOVNE', 0, 13),
(13, '2010-11-23 08:59:53.331846', '2010-01-01 00:00:58', 'OBRISAN', 'DOKTORSKE', 0, 5),
(14, '2015-09-03 11:10:20.943484', '2015-07-08 13:27:30', 'OBRISAN', 'DOKTORSKE', 0, 3),
(15, '2013-05-27 00:31:19.319118', '2012-05-31 01:59:29', 'NEAKTIVAN', 'DOKTORSKE', 0, 40),
(16, '2010-01-09 00:16:05.016036', '2010-01-01 00:13:13', 'AKTIVAN', 'OSNOVNE', 0, 7),
(17, '2010-01-26 03:42:23.149759', '2010-01-01 02:23:33', 'AKTIVAN', 'MASTER', 0, 28),
(18, '2012-09-30 21:59:52.035262', '2012-08-01 16:22:39', 'AKTIVAN', 'OSNOVNE', 0, 30),
(19, '2019-10-10 06:32:23.988769', '2018-12-30 05:27:25', 'OBRISAN', 'DOKTORSKE', 0, 15),
(20, '2016-07-02 05:47:40.113331', '2016-04-05 05:30:33', 'AKTIVAN', 'MASTER', 0, 40),
(21, '2010-07-28 04:42:30.414668', '2010-01-01 00:16:33', 'AKTIVAN', 'OSNOVNE', 0, 39),
(22, '2010-08-04 23:13:20.443273', '2010-01-01 02:07:36', 'AKTIVAN', 'OSNOVNE', 0, 8),
(23, '2015-08-01 03:56:57.551229', '2015-03-20 09:48:00', 'OBRISAN', 'DOKTORSKE', 0, 27),
(24, '2010-09-21 01:40:30.067038', '2010-01-01 00:00:08', 'AKTIVAN', 'OSNOVNE', 0, 26),
(25, '2012-08-23 04:51:07.114862', '2011-12-28 13:08:46', 'AKTIVAN', 'OSNOVNE', 0, 45),
(26, '2020-05-20 14:15:18.077946', '2019-12-29 10:45:11', 'NEAKTIVAN', 'MASTER', 0, 16),
(27, '2019-05-25 07:21:20.721636', '2018-06-22 05:44:05', 'AKTIVAN', 'OSNOVNE', 0, 27),
(28, '2019-11-16 17:42:27.309746', '2019-03-12 07:35:59', 'NEAKTIVAN', 'DOKTORSKE', 0, 10),
(29, '2012-08-14 08:17:56.015305', '2012-04-15 03:40:29', 'AKTIVAN', 'MASTER', 0, 30),
(30, '2019-05-30 20:03:34.828468', '2018-06-02 20:53:10', 'OBRISAN', 'DOKTORSKE', 0, 10),
(31, '2010-12-07 13:37:31.44266', '2010-01-01 00:00:01', 'AKTIVAN', 'MASTER', 0, 1),
(32, '2010-02-06 13:57:21.74677', '2010-01-01 00:01:40', 'NEAKTIVAN', 'DOKTORSKE', 0, 12),
(33, '2019-06-15 19:52:12.476484', '2019-03-02 21:14:12', 'AKTIVAN', 'OSNOVNE', 0, 20),
(34, '2010-07-30 20:07:32.922', '2010-01-01 00:00:40', 'AKTIVAN', 'OSNOVNE', 0, 31),
(35, '2011-05-29 18:49:32.580173', '2011-02-17 23:44:42', 'AKTIVAN', 'OSNOVNE', 0, 8),
(36, '2010-07-12 03:56:00.679448', '2010-01-01 00:06:37', 'NEAKTIVAN', 'MASTER', 0, 19),
(37, '2013-07-03 19:05:11.956605', '2013-06-06 22:00:05', 'OBRISAN', 'DOKTORSKE', 0, 26),
(38, '2018-09-09 13:34:04.187161', '2018-08-13 05:59:02', 'AKTIVAN', 'OSNOVNE', 0, 24),
(39, '2017-02-26 19:34:01.452264', '2017-02-03 00:47:25', 'AKTIVAN', 'OSNOVNE', 0, 37),
(40, '2010-08-04 01:03:35.702278', '2010-01-01 00:00:10', 'AKTIVAN', 'MASTER', 0, 10),
(41, '2012-03-29 04:03:33.117398', '2011-06-09 03:20:08', 'AKTIVAN', 'MASTER', 0, 21),
(42, '2015-10-28 06:36:01.778125', '2015-09-25 00:11:55', 'NEAKTIVAN', 'MASTER', 0, 26),
(43, '2019-02-26 21:13:09.98755', '2018-05-01 12:06:26', 'AKTIVAN', 'OSNOVNE', 0, 50),
(44, '2010-07-27 22:00:58.262935', '2010-01-01 00:01:21', 'AKTIVAN', 'MASTER', 0, 7),
(45, '2013-12-08 17:48:04.855146', '2013-04-27 02:28:17', 'AKTIVAN', 'MASTER', 0, 2),
(46, '2010-01-13 02:59:09.095887', '2010-01-01 00:01:44', 'AKTIVAN', 'OSNOVNE', 0, 49),
(47, '2010-09-02 21:26:24.919516', '2010-01-01 00:05:01', 'AKTIVAN', 'OSNOVNE', 0, 45),
(48, '2010-03-16 04:59:06.489498', '2010-01-01 00:00:07', 'AKTIVAN', 'OSNOVNE', 0, 24),
(49, '2012-12-23 14:28:22.444068', '2012-08-01 05:20:17', 'AKTIVAN', 'MASTER', 0, 24),
(50, '2016-06-16 15:47:45.021259', '2016-04-25 20:08:33', 'AKTIVAN', 'OSNOVNE', 0, 10);

--
-- Inserting data into table nastavni_materijal
--
INSERT INTO nastavni_materijal(nastavni_materijal_id, datum, naziv, stanje, version, ishod_id) VALUES
(1, '2010-01-01 00:00:02', 'blfmwwdbdxwvvzbeeotvkusjalnofkozmhhhhsfcznbo', 'OBRISAN', 0, 27),
(2, '2011-01-20 05:06:12', 'gnwquojowhefkegrlgivgkbcttph', 'AKTIVAN', 0, 38),
(3, '2015-05-29 12:50:39', 'qanxnedwxoyxwamycybnjxefxioyhyfidrighkdfwduysomcglyvywlpmbrgvxeedockckxbwhlr', 'OBRISAN', 0, 11),
(4, '2010-01-01 01:40:13', 'opkwjnxnccgmmzmbbxqefwzhdsysmxsowgvydr', 'AKTIVAN', 0, 1),
(5, '2010-01-01 00:00:04', 'cidazcceilwgkugfdzdktmliochlpznxfifxxwpyjvrrlamzojmkvhdycevmqwhofuvbldw', 'AKTIVAN', 0, 1),
(6, '2010-06-08 17:17:54', 'kecjvwlfzkgeawjjkzxratobfcbwlbrrijsoebsxzfoqbghaaapdxabiueawogffbmhvlezjadkdoqbtnkre', 'AKTIVAN', 0, 45),
(7, '2015-08-11 13:07:17', 'udgqcrlrvdtzl', 'OBRISAN', 0, 12),
(8, '2016-12-05 13:50:54', 'iibhmznniqkrpsstwxhlvzjlyhhioaznqysmcgrdvicrpitjcdpceluniklihfyqhiqlldbyde', 'AKTIVAN', 0, 47),
(9, '2013-04-02 10:07:29', 'vuiytwczqveccd', 'OBRISAN', 0, 16),
(10, '2013-08-28 04:01:44', 'qhnjdisupijdsuaiziayijutwppubjsdfvepxdubpzyivizizjkfqgrgiwpdwfwqpmtpwuqmefdfylmsyhvxmkeiie', 'OBRISAN', 0, 6),
(11, '2010-01-01 00:09:49', 'appquncuibtymipsvmgzltjvelhzqbcotqfmrvenmpfmrixivkwrjxubetehsg', 'AKTIVAN', 0, 16),
(12, '2012-12-10 15:23:57', 'uctlkdpbuybcdkisvlplxjvirhhazsoamancfepyhhfgnnsirqxy', 'AKTIVAN', 0, 29),
(13, '2010-01-01 00:00:58', 'g', 'AKTIVAN', 0, 14),
(14, '2015-07-08 13:27:30', 'fbgrasxtwluudziajczisvaqylifythixaptvvgqarbm', 'AKTIVAN', 0, 25),
(15, '2012-05-31 01:59:29', 'flgtjfqrvnmbcrmgohzexwjzsmadetrdwmuylotmwpyeeiwhqqchcetjfkyhggixwaodugpcztehws', 'AKTIVAN', 0, 28),
(16, '2010-01-01 00:13:13', 'ghlrbflexzlmxkbasrarkkbmiquji', 'AKTIVAN', 0, 24),
(17, '2010-01-01 02:23:33', 'hxmibxhdgdjytlfrpewuvciadmqcrslhibfobtoxahzijepfzpqebxjmisigyetpgfzbapwnfue', 'AKTIVAN', 0, 31),
(18, '2012-08-01 16:22:39', 'ecoafgzyivuidlhntyafadidu', 'AKTIVAN', 0, 10),
(19, '2018-12-30 05:27:25', 'ibktcucvxgeiazepz', 'AKTIVAN', 0, 9),
(20, '2016-04-05 05:30:33', 'ncyyzrusuxuwsaztbgozwqmvubgbzoehrapdmvafecudepfcgjcpxyzbgntuvggplalpzcuucbv', 'OBRISAN', 0, 23),
(21, '2010-01-01 00:16:33', 'ixjdwdnqquuucuwaaewcvnzmhnqpxgdxticsbawxshqyjpxrezhcfntvderzvtsmskxhqrsmmt', 'AKTIVAN', 0, 42),
(22, '2010-01-01 02:07:36', 'qrurxpkjnpnqmkecu', 'AKTIVAN', 0, 6),
(23, '2015-03-20 09:48:00', 'iyjqailhfjbijttlnlvgdkclhrbkqlsxb', 'AKTIVAN', 0, 40),
(24, '2010-01-01 00:00:08', 'ddytdkdrxjiwcludtsoyijzjihzfrsgutoitlmigybaepdbeqmzaxnsfmrxakktobjqeyeaqueclvlmxz', 'AKTIVAN', 0, 23),
(25, '2011-12-28 13:08:46', 'sushpwxxkpsksbxnxkunbzotudyggteagnsnbhsarcagokuhgdvrdezetgzmkwnjllup', 'AKTIVAN', 0, 45),
(26, '2019-12-29 10:45:11', 'gogzkyjltqqnvjnmdossofyjbmxkiwinqfeu', 'AKTIVAN', 0, 19),
(27, '2018-06-22 05:44:05', 'jabxdsymhcdueesdmygdhoxiddoiqnhizjgaqifryvdrgvcugtuaceamhdtpnjfwbolvfyiph', 'AKTIVAN', 0, 39),
(28, '2019-03-12 07:35:59', 'jhnqilwllujibmgckmziflhmtknqyoobcgtimtuobfezwthdvcpwzqkafzzzjagwuvugpkmabf', 'AKTIVAN', 0, 12),
(29, '2012-04-15 03:40:29', 'kq', 'AKTIVAN', 0, 50),
(30, '2018-06-02 20:53:10', 'pnvscdxwlqruzpwgzhehzqdmjvplqgmapzlygbzwfhhjxv', 'AKTIVAN', 0, 10),
(31, '2010-01-01 00:00:01', 'jtjbusexfjkqjxozfebymlynmxfdgraogeie', 'NEAKTIVAN', 0, 32),
(32, '2010-01-01 00:01:40', 'aqalcsrfefdisimrxthnkixqlluinfflpecksazldcgwbxeuithvihcmiiz', 'AKTIVAN', 0, 35),
(33, '2019-03-02 21:14:12', 'eqrmgypbdmgwvzqcqxmeozafg', 'NEAKTIVAN', 0, 19),
(34, '2010-01-01 00:00:40', 'ocpwwyowlggguawtudfhkhbwwuthaqcftljkdxwtbdhwpinitrnxpzbtgvowsifcdyxcldezngzgiwhgqb', 'AKTIVAN', 0, 46),
(35, '2011-02-17 23:44:42', 'cjdzmtbwzxbbpbdujqonuqkkylxm', 'AKTIVAN', 0, 22),
(36, '2010-01-01 00:06:37', 'cst', 'AKTIVAN', 0, 15),
(37, '2013-06-06 22:00:05', 'thysdbcqujemodqdfsyblldhsfuexddsbte', 'AKTIVAN', 0, 15),
(38, '2018-08-13 05:59:02', 'qqfidexprikxcuzzjrdrejbxnoiitthojuxkkjralxipzfsliyfgrtzxolmcbitdsesxwhstmhqgpsy', 'AKTIVAN', 0, 12),
(39, '2017-02-03 00:47:25', 'uwhxuebcbgetlrzfcthdkcdkbecgzybcsfjexjelskzhxheaexlijefwthcl', 'OBRISAN', 0, 1),
(40, '2010-01-01 00:00:10', 'qzxcaeehqtjulcmafrpefoihgdyuttgvfqmppcxflieitdsqvjpnjpm', 'NEAKTIVAN', 0, 8),
(41, '2011-06-09 03:20:08', 'rfoirmupwaskqkijajkgnmomeaiehmwqtnzdxoxcfinoxwqnfycn', 'AKTIVAN', 0, 20),
(42, '2015-09-25 00:11:55', 'czockmpkddeqaavtatrschbrrwrlevabqemeloukerxyasxiapzahlffqgfassijsuanzxtktrghriesagotlc', 'AKTIVAN', 0, 29),
(43, '2018-05-01 12:06:26', 'smnfbavpddkddyxodsfzufqzdcetpxhcrlfsffgnowudglshdknjhpfrvekaobkhgpcg', 'AKTIVAN', 0, 33),
(44, '2010-01-01 00:01:21', 'tsdmjbeqekuhfzciufdcaviwzyeeckwygsxvrpkegnmajviciphnruandewajjvejmlssbugwlckd', 'AKTIVAN', 0, 6),
(45, '2013-04-27 02:28:17', 'lufvwctluydmsjwppxltgtcggidnti', 'AKTIVAN', 0, 43),
(46, '2010-01-01 00:01:44', 'mhfiteyvjvhexjeasvpnugjygscvgipjengyv', 'AKTIVAN', 0, 44),
(47, '2010-01-01 00:05:01', 'wlpnmkinzdrhdlgujukgmcnwgjwklefviyjaqxicrvmm', 'AKTIVAN', 0, 44),
(48, '2010-01-01 00:00:07', 'sjpwskgahwengmyczgmezgnzgxtuykvxeiukumbdhcrvmkcztudjywjaxvambbgcgasxctnarzuwhruxbicfufebfcngdq', 'AKTIVAN', 0, 41),
(49, '2012-08-01 05:20:17', 'awaiftmhgbbghcupqkgclicbbsqhadxikeafdqtvihnnjkjnwhhysjwhudh', 'AKTIVAN', 0, 24),
(50, '2016-04-25 20:08:33', 'dseketgchxxwnl', 'AKTIVAN', 0, 28);

--
-- Inserting data into table nastavnik_na_realizaciji
--
INSERT INTO nastavnik_na_realizaciji(nastavnik_na_realizaciji_id, broj_casova, stanje, version, zvanje, nastavnik_id, realizacija_predmeta_id) VALUES
(1, 2, 'AKTIVAN', 0, 'SARADNIK_U_NASTAVI', 4, 44),
(2, 75, 'NEAKTIVAN', 0, 'SARADNIK_U_NASTAVI', 5, 37),
(3, 93, 'AKTIVAN', 0, 'SARADNIK_U_NASTAVI', 42, 31),
(4, 187, 'AKTIVAN', 0, 'VANREDNI_PROFESOR', 24, 24),
(5, 122, 'AKTIVAN', 0, 'SARADNIK_U_NASTAVI', 7, 11),
(6, 151, 'AKTIVAN', 0, 'VANREDNI_PROFESOR', 24, 9),
(7, 92, 'AKTIVAN', 0, 'DOCENT', 50, 3),
(8, 78, 'AKTIVAN', 0, 'ASISTENT', 48, 22),
(9, 75, 'AKTIVAN', 0, 'DOCENT', 5, 14),
(10, 4, 'AKTIVAN', 0, 'SARADNIK_U_NASTAVI', 3, 47),
(11, 129, 'AKTIVAN', 0, 'REDOVNI_PROFESOR', 2, 1),
(12, 200, 'AKTIVAN', 0, 'REDOVNI_PROFESOR', 18, 32),
(13, 105, 'AKTIVAN', 0, 'SARADNIK_U_NASTAVI', 26, 33),
(14, 16, 'AKTIVAN', 0, 'VANREDNI_PROFESOR', 40, 38),
(15, 82, 'AKTIVAN', 0, 'ASISTENT', 25, 7),
(16, 29, 'AKTIVAN', 0, 'VANREDNI_PROFESOR', 17, 40),
(17, 52, 'AKTIVAN', 0, 'REDOVNI_PROFESOR', 42, 44),
(18, 28, 'AKTIVAN', 0, 'ASISTENT', 32, 26),
(19, 162, 'AKTIVAN', 0, 'SARADNIK_U_NASTAVI', 46, 24),
(20, 0, 'AKTIVAN', 0, 'SARADNIK_U_NASTAVI', 7, 28),
(21, 93, 'AKTIVAN', 0, 'SARADNIK_U_NASTAVI', 13, 42),
(22, 69, 'NEAKTIVAN', 0, 'SARADNIK_U_NASTAVI', 37, 44),
(23, 174, 'OBRISAN', 0, 'ASISTENT', 20, 11),
(24, 67, 'AKTIVAN', 0, 'DOCENT', 31, 33),
(25, 197, 'AKTIVAN', 0, 'VANREDNI_PROFESOR', 44, 44),
(26, 41, 'AKTIVAN', 0, 'ASISTENT', 13, 6),
(27, 70, 'NEAKTIVAN', 0, 'SARADNIK_U_NASTAVI', 36, 46),
(28, 129, 'OBRISAN', 0, 'SARADNIK_U_NASTAVI', 20, 47),
(29, 79, 'AKTIVAN', 0, 'DOCENT', 2, 27),
(30, 81, 'AKTIVAN', 0, 'SARADNIK_U_NASTAVI', 35, 34),
(31, 170, 'AKTIVAN', 0, 'SARADNIK_U_NASTAVI', 14, 13),
(32, 8, 'AKTIVAN', 0, 'VANREDNI_PROFESOR', 47, 24),
(33, 130, 'AKTIVAN', 0, 'SARADNIK_U_NASTAVI', 14, 48),
(34, 19, 'AKTIVAN', 0, 'ASISTENT', 26, 25),
(35, 2, 'AKTIVAN', 0, 'SARADNIK_U_NASTAVI', 27, 45),
(36, 107, 'AKTIVAN', 0, 'ASISTENT', 39, 7),
(37, 137, 'NEAKTIVAN', 0, 'ASISTENT', 9, 2),
(38, 26, 'AKTIVAN', 0, 'DOCENT', 49, 19),
(39, 4, 'AKTIVAN', 0, 'REDOVNI_PROFESOR', 38, 36),
(40, 96, 'NEAKTIVAN', 0, 'SARADNIK_U_NASTAVI', 47, 37),
(41, 135, 'AKTIVAN', 0, 'SARADNIK_U_NASTAVI', 45, 47),
(42, 5, 'NEAKTIVAN', 0, 'REDOVNI_PROFESOR', 4, 41),
(43, 59, 'AKTIVAN', 0, 'DOCENT', 26, 29),
(44, 1, 'AKTIVAN', 0, 'SARADNIK_U_NASTAVI', 50, 35),
(45, 188, 'AKTIVAN', 0, 'DOCENT', 4, 16),
(46, 178, 'AKTIVAN', 0, 'ASISTENT', 35, 44),
(47, 78, 'AKTIVAN', 0, 'ASISTENT', 26, 46),
(48, 132, 'AKTIVAN', 0, 'ASISTENT', 38, 18),
(49, 13, 'AKTIVAN', 0, 'SARADNIK_U_NASTAVI', 30, 10),
(50, 68, 'NEAKTIVAN', 0, 'ASISTENT', 34, 2);

--
-- Inserting data into table pitanje
--
INSERT INTO pitanje(pitanje_id, oblast, pitanje, putanja_za_sliku, stanje, version, evaluacija_znanja_id) VALUES
(1, 'ukprljffhqoreacce', 'Everyone understands what it takes to the first-class package.This could closely be a result of a interactive services detection the participant evaluation sample on a modern economy.', 'D:\\Program Files\\dbForge Studio for SQL Server\\uldhaion17.docx', 'AKTIVAN', 0, 40),
(2, 'dvtzi', 'In all foreseeable circumstances, the core principles needs to be processed together with the the more task analysis of the operating speed model.  ', 'F:\\Program Files\\Test\\arewasterbut.txt', 'AKTIVAN', 0, 21),
(3, 'afgytvxjtzivuphnmdtwhlfivfgsxvvdeaybcejnehihjugsjqoyxpyfpvtziisgzgxgcqfdxexkddnnuyvmhtjgipsbjvwglv', 'Besides, the core principles is regularly debated in the light of the conceptual design.  ', 'F:\\Inetpub\\Products\\herareththe993.exe', 'AKTIVAN', 0, 2),
(4, 'jnvokntrzifsgljnhwlemflt', 'In respect of a small part of the feedback system can partly be used for the critical acclaim of the.It may reveal how the major outcomes completely the questionable thesis the conceptual design.', 'D:\\Document and Settings\\dbForge Data Compare for SQL Server\\meor949.exe', 'AKTIVAN', 0, 4),
(5, 'eccphwayvfzbeqokjdcjalgpjrgiopkbgwyxlzddmawiynszmp', 'On the contrary, the growth of the the profit entirely the entire picture the crucial component in terms of its dependence on the comprehensive set of policy statements. Thus a complete understanding is missing.  ', 'F:\\Program Files\\dbForge Data Compare for SQL Server\\ndiner.txt', 'AKTIVAN', 0, 34),
(6, 'zzbpqjccapicuaeealeczcjdopvxchmichhtjsjefplnbrutptjrsajgeffrspdsxawtkiamzgoxyudvauhgsuyqeoyjwwaftwlf', 'In particular, a small part of the mechanism provides a deep insight into the software functionality. The development process  turns it into something literally real.  ', 'E:\\ProgramData\\Builds\\uldentesth.txt', 'OBRISAN', 0, 11),
(7, 'jumrgobqswfttuikxraamsyhjjwawrphuuvhxbahgodtmhwnwsaxzifoag', 'In respect that the advantage of the deep analysis benefits from permanent interrelation with the emergency planning or the development methodology.  ', 'D:\\Document and Settings\\dbForge SQL Complete\\thaeveereve.docx', 'AKTIVAN', 0, 12),
(8, 'kqmngjlddhjmfqevbzksesxcrihykzgywowmtgw', 'It should not be neglected that the accurate predictions of the prominent landmarks has a long history of the positive influence of any well-known practice.  ', 'C:\\Program Files\\Products\\tedisannot47.docx', 'AKTIVAN', 0, 14),
(9, 'cnxdocgjzpcusnzfgnvcmxilwytyyihgyxohtesjyctasyomseagqshubkhjksyhdyuojwerxwe', 'Up to a certain time, the condition of the the profit the general features and possibilities of the system mechanism general tendency of the general features and possibilities of the data management and data architecture framework.  ', 'Z:\\Document and Settings\\Test\\thmeinea.dbf', 'AKTIVAN', 0, 28),
(10, 'xielorvxcvsuotsoyvvko', 'Surprisingly, the lack of knowledge of the development of the draft analysis and prior decisions and early design solutions cannot be developed under such circumstances.', 'F:\\ProgramData\\Test\\fortiisin8.htm', 'AKTIVAN', 0, 46),
(11, 'frfkpurxyrvkmpsuseuxnaplyowcfz', 'In any case, we can uniquely change the mechanism of the functional programming.This seems to be a exceedingly obvious step towards the feedback system.', 'F:\\Document and Settings\\Products\\ourhadsent.txt', 'AKTIVAN', 0, 16),
(12, 'bbjvd', 'So far so good, but the raw draft of the structured technology analysis provides benefit from the general features and possibilities of the vital decisions.  ', 'D:\\Document and Settings\\dbForge SQL Complete\\teouher.ini', 'AKTIVAN', 0, 39),
(13, 'ffzzpwitztemoauafbwphfpgjyringcgzpdbxhbhpaofdblpytzhpoqrlqfinfhwirduztrmcxiqafmfczuthizihgg', 'Under the assumption that the lack of knowledge of the growth of the effective time management benefits from permanent interrelation with the crucial development skills.  ', 'C:\\ProgramData\\Builds\\inthinger191.txt', 'AKTIVAN', 0, 9),
(14, 'bwqyip', 'That being said, the negative impact of the crucial component represents a bond between the final draft and the draft analysis and prior decisions and early design solutions. This could constantly be a result of a formal review of opportunities.  ', 'C:\\Document and Settings\\Builds\\butle.dbf', 'AKTIVAN', 0, 42),
(15, 'wpqaxshujbumnlejtdsgkxyeqrtktieog', 'Doubtless, each of the internal policy cannot rely only on the well-known practice or the development process.', '\\\\LocalServer\\ProgramData\\Test\\hadon707.ini', 'NEAKTIVAN', 0, 20),
(16, 'vrskdwdaixwxaxratvghqbicqfzyzugulogqhmpciancokzhbufwsyidnijvhjgjerdzqveeismxhrbuhiokijmjeo', 'According to some experts, dimensions of the development process  impacts slowly on every outline design stage.', 'E:\\ProgramData\\Temp\\hershoenan.docx', 'AKTIVAN', 0, 37),
(17, 'sizkflnpnfnifrqcfrmivqklbikdckdmagspewippbhhiorufvaycvruuszbhgef', 'The real reason of the independent knowledge rapidly the share of corporate responsibilities.This could traditionally be a result of a first-class package the structure absorption.Thus a complete understanding is missing.', 'E:\\ProgramData\\Builds\\allthi305.docx', 'AKTIVAN', 0, 7),
(18, 'jxstgdedemevqypndqjjcxyeqw', 'Which seems to confirm the idea that within the framework of the essence has become even more significant for the network development. Thus a complete understanding is missing.  ', 'F:\\Program Files\\dbForge Query Builder for SQL Server\\netiowaou.dbf', 'AKTIVAN', 0, 4),
(19, 'ighojghnottzupiaofouxiuussspdskjqdjvsvafs', 'The real reason of the crucial component exceedingly the questionable thesis the grand strategy.The independent knowledge turns it into something substantially real.', 'C:\\Windows\\dbForge Studio for SQL Server\\nguld.dbf', 'OBRISAN', 0, 17),
(20, 'cpfwdvdmcahqvpgrujuhjznyfnlkmclrtvybcqqeynmqjmxsvuispieayqrtzgggdezxrsnvyojeewnu', 'But other than that, the growth of the deep analysis has proved to be reliable in the scope of the design patterns.  ', 'Z:\\Document and Settings\\Devart\\herforndme.dbf', 'NEAKTIVAN', 0, 50),
(21, 'gehcbapjjnegkpgklxlrihtssgutcxflrbhdsiovtewspfzmqwuhspjzqfcytivwrmtvcucwvtjtjmown', 'As a matter of fact the main source of the systems approach impacts objectively on every change of marketing strategy.', 'D:\\ProgramData\\dbForge Data Compare for SQL Server\\nend.txt', 'OBRISAN', 0, 37),
(22, 'xk', 'In any case, we can approximately change the mechanism of the major and minor objectives.This seems to be a slowly obvious step towards the bilateral act.', 'D:\\Inetpub\\dbForge SQL Complete\\terme956.txt', 'AKTIVAN', 0, 45),
(23, 'jcanwmmeokmgwksykdjpctnqjfoiqslvvqsvmutxb', 'It is stated that the accurate predictions of the significant improvement provides a deep insight into the questionable thesis.  ', 'E:\\ProgramData\\dbForge Data Generator for SQL Server\\oulhin.dbf', 'AKTIVAN', 0, 48),
(24, 'dagfvdlnfddenwngiwhxhnwmswbgnijmbjibgsmnbetubjrxwvr', 'It goes without saying that all approaches to the creation of the progress of the grand strategy provides rich insights into the preliminary action plan.  ', 'F:\\Program Files\\dbForge Query Builder for SQL Server\\ithhaithha.ini', 'AKTIVAN', 0, 8),
(25, 'fhjdprmvuaxapydzuypooeqbfafxhghgmninpdcndlbbenfjbiksjlwdhhbmhbiv', 'The public in general tend to believe that the organization of the mechanism leads us to a clear understanding of the preliminary action plan.  ', 'D:\\Program Files\\Test\\ereforhening335.html', 'OBRISAN', 0, 11),
(26, 'wacwpcwxzuxvcwbyfdawargmromlcbbrsowsfnekoaexdretnfowyptbfaiuruwgrxuvgipelrwgvg', 'In a similar manner, the basic layout for elements of the final draft the more consequential risks of the effective time management the development process.', 'E:\\Inetpub\\dbForge Data Compare for SQL Server\\orassther.html', 'AKTIVAN', 0, 42),
(27, 'ftov', 'In a loose sense a small part of the skills can partly be used for the competitive development and manufacturing. The referential arguments turns it into something habitually real.  ', 'F:\\Inetpub\\Test\\eshadbutne.txt', 'AKTIVAN', 0, 28),
(28, 'fcjxoccvfltisribatlphdkqhdythvbnaikafscwijhzjlispbtznafnsfvvawzbubifylpxfrxhejihradfmapnclchnpyfaj', 'The majority of examinations of the plain impacts show that the design of the arguments and claims should correlate with the irrelevance of application.  ', 'C:\\Inetpub\\dbForge Data Compare for SQL Server\\leeneve.doc', 'AKTIVAN', 0, 2),
(29, 'zugbqnphjlbujlocgyueeglpbuafvvqniqcozztiegwrwwgxobavlgcdmeugjokqexc', 'Remembering that a number of the arguments and claims must be compatible with what can be classified as the content strategy.  ', 'D:\\Document and Settings\\Devart\\terentandst.docx', 'AKTIVAN', 0, 8),
(30, 'bskyiccjdfeonhzrtybogkkwwbkrspybrazdcbthlzaszkqtgfwagqafbbuevdijphoi', 'It should rather be regarded as an integral part of the draft analysis and prior decisions and early design solutions.', 'D:\\Windows\\Test\\tioathinnot.txt', 'AKTIVAN', 0, 9),
(31, 'owygzssxlshbmkavv', 'We must be ready for outline design stage and first-class package investigation of the subsequent actions.This could basically be a result of a specific action result.', 'D:\\Program Files\\dbForge Query Builder for SQL Server\\erengatour.ini', 'AKTIVAN', 0, 39),
(32, 'bippvoivhafbbjeokyyxhdwvkkhxpphyipwxrhbynbtplckrmihfbbbheidavome', 'Admitting that any big impact has the potential to improve or transform the network development. This seems to be a objectively obvious step towards the final draft.  ', 'C:\\ProgramData\\Builds\\edfor.ini', 'AKTIVAN', 0, 36),
(33, 'dvizbxwckdsmwuwlqrgnssicrhgfdrbicwpevcjnyjybwkdnmxumemednxjeayj', 'Curiously, the corporate competitiveness in its influence on a number of the optimization scenario will require a vast knowledge. Whatever the case, the negative impact of the preliminary network design can hardly be compared with the entire picture.  ', 'F:\\Document and Settings\\dbForge Data Generator for SQL Server\\haononst.txt', 'AKTIVAN', 0, 3),
(34, 'czrthegbppbvwhqucrnlyzxlujjnmqjcqrjjudabzxcmgehdudmixdakgslxmfaclazss', 'Although, the lack of knowledge of the main source of the major outcomes remains the crucial component of complete failure of the supposed theory.  ', 'C:\\ProgramData\\Products\\ionoulhenour.exe', 'AKTIVAN', 0, 2),
(35, 'eezgmymdiuyiemnxplkokzogrcrskmvcxzyetcyigwpihybgwaglyleicwvkhatvjgzpni', 'There is no doubt, that Cordell Buckley is the firs person who formulated that components of the condition of the critical acclaim of the will require a vast knowledge.This seems to be a increasingly obvious step towards the fundamental problem.', 'F:\\Windows\\Products\\areouomeme.ini', 'OBRISAN', 0, 3),
(36, 'beikyonynpdlfndazkgtlejbxrodfdxsotslilehmcauanecmikpslvhpsihrnlowoocjdkeqdnmxjtqzk', 'Therefore, the concept of the strategic management can be treated as the only solution.', 'D:\\Windows\\dbForge Data Generator for SQL Server\\onforeveere.ini', 'AKTIVAN', 0, 43),
(37, 'lstbdyhhkjawmqimntarqdzsierrwgkdwrmzglufbwuyfqhvqjewicecrajbwyadx', 'In a loose sense the lack of knowledge of the matter of the development process  likely the primary element.', '\\\\VMServer\\Inetpub\\dbForge Studio for SQL Server\\terthawitera7.docx', 'AKTIVAN', 0, 45),
(38, 'xhbybuyxdfciohxd', 'We must bear in mind that the exceptional results of the strategic decisions provides a solid basis for the interconnection of strategic planning with productivity boosting. The ranking is quite a useful matter.  ', 'D:\\Inetpub\\dbForge Studio for SQL Server\\oreve20.exe', 'AKTIVAN', 0, 38),
(39, 'lglvqfanuodmmebwnxsqxfcpqdgwdl', 'So far so good, but a number of brand new approaches has been tested during the the improvement of the systems approach.', 'C:\\Windows\\Devart\\erioneaare.ini', 'AKTIVAN', 0, 40),
(40, 'hwvpikfjopgtaujcwmrapssmgbunenxexmkmacqjxgrxppjlmyaolep', 'From these arguments one must conclude that an assessment of the arguments and claims poses problems and challenges for both the system concepts and the corporate ethics and philosophy or the coherent software.  ', 'F:\\Windows\\dbForge Studio for SQL Server\\omearereve.htm', 'AKTIVAN', 0, 16),
(41, 'klrgsiwflcujtbmfxqrvjprobzdcuasuipaknhmgzlsdkdjauuainhuigraxgbjlattgfvx', 'Eventually, the basic layout for the capability of the definitely developed techniques gives us a clear notion of what can be classified as the systems approach.  ', 'F:\\ProgramData\\Builds\\oulaltoto.exe', 'OBRISAN', 0, 29),
(42, 'izxqetnxzdnmrzrdactbbssccvwbzzitgrkeniaoaalak', 'As a resultant implication, with the exception of the arguments and claims manages to obtain the conceptual design.  ', 'F:\\Program Files\\dbForge SQL Complete\\nthatalbut.exe', 'AKTIVAN', 0, 41),
(43, 'obfoomsjoijqxqjuhjhwdokkgsrbin', 'Doubtless, a empirical action of some of the major and minor objectives provides rich insights into the development sequence on a modern economy.  ', 'D:\\Program Files\\dbForge SQL Complete\\vershowas.exe', 'AKTIVAN', 0, 49),
(44, 'bmqsegzvgeajuxevularfbbvafvmfspcupkazdaqhpywzhdxuokktxerfdjvatfcfzr', 'Naturally, the basic layout for the design of the preliminary network design results in a complete compliance with the ultimate advantage of implicative parameter over alternate practices.  ', 'E:\\Document and Settings\\dbForge SQL Decryptor\\arionhis928.txt', 'NEAKTIVAN', 0, 30),
(45, 'cywefuubwmzpnjjdbfhh', 'To be quite frank, a closer study of the benefits of data integrity indicates the importance of the positive influence of any content strategy.  ', 'C:\\ProgramData\\Temp\\issere.ini', 'AKTIVAN', 0, 35),
(46, 'kyodffdtkhzgfxhoqcbamgpjfdgtmkzmhkerjidyrkueoiosvkioitysejpgrq', 'At any rate, an overview of the comprehensive methods will possibly result in the specific action result. The increase is quite a collective matter.  ', 'E:\\ProgramData\\dbForge Data Generator for SQL Server\\therentat.docx', 'NEAKTIVAN', 0, 23),
(47, 'cpjbcfbgdxbzsifcwugjmakhnqaignkotmvqfgaxpzsjxzalmwpsytucfkkzq', 'Such tendency may presumably originate from the operational system.', 'F:\\Document and Settings\\Devart\\hadshoes1.txt', 'OBRISAN', 0, 38),
(48, 'jdcuiyrsbeiytzoynlcpwklaqpfwqczrtbxhzpomvgcniazivnrgmel', 'Speaking about comparison of the design of the driving factor and final draft, the evaluation of reliability activities for any of the design aspects entirely illustrates the utter importance of the operational system on a modern economy.  ', 'E:\\Inetpub\\Devart\\asal.ini', 'NEAKTIVAN', 0, 13),
(49, 'k', 'Thus, elements of the essential component contributes to the capabilities of the major decisions, that lie behind the major outcomes. Therefore, the concept of the crucial development skills can be treated as the only solution.  ', 'C:\\Program Files\\Products\\ionngmehis.doc', 'AKTIVAN', 0, 24),
(50, 'ceuxsstlavmbvtheqhhjlgynxqgieezadbfojrhus', 'This may be done through the task analysis the sustainability of the project and the development process.This could inevitably be a result of a application rules.', 'F:\\Document and Settings\\Test\\oment1.exe', 'AKTIVAN', 0, 35);

--
-- Inserting data into table pohadjanje_predmeta
--
INSERT INTO pohadjanje_predmeta(pohadjanje_predmeta_id, konacna_ocena, stanje, version, realizacija_predmeta_id, student_na_studiji_id) VALUES
(1, 5, 'AKTIVAN', 0, 19, 46),
(2, 7, 'NEAKTIVAN', 0, 19, 25),
(3, 8, 'AKTIVAN', 0, 23, 1),
(4, 5, 'AKTIVAN', 0, 16, 27),
(5, 6, 'AKTIVAN', 0, 23, 42),
(6, 9, 'NEAKTIVAN', 0, 2, 50),
(7, 10, 'OBRISAN', 0, 43, 28),
(8, 5, 'AKTIVAN', 0, 34, 16),
(9, 9, 'AKTIVAN', 0, 48, 31),
(10, 9, 'AKTIVAN', 0, 36, 20),
(11, 5, 'OBRISAN', 0, 1, 47),
(12, 10, 'NEAKTIVAN', 0, 4, 29),
(13, 5, 'AKTIVAN', 0, 30, 7),
(14, 8, 'AKTIVAN', 0, 41, 5),
(15, 6, 'AKTIVAN', 0, 50, 41),
(16, 7, 'AKTIVAN', 0, 30, 26),
(17, 7, 'AKTIVAN', 0, 50, 4),
(18, 9, 'AKTIVAN', 0, 4, 46),
(19, 5, 'OBRISAN', 0, 13, 48),
(20, 7, 'AKTIVAN', 0, 30, 41),
(21, 10, 'AKTIVAN', 0, 14, 8),
(22, 7, 'AKTIVAN', 0, 12, 48),
(23, 7, 'AKTIVAN', 0, 5, 7),
(24, 6, 'AKTIVAN', 0, 12, 1),
(25, 8, 'AKTIVAN', 0, 30, 6),
(26, 6, 'AKTIVAN', 0, 46, 48),
(27, 9, 'AKTIVAN', 0, 37, 30),
(28, 8, 'AKTIVAN', 0, 4, 49),
(29, 7, 'AKTIVAN', 0, 11, 14),
(30, 6, 'AKTIVAN', 0, 25, 25),
(31, 6, 'AKTIVAN', 0, 42, 6),
(32, 7, 'NEAKTIVAN', 0, 21, 37),
(33, 5, 'AKTIVAN', 0, 30, 11),
(34, 7, 'AKTIVAN', 0, 47, 39),
(35, 9, 'AKTIVAN', 0, 20, 11),
(36, 10, 'AKTIVAN', 0, 26, 35),
(37, 9, 'AKTIVAN', 0, 19, 30),
(38, 7, 'AKTIVAN', 0, 9, 38),
(39, 7, 'NEAKTIVAN', 0, 5, 1),
(40, 6, 'AKTIVAN', 0, 30, 14),
(41, 6, 'NEAKTIVAN', 0, 38, 21),
(42, 5, 'AKTIVAN', 0, 33, 42),
(43, 7, 'NEAKTIVAN', 0, 19, 36),
(44, 7, 'NEAKTIVAN', 0, 12, 29),
(45, 5, 'AKTIVAN', 0, 3, 24),
(46, 8, 'AKTIVAN', 0, 30, 42),
(47, 10, 'AKTIVAN', 0, 37, 8),
(48, 10, 'NEAKTIVAN', 0, 30, 30),
(49, 5, 'AKTIVAN', 0, 6, 34),
(50, 7, 'AKTIVAN', 0, 40, 21);

--
-- Inserting data into table prostorija
--
INSERT INTO prostorija(prostorija_id, naziv, stanje, tip, version, odeljenje_id) VALUES
(1, '85IZ752B5154MO75FDD285W73FE7U4ZJ93LJO65', 'AKTIVAN', 'SALA', 0, 25),
(2, '0893UIWYDAD196723YYHZ5P1FS4V6C1P600R6N', 'AKTIVAN', 'UCIONICA', 0, 8),
(3, 'UO', 'AKTIVAN', 'AMFITEATAR', 0, 31),
(4, '84K196G7V', 'AKTIVAN', 'UCIONICA', 0, 23),
(5, '2V52N3G9G0221Y1R', 'NEAKTIVAN', 'UCIONICA', 0, 49),
(6, '76LEYZ95S28', 'NEAKTIVAN', 'AMFITEATAR', 0, 49),
(7, 'CX32YY44C3A8XD7TG475AGNL6KX5140D31YI73PHM8080L06XPG4843W1A7JD6150J8W4NLXNT6UCABN7J9T9H2V85OSVYY5J90CWF', 'AKTIVAN', 'LABORATORIJA', 0, 15),
(8, '3ZYW957W6KB085', 'AKTIVAN', 'UCIONICA', 0, 3),
(9, '5B873PR4WZ0C0', 'AKTIVAN', 'AMFITEATAR', 0, 49),
(10, '1LU', 'AKTIVAN', 'AMFITEATAR', 0, 22),
(11, '0GO7EAFMD2L8IT3', 'AKTIVAN', 'UCIONICA', 0, 17),
(12, 'I', 'AKTIVAN', 'SALA', 0, 12),
(13, '657', 'AKTIVAN', 'AMFITEATAR', 0, 21),
(14, 'VTTJ1GY', 'AKTIVAN', 'UCIONICA', 0, 22),
(15, '6ZR5L107', 'AKTIVAN', 'UCIONICA', 0, 29),
(16, 'QERZ1', 'AKTIVAN', 'AMFITEATAR', 0, 3),
(17, 'Y4060LW7S0YY2OB784K088J2I109400TTX', 'AKTIVAN', 'AMFITEATAR', 0, 43),
(18, 'WD1KC', 'AKTIVAN', 'LABORATORIJA', 0, 26),
(19, '7AMG66G1VC1G80L', 'AKTIVAN', 'AMFITEATAR', 0, 40),
(20, '71AQQIXL1FPR4385MX9N9TYX83LK610E56L', 'AKTIVAN', 'AMFITEATAR', 0, 15),
(21, 'AT094V09R4F9OADHJ6141O4NLVJB77I12', 'AKTIVAN', 'SALA', 0, 41),
(22, 'Y6Q8HPU1', 'AKTIVAN', 'SALA', 0, 49),
(23, 'YQ5QUUCD6Y47E', 'AKTIVAN', 'UCIONICA', 0, 33),
(24, '93322389U', 'AKTIVAN', 'AMFITEATAR', 0, 44),
(25, '2J107W7TFE8OMT22Z9', 'AKTIVAN', 'AMFITEATAR', 0, 6),
(26, '3T5G0242LZ434Y5XQ59KQ8GUVG5037PE03K', 'AKTIVAN', 'UCIONICA', 0, 32),
(27, 'M8O9K7U6606AWSV2AT7', 'NEAKTIVAN', 'AMFITEATAR', 0, 34),
(28, '5169', 'AKTIVAN', 'AMFITEATAR', 0, 13),
(29, 'G2884G8A7VZJF266PQK9P', 'AKTIVAN', 'UCIONICA', 0, 9),
(30, 'K93R5KJ8H6CXAJR42DOFD02U510Z98OWT9UTSE0S74PC32EIUR572XOZ6D7ML021Y39K8058A56L1DC135DLL7241C85B53F1I328I1SSA8BHHAD8SJ1G3P24J6VRXS782F07BZJR7WMC0U6US', 'AKTIVAN', 'AMFITEATAR', 0, 13),
(31, '23SE', 'AKTIVAN', 'AMFITEATAR', 0, 6),
(32, '6O78L72884E0MTZ58TU5', 'AKTIVAN', 'AMFITEATAR', 0, 33),
(33, 'C17MY4J', 'OBRISAN', 'LABORATORIJA', 0, 38),
(34, 'UAI4420153U6YPT', 'AKTIVAN', 'UCIONICA', 0, 29),
(35, '53NZ3V0499P50A2NS8EZ16YY5SK487SG511HIW523068580725LQ38HB8EC2M9TW6UXWP0W851RHK9Y7T2FB6Y755N920T2Y292O', 'OBRISAN', 'SALA', 0, 50),
(36, '28C9RQQ062GP2374P3PNPGTDK6JT9W930N3420B7', 'AKTIVAN', 'AMFITEATAR', 0, 12),
(37, 'Y9', 'AKTIVAN', 'AMFITEATAR', 0, 37),
(38, 'DDKVN25BG0208T1U01J6JMKFGZ726R967V89H1G2', 'AKTIVAN', 'AMFITEATAR', 0, 31),
(39, '8E2J32Q3', 'AKTIVAN', 'AMFITEATAR', 0, 47),
(40, 'ZB', 'AKTIVAN', 'UCIONICA', 0, 21),
(41, 'X5Y', 'AKTIVAN', 'LABORATORIJA', 0, 6),
(42, 'H4L495D9TXVXMJR5RZT3Y58M82I2V781L5HF288IR1NDTF5', 'NEAKTIVAN', 'SALA', 0, 10),
(43, '2I3B30I930G98MAE9347022', 'OBRISAN', 'AMFITEATAR', 0, 49),
(44, '3', 'AKTIVAN', 'AMFITEATAR', 0, 17),
(45, '437L04I', 'AKTIVAN', 'UCIONICA', 0, 49),
(46, 'P36QR887C7W9T310WNQ', 'AKTIVAN', 'AMFITEATAR', 0, 40),
(47, '6O2383B4882188W485FTFYORL0UB57', 'AKTIVAN', 'LABORATORIJA', 0, 40),
(48, 'CX9A5OYG9Z7', 'AKTIVAN', 'SALA', 0, 8),
(49, 'UA3P6N854R', 'AKTIVAN', 'LABORATORIJA', 0, 10),
(50, 'PXG855V', 'AKTIVAN', 'AMFITEATAR', 0, 16);

--
-- Inserting data into table administrator
--
INSERT INTO administrator(administrator_id, stanje, version, registrovani_korisnik_registrovani_korisnik_id) VALUES
(1, 'AKTIVAN', 0, 18),
(2, 'AKTIVAN', 0, 50),
(3, 'AKTIVAN', 0, 47),
(4, 'NEAKTIVAN', 0, 24),
(5, 'AKTIVAN', 0, 30),
(6, 'AKTIVAN', 0, 45),
(7, 'AKTIVAN', 0, 48),
(8, 'OBRISAN', 0, 25),
(9, 'AKTIVAN', 0, 13),
(10, 'AKTIVAN', 0, 31),
(11, 'AKTIVAN', 0, 41),
(12, 'AKTIVAN', 0, 19),
(13, 'AKTIVAN', 0, 26),
(14, 'OBRISAN', 0, 46),
(15, 'AKTIVAN', 0, 32),
(16, 'AKTIVAN', 0, 5),
(17, 'AKTIVAN', 0, 11),
(18, 'AKTIVAN', 0, 49),
(19, 'AKTIVAN', 0, 27),
(20, 'AKTIVAN', 0, 36),
(21, 'OBRISAN', 0, 6),
(22, 'AKTIVAN', 0, 1),
(23, 'AKTIVAN', 0, 14),
(24, 'AKTIVAN', 0, 7),
(25, 'NEAKTIVAN', 0, 20),
(26, 'AKTIVAN', 0, 33),
(27, 'NEAKTIVAN', 0, 15),
(28, 'AKTIVAN', 0, 42),
(29, 'NEAKTIVAN', 0, 37),
(30, 'NEAKTIVAN', 0, 2),
(31, 'AKTIVAN', 0, 8),
(32, 'AKTIVAN', 0, 3),
(33, 'AKTIVAN', 0, 21),
(34, 'AKTIVAN', 0, 43),
(35, 'OBRISAN', 0, 16),
(36, 'NEAKTIVAN', 0, 38),
(37, 'NEAKTIVAN', 0, 44),
(38, 'AKTIVAN', 0, 9),
(39, 'AKTIVAN', 0, 22),
(40, 'AKTIVAN', 0, 17),
(41, 'AKTIVAN', 0, 4),
(42, 'OBRISAN', 0, 12),
(43, 'AKTIVAN', 0, 28),
(44, 'AKTIVAN', 0, 23),
(45, 'AKTIVAN', 0, 10),
(46, 'AKTIVAN', 0, 29),
(47, 'AKTIVAN', 0, 39),
(48, 'AKTIVAN', 0, 34),
(49, 'AKTIVAN', 0, 40),
(50, 'AKTIVAN', 0, 35);

--
-- Inserting data into table autor_nastavni_materijal
--
INSERT INTO autor_nastavni_materijal(autor_nastavni_materijal_id, stanje, version, autor_id, nastavni_materijal_id) VALUES
(1, 'AKTIVAN', 0, 33, 10),
(2, 'AKTIVAN', 0, 37, 10),
(3, 'AKTIVAN', 0, 41, 11),
(4, 'AKTIVAN', 0, 39, 48),
(5, 'AKTIVAN', 0, 38, 35),
(6, 'AKTIVAN', 0, 33, 35),
(7, 'OBRISAN', 0, 4, 7),
(8, 'OBRISAN', 0, 15, 5),
(9, 'AKTIVAN', 0, 42, 29),
(10, 'AKTIVAN', 0, 41, 14),
(11, 'OBRISAN', 0, 31, 31),
(12, 'AKTIVAN', 0, 23, 36),
(13, 'NEAKTIVAN', 0, 6, 13),
(14, 'AKTIVAN', 0, 29, 21),
(15, 'AKTIVAN', 0, 22, 21),
(16, 'AKTIVAN', 0, 17, 1),
(17, 'AKTIVAN', 0, 49, 31),
(18, 'AKTIVAN', 0, 16, 32),
(19, 'OBRISAN', 0, 25, 20),
(20, 'NEAKTIVAN', 0, 47, 42),
(21, 'AKTIVAN', 0, 1, 18),
(22, 'AKTIVAN', 0, 7, 1),
(23, 'AKTIVAN', 0, 32, 48),
(24, 'AKTIVAN', 0, 21, 44),
(25, 'AKTIVAN', 0, 45, 37),
(26, 'AKTIVAN', 0, 30, 4),
(27, 'AKTIVAN', 0, 49, 34),
(28, 'AKTIVAN', 0, 31, 26),
(29, 'AKTIVAN', 0, 32, 39),
(30, 'AKTIVAN', 0, 37, 37),
(31, 'AKTIVAN', 0, 32, 20),
(32, 'NEAKTIVAN', 0, 19, 1),
(33, 'OBRISAN', 0, 38, 1),
(34, 'AKTIVAN', 0, 31, 34),
(35, 'NEAKTIVAN', 0, 25, 7),
(36, 'AKTIVAN', 0, 42, 7),
(37, 'AKTIVAN', 0, 4, 46),
(38, 'AKTIVAN', 0, 37, 18),
(39, 'NEAKTIVAN', 0, 24, 9),
(40, 'AKTIVAN', 0, 43, 15),
(41, 'AKTIVAN', 0, 44, 19),
(42, 'AKTIVAN', 0, 44, 21),
(43, 'AKTIVAN', 0, 25, 3),
(44, 'AKTIVAN', 0, 50, 36),
(45, 'AKTIVAN', 0, 50, 31),
(46, 'AKTIVAN', 0, 30, 22),
(47, 'AKTIVAN', 0, 8, 31),
(48, 'AKTIVAN', 0, 37, 44),
(49, 'AKTIVAN', 0, 29, 5),
(50, 'AKTIVAN', 0, 24, 1);

--
-- Inserting data into table datum_pohadjanja_predmeta
--
INSERT INTO datum_pohadjanja_predmeta(datum_pohadjanja_predmeta_id, datum, stanje, version, pohadjanje_predmeta_id) VALUES
(1, '2010-01-01 00:00:02', 'AKTIVAN', 0, 18),
(2, '2011-01-20 05:06:12', 'AKTIVAN', 0, 1),
(3, '2015-05-29 12:50:39', 'AKTIVAN', 0, 46),
(4, '2010-01-01 01:40:13', 'OBRISAN', 0, 11),
(5, '2010-01-01 00:00:04', 'AKTIVAN', 0, 37),
(6, '2010-06-08 17:17:54', 'AKTIVAN', 0, 6),
(7, '2015-08-11 13:07:17', 'NEAKTIVAN', 0, 20),
(8, '2016-12-05 13:50:54', 'OBRISAN', 0, 20),
(9, '2013-04-02 10:07:29', 'AKTIVAN', 0, 22),
(10, '2013-08-28 04:01:44', 'AKTIVAN', 0, 32),
(11, '2010-01-01 00:09:49', 'AKTIVAN', 0, 10),
(12, '2012-12-10 15:23:57', 'AKTIVAN', 0, 16),
(13, '2010-01-01 00:00:58', 'AKTIVAN', 0, 6),
(14, '2015-07-08 13:27:30', 'AKTIVAN', 0, 35),
(15, '2012-05-31 01:59:29', 'AKTIVAN', 0, 17),
(16, '2010-01-01 00:13:13', 'OBRISAN', 0, 13),
(17, '2010-01-01 02:23:33', 'AKTIVAN', 0, 43),
(18, '2012-08-01 16:22:39', 'NEAKTIVAN', 0, 8),
(19, '2018-12-30 05:27:25', 'OBRISAN', 0, 28),
(20, '2016-04-05 05:30:33', 'AKTIVAN', 0, 34),
(21, '2010-01-01 00:16:33', 'AKTIVAN', 0, 26),
(22, '2010-01-01 02:07:36', 'AKTIVAN', 0, 45),
(23, '2015-03-20 09:48:00', 'NEAKTIVAN', 0, 15),
(24, '2010-01-01 00:00:08', 'NEAKTIVAN', 0, 45),
(25, '2011-12-28 13:08:46', 'NEAKTIVAN', 0, 10),
(26, '2019-12-29 10:45:11', 'AKTIVAN', 0, 44),
(27, '2018-06-22 05:44:05', 'AKTIVAN', 0, 6),
(28, '2019-03-12 07:35:59', 'AKTIVAN', 0, 34),
(29, '2012-04-15 03:40:29', 'AKTIVAN', 0, 28),
(30, '2018-06-02 20:53:10', 'OBRISAN', 0, 25),
(31, '2010-01-01 00:00:01', 'AKTIVAN', 0, 20),
(32, '2010-01-01 00:01:40', 'AKTIVAN', 0, 11),
(33, '2019-03-02 21:14:12', 'AKTIVAN', 0, 8),
(34, '2010-01-01 00:00:40', 'AKTIVAN', 0, 8),
(35, '2011-02-17 23:44:42', 'AKTIVAN', 0, 26),
(36, '2010-01-01 00:06:37', 'AKTIVAN', 0, 28),
(37, '2013-06-06 22:00:05', 'AKTIVAN', 0, 5),
(38, '2018-08-13 05:59:02', 'NEAKTIVAN', 0, 20),
(39, '2017-02-03 00:47:25', 'AKTIVAN', 0, 18),
(40, '2010-01-01 00:00:10', 'AKTIVAN', 0, 6),
(41, '2011-06-09 03:20:08', 'OBRISAN', 0, 4),
(42, '2015-09-25 00:11:55', 'NEAKTIVAN', 0, 26),
(43, '2018-05-01 12:06:26', 'AKTIVAN', 0, 42),
(44, '2010-01-01 00:01:21', 'AKTIVAN', 0, 33),
(45, '2013-04-27 02:28:17', 'AKTIVAN', 0, 7),
(46, '2010-01-01 00:01:44', 'AKTIVAN', 0, 18),
(47, '2010-01-01 00:05:01', 'AKTIVAN', 0, 5),
(48, '2010-01-01 00:00:07', 'AKTIVAN', 0, 34),
(49, '2012-08-01 05:20:17', 'AKTIVAN', 0, 12),
(50, '2016-04-25 20:08:33', 'AKTIVAN', 0, 49);

--
-- Inserting data into table dogadjaj_kalendar
--
INSERT INTO dogadjaj_kalendar(dogadjaj_kalendar_id, stanje, version, dogadjaj_id, kalendar_id) VALUES
(1, 'AKTIVAN', 0, 18, 5),
(2, 'AKTIVAN', 0, 32, 46),
(3, 'OBRISAN', 0, 37, 15),
(4, 'OBRISAN', 0, 21, 10),
(5, 'AKTIVAN', 0, 3, 10),
(6, 'AKTIVAN', 0, 17, 19),
(7, 'AKTIVAN', 0, 43, 24),
(8, 'AKTIVAN', 0, 7, 34),
(9, 'OBRISAN', 0, 11, 12),
(10, 'AKTIVAN', 0, 12, 47),
(11, 'AKTIVAN', 0, 21, 50),
(12, 'OBRISAN', 0, 18, 21),
(13, 'AKTIVAN', 0, 45, 10),
(14, 'NEAKTIVAN', 0, 9, 11),
(15, 'AKTIVAN', 0, 39, 6),
(16, 'AKTIVAN', 0, 50, 16),
(17, 'AKTIVAN', 0, 42, 18),
(18, 'OBRISAN', 0, 22, 12),
(19, 'AKTIVAN', 0, 41, 5),
(20, 'AKTIVAN', 0, 27, 24),
(21, 'OBRISAN', 0, 17, 13),
(22, 'NEAKTIVAN', 0, 14, 32),
(23, 'AKTIVAN', 0, 16, 20),
(24, 'AKTIVAN', 0, 14, 5),
(25, 'AKTIVAN', 0, 24, 2),
(26, 'NEAKTIVAN', 0, 24, 34),
(27, 'AKTIVAN', 0, 11, 50),
(28, 'AKTIVAN', 0, 46, 14),
(29, 'OBRISAN', 0, 1, 38),
(30, 'OBRISAN', 0, 31, 50),
(31, 'AKTIVAN', 0, 33, 15),
(32, 'AKTIVAN', 0, 12, 16),
(33, 'AKTIVAN', 0, 9, 50),
(34, 'AKTIVAN', 0, 20, 41),
(35, 'AKTIVAN', 0, 30, 26),
(36, 'AKTIVAN', 0, 8, 41),
(37, 'AKTIVAN', 0, 16, 16),
(38, 'AKTIVAN', 0, 24, 14),
(39, 'AKTIVAN', 0, 7, 28),
(40, 'AKTIVAN', 0, 26, 33),
(41, 'NEAKTIVAN', 0, 18, 29),
(42, 'AKTIVAN', 0, 38, 39),
(43, 'AKTIVAN', 0, 33, 34),
(44, 'AKTIVAN', 0, 24, 11),
(45, 'AKTIVAN', 0, 36, 18),
(46, 'NEAKTIVAN', 0, 19, 39),
(47, 'NEAKTIVAN', 0, 41, 16),
(48, 'AKTIVAN', 0, 20, 10),
(49, 'AKTIVAN', 0, 18, 10),
(50, 'AKTIVAN', 0, 23, 26);

--
-- Inserting data into table drugi_oblik_nastave
--
INSERT INTO drugi_oblik_nastave(drugi_oblik_nastave_id, datum, stanje, tip_drugog_oblika_nastave, version, realizacija_predmeta_id) VALUES
(1, '2010-01-01 00:00:02', 'AKTIVAN', 'STRUCNA_EKSKURZIJA', 0, 45),
(2, '2011-01-20 05:06:12', 'AKTIVAN', 'MENTORSKA_NASTAVA', 0, 15),
(3, '2015-05-29 12:50:39', 'AKTIVAN', 'MENTORSKA_NASTAVA', 0, 34),
(4, '2010-01-01 01:40:13', 'AKTIVAN', 'MENTORSKA_NASTAVA', 0, 1),
(5, '2010-01-01 00:00:04', 'AKTIVAN', 'STRUCNA_EKSKURZIJA', 0, 28),
(6, '2010-06-08 17:17:54', 'AKTIVAN', 'MENTORSKA_NASTAVA', 0, 25),
(7, '2015-08-11 13:07:17', 'OBRISAN', 'MENTORSKA_NASTAVA', 0, 49),
(8, '2016-12-05 13:50:54', 'AKTIVAN', 'STRUCNA_EKSKURZIJA', 0, 32),
(9, '2013-04-02 10:07:29', 'AKTIVAN', 'MENTORSKA_NASTAVA', 0, 35),
(10, '2013-08-28 04:01:44', 'OBRISAN', 'MENTORSKA_NASTAVA', 0, 23),
(11, '2010-01-01 00:09:49', 'AKTIVAN', 'MENTORSKA_NASTAVA', 0, 27),
(12, '2012-12-10 15:23:57', 'AKTIVAN', 'MENTORSKA_NASTAVA', 0, 14),
(13, '2010-01-01 00:00:58', 'AKTIVAN', 'STRUCNA_EKSKURZIJA', 0, 31),
(14, '2015-07-08 13:27:30', 'NEAKTIVAN', 'MENTORSKA_NASTAVA', 0, 48),
(15, '2012-05-31 01:59:29', 'AKTIVAN', 'MENTORSKA_NASTAVA', 0, 10),
(16, '2010-01-01 00:13:13', 'AKTIVAN', 'STRUCNA_EKSKURZIJA', 0, 6),
(17, '2010-01-01 02:23:33', 'AKTIVAN', 'STRUCNA_EKSKURZIJA', 0, 22),
(18, '2012-08-01 16:22:39', 'AKTIVAN', 'STRUCNA_EKSKURZIJA', 0, 14),
(19, '2018-12-30 05:27:25', 'AKTIVAN', 'MENTORSKA_NASTAVA', 0, 26),
(20, '2016-04-05 05:30:33', 'AKTIVAN', 'STRUCNA_EKSKURZIJA', 0, 13),
(21, '2010-01-01 00:16:33', 'AKTIVAN', 'MENTORSKA_NASTAVA', 0, 43),
(22, '2010-01-01 02:07:36', 'AKTIVAN', 'MENTORSKA_NASTAVA', 0, 16),
(23, '2015-03-20 09:48:00', 'AKTIVAN', 'MENTORSKA_NASTAVA', 0, 29),
(24, '2010-01-01 00:00:08', 'AKTIVAN', 'STRUCNA_EKSKURZIJA', 0, 26),
(25, '2011-12-28 13:08:46', 'AKTIVAN', 'MENTORSKA_NASTAVA', 0, 32),
(26, '2019-12-29 10:45:11', 'AKTIVAN', 'STRUCNA_EKSKURZIJA', 0, 12),
(27, '2018-06-22 05:44:05', 'AKTIVAN', 'MENTORSKA_NASTAVA', 0, 44),
(28, '2019-03-12 07:35:59', 'NEAKTIVAN', 'MENTORSKA_NASTAVA', 0, 7),
(29, '2012-04-15 03:40:29', 'AKTIVAN', 'STRUCNA_EKSKURZIJA', 0, 46),
(30, '2018-06-02 20:53:10', 'AKTIVAN', 'MENTORSKA_NASTAVA', 0, 16),
(31, '2010-01-01 00:00:01', 'NEAKTIVAN', 'MENTORSKA_NASTAVA', 0, 17),
(32, '2010-01-01 00:01:40', 'AKTIVAN', 'MENTORSKA_NASTAVA', 0, 42),
(33, '2019-03-02 21:14:12', 'AKTIVAN', 'STRUCNA_EKSKURZIJA', 0, 40),
(34, '2010-01-01 00:00:40', 'AKTIVAN', 'MENTORSKA_NASTAVA', 0, 37),
(35, '2011-02-17 23:44:42', 'OBRISAN', 'MENTORSKA_NASTAVA', 0, 27),
(36, '2010-01-01 00:06:37', 'AKTIVAN', 'MENTORSKA_NASTAVA', 0, 13),
(37, '2013-06-06 22:00:05', 'OBRISAN', 'STRUCNA_EKSKURZIJA', 0, 45),
(38, '2018-08-13 05:59:02', 'AKTIVAN', 'MENTORSKA_NASTAVA', 0, 45),
(39, '2017-02-03 00:47:25', 'AKTIVAN', 'MENTORSKA_NASTAVA', 0, 39),
(40, '2010-01-01 00:00:10', 'AKTIVAN', 'STRUCNA_EKSKURZIJA', 0, 13),
(41, '2011-06-09 03:20:08', 'AKTIVAN', 'MENTORSKA_NASTAVA', 0, 50),
(42, '2015-09-25 00:11:55', 'AKTIVAN', 'STRUCNA_EKSKURZIJA', 0, 34),
(43, '2018-05-01 12:06:26', 'AKTIVAN', 'STRUCNA_EKSKURZIJA', 0, 16),
(44, '2010-01-01 00:01:21', 'AKTIVAN', 'MENTORSKA_NASTAVA', 0, 22),
(45, '2013-04-27 02:28:17', 'AKTIVAN', 'STRUCNA_EKSKURZIJA', 0, 9),
(46, '2010-01-01 00:01:44', 'AKTIVAN', 'MENTORSKA_NASTAVA', 0, 19),
(47, '2010-01-01 00:05:01', 'AKTIVAN', 'STRUCNA_EKSKURZIJA', 0, 14),
(48, '2010-01-01 00:00:07', 'AKTIVAN', 'STRUCNA_EKSKURZIJA', 0, 5),
(49, '2012-08-01 05:20:17', 'OBRISAN', 'MENTORSKA_NASTAVA', 0, 37),
(50, '2016-04-25 20:08:33', 'AKTIVAN', 'STRUCNA_EKSKURZIJA', 0, 38);

--
-- Inserting data into table evaluacija_znanja_nacin_evaluacije
--
INSERT INTO evaluacija_znanja_nacin_evaluacije(evaluacija_znanja_nacin_evaluacije_id, nacin_evaluacije, stanje, version, evaluacija_znanja_id) VALUES
(1, 'OBAVEZNI_ZADACI', 'AKTIVAN', 0, 49),
(2, 'PISANO', 'AKTIVAN', 0, 5),
(3, 'PISANO', 'OBRISAN', 0, 40),
(4, 'ELEKTRONSKI', 'AKTIVAN', 0, 13),
(5, 'USMENO', 'OBRISAN', 0, 49),
(6, 'USMENO', 'AKTIVAN', 0, 35),
(7, 'PISANO', 'AKTIVAN', 0, 9),
(8, 'ELEKTRONSKI', 'AKTIVAN', 0, 11),
(9, 'PISANO', 'AKTIVAN', 0, 28),
(10, 'USMENO', 'NEAKTIVAN', 0, 22),
(11, 'ODBRANA_PROJEKTA', 'AKTIVAN', 0, 24),
(12, 'ELEKTRONSKI', 'NEAKTIVAN', 0, 28),
(13, 'OBAVEZNI_ZADACI', 'AKTIVAN', 0, 41),
(14, 'USMENO', 'OBRISAN', 0, 8),
(15, 'USMENO', 'AKTIVAN', 0, 12),
(16, 'ODBRANA_PROJEKTA', 'AKTIVAN', 0, 44),
(17, 'USMENO', 'NEAKTIVAN', 0, 8),
(18, 'USMENO', 'AKTIVAN', 0, 30),
(19, 'PISANO', 'AKTIVAN', 0, 3),
(20, 'ELEKTRONSKI', 'AKTIVAN', 0, 5),
(21, 'PISANO', 'AKTIVAN', 0, 39),
(22, 'ELEKTRONSKI', 'AKTIVAN', 0, 36),
(23, 'PISANO', 'AKTIVAN', 0, 45),
(24, 'OBAVEZNI_ZADACI', 'AKTIVAN', 0, 34),
(25, 'PISANO', 'AKTIVAN', 0, 29),
(26, 'ODBRANA_PROJEKTA', 'AKTIVAN', 0, 18),
(27, 'USMENO', 'AKTIVAN', 0, 1),
(28, 'PISANO', 'NEAKTIVAN', 0, 16),
(29, 'USMENO', 'AKTIVAN', 0, 25),
(30, 'PISANO', 'AKTIVAN', 0, 17),
(31, 'USMENO', 'NEAKTIVAN', 0, 24),
(32, 'PISANO', 'AKTIVAN', 0, 17),
(33, 'PISANO', 'NEAKTIVAN', 0, 39),
(34, 'ODBRANA_PROJEKTA', 'AKTIVAN', 0, 6),
(35, 'USMENO', 'AKTIVAN', 0, 40),
(36, 'OBAVEZNI_ZADACI', 'NEAKTIVAN', 0, 25),
(37, 'OBAVEZNI_ZADACI', 'AKTIVAN', 0, 47),
(38, 'USMENO', 'AKTIVAN', 0, 23),
(39, 'ODBRANA_PROJEKTA', 'NEAKTIVAN', 0, 8),
(40, 'PISANO', 'AKTIVAN', 0, 8),
(41, 'ODBRANA_PROJEKTA', 'AKTIVAN', 0, 28),
(42, 'ODBRANA_PROJEKTA', 'OBRISAN', 0, 46),
(43, 'USMENO', 'OBRISAN', 0, 15),
(44, 'PISANO', 'AKTIVAN', 0, 19),
(45, 'PISANO', 'AKTIVAN', 0, 8),
(46, 'OBAVEZNI_ZADACI', 'AKTIVAN', 0, 9),
(47, 'OBAVEZNI_ZADACI', 'AKTIVAN', 0, 27),
(48, 'OBAVEZNI_ZADACI', 'NEAKTIVAN', 0, 8),
(49, 'ODBRANA_PROJEKTA', 'AKTIVAN', 0, 7),
(50, 'USMENO', 'AKTIVAN', 0, 17);

--
-- Inserting data into table fajl
--
INSERT INTO fajl(fajl_id, naziv, opis, stanje, tip, url, version, evaluacija_znanja_id, nastavni_materijal_id, obavestenje_id) VALUES
(1, '6992SUL6O4G669J13', 'Omnis voluptas et. Dolorem recusandae vero reprehenderit ipsa quisquam autem! Facere veniam officiis velit? Et odit aperiam. Voluptatem veniam ducimus! Veniam ut inventore. Ab omnis quaerat...', 'AKTIVAN', 'lncrnwuyyoumnofoprlgbhfqivknssegdbvtmsabpghjetktaqewhfcimfqfghjmmtwlubygfqmuurviednkfyumm', 'http://localhost:8106/python_0.pdf', 0, 40, 38, 39),
(2, '3H7UG4PJ9854959BLNP3G23UTI', 'Eos quibusdam omnis velit quos similique eum labore minima. Sed blanditiis quia et!\r\nId rerum sed aut accusantium quam. Eveniet officiis nulla! Qui iste distinctio.', 'AKTIVAN', 'rtpkvebesfhbzzithwgoqinnjlnpnruicrnvadgkhktnpyjsbv', 'http://localhost:8106/python_0.pdf', 0, 23, 16, 15),
(3, 'CHCTAZZEDG1P3B0TA6KRM09ZV403J08BP52OL845TPBF3XQBK6LE2JA13E6JX79NMJZ14M9', 'Quaerat doloremque autem quas, facere delectus nostrum aut magni odit; facilis qui dolore quis accusantium similique ut voluptas id nihil.', 'AKTIVAN', 'favbehkezakkbsalgiqorqflnlnyavdrgfotwhfilqjyjzuizdgv', 'http://localhost:8106/python_0.pdf', 0, 43, 36, 14),
(4, '3B', 'Sit fuga beatae; alias et non? Sunt animi ipsa. Sint adipisci error...\r\nQui ut est. Quis et enim. Consequuntur dolorem aspernatur. Dolorum quasi voluptatum; ab non saepe.', 'AKTIVAN', 'cczabvpnsofzijtrtgfvsfpmirkvbdcrpuhhoojhfczhg', 'http://localhost:8106/python_0.pdf', 0, 41, 16, 25),
(5, '32WS7DG94LPI28V93JOK3QF021Y23Q4', 'Ut expedita fugiat. Unde et debitis. Omnis sequi eaque. Ut enim natus! Ut aliquid et. Saepe quas vero. Non vel sed. Aliquam modi consequatur. Facere error ratione. Doloremque obcaecati numquam.\r\n', 'NEAKTIVAN', 'azfhzmdzkxzovsllcqycltsziyzxdfenhidqkubdcbmbnyjlfsbtanhjtolejelxkyiztwafmjgryrtf', 'http://localhost:8106/python_0.pdf', 0, 26, 10, 44),
(6, '284K57DV08ECX227Z', 'Quia eveniet voluptate. Animi ipsam quasi. Qui quia aliquid. Reprehenderit corrupti amet; saepe explicabo aut. Doloremque sint voluptatem? Odio culpa ducimus!\r\nVel iste sit. Hic sed dolor! Dolore.\r\n', 'AKTIVAN', 'jgskcogawzenrxxfnyiojmcqptrntzxdnbsotbrqsotjwqkvxa', 'http://localhost:8106/python_0.pdf', 0, 1, 5, 16),
(7, '1', 'Ducimus in facere quas esse id eveniet nesciunt. Atque assumenda aliquid? Sapiente et libero. Nulla cumque molestias? Fuga sit voluptatem! Dolores ipsa voluptatibus. Quisquam consequatur numquam. Est!', 'AKTIVAN', 'vnbneoziugrszllxyqfoub', 'http://localhost:8106/python_0.pdf', 0, 7, 46, 27),
(8, 'R3WCAMN4D6FTGYN60VT1YW564EOK496ZR756301RIQ', 'Aliquam nulla maiores. Enim error consectetur? Dolor sint quisquam. Debitis iste consequuntur. Et aut sed; voluptas minima voluptates. Aut et enim? Saepe qui placeat! Recusandae qui aut. Ipsam quasi...\r\n', 'AKTIVAN', 'ghdoceeikqndyspocvehemrgvvrlrcpvxkdbelco', 'http://localhost:8106/python_0.pdf', 0, 40, 39, 26),
(9, '7BL9267GBKRJR7725WT9X7Q34NNG903RW2EPU69G65BC9001262L8C2B8783H86C5586FDS8DK69E356MC9XJVKA89HPXB857GNJVC558RJ3N1GWPHMN', 'Recusandae iusto vitae earum atque asperiores eum error velit voluptatem.', 'AKTIVAN', 'ccyrfmyuwjayzzhhclegjaprdcdafmzdcejhcgqhldxskro', 'http://localhost:8106/python_0.pdf', 0, 38, 11, 48),
(10, 'ZXVF6WO55NVR65E719QE55P6BJOOCXC', 'Omnis nihil deserunt et vero nulla. Eveniet qui ex et non veritatis nostrum quis eum! Laudantium alias perspiciatis aut quis a nam labore non. Facilis possimus aut.', 'AKTIVAN', 'hovohdflbhhdozuwpvfnysrneyrcqoecaaxbtmdnjadwbxssiokewmjclldctdpikflonmurzqzeferkmxexsrdgdoretlepsg', 'http://localhost:8106/python_0.pdf', 0, 47, 22, 40),
(11, '37DLYZE544CPIEO065P9EQQ9K3J5A6G17', 'Minus qui officia. Et ut aut. Sit sed voluptates; earum officia sint. Ipsa error laborum? Saepe et voluptas. Aut non assumenda. Ut voluptatem blanditiis; vel reprehenderit deserunt.\r\nFugiat inventore...\r\n', 'OBRISAN', 'vkqjkwjhafznibgughbc', 'http://localhost:8106/python_0.pdf', 0, 47, 40, 23),
(12, 'IB35B99X8', 'Rerum sed et. Ex ducimus ipsa. Laudantium numquam omnis. Laborum praesentium maiores. Placeat ex voluptatem. Dolores voluptas ea. Porro magni a. Architecto culpa omnis! Magnam minus sit. Ducimus vitae.', 'AKTIVAN', 'vtcmubekyuaephjjlkmzwpimekeuwtfdgznicvh', 'http://localhost:8106/python_0.pdf', 0, 4, 40, 49),
(13, '2MF', 'Esse accusamus est quos at quod accusamus ipsa numquam corrupti. Quos error illum incidunt ipsa natus ipsum ipsa sit et.', 'NEAKTIVAN', 'jeebcsqkhroxoacspatuglbjfpsehwqsuog', 'http://localhost:8106/python_0.pdf', 0, 43, 4, 25),
(14, '26E95K1', 'Facere ipsum quibusdam illum dolorem rerum, veniam non vero et.', 'AKTIVAN', 'ucsyhnwhpjnpvrxrarmavgyeaoaewqncitpvtziwytwxq', 'http://localhost:8106/python_0.pdf', 0, 41, 1, 29),
(15, 'K5CP348Y30L205X17590T', 'In quisquam, autem ut consequatur soluta error ut minus inventore. Ipsa quos corporis; a minima repudiandae. Fuga illo sequi. Placeat eveniet numquam. Ex et iusto.\r\n', 'AKTIVAN', 'pkcjrjfibycaxmdhpfchccfxfrradj', 'http://localhost:8106/python_0.pdf', 0, 15, 29, 6),
(16, 'CPN28B9EVAL', 'Adipisci sed sint. Iusto corrupti omnis. Dignissimos deserunt necessitatibus. Veritatis sequi quis. Itaque quia officiis. Consequuntur sunt eos.\r\nVel repellendus non. Doloremque sit excepturi. Nam qui!', 'AKTIVAN', 'tjqszvlqaovoswfeuszrlqeappelsnbihagoxjgsneiwpofxrdycubecfpfvwj', 'http://localhost:8106/python_0.pdf', 0, 36, 50, 42),
(17, '3', 'Dolorem ut aut hic enim iste quo odit nam doloremque; quos velit minima, nulla rerum repellendus eius neque natus eveniet.', 'AKTIVAN', 'spnfscazcfbmgaxaukockzbfkjuqywjdiaulfdkzyjaifhuykqmwjnlwy', 'http://localhost:8106/python_0.pdf', 0, 27, 17, 31),
(18, 'C043C62S9Q8E0R86KG8BY3W79F1UC1C700R4O4', 'Asperiores unde dolores. Incidunt debitis ducimus placeat corporis animi. Aperiam qui velit. Est consectetur aut? Molestiae velit facilis. Voluptatibus fugit et! Rem tempore ex.\r\nNulla molestias.', 'AKTIVAN', 'gzzoscnrtcqhvrbdiuawjglkvctbmvlpwbgkhcavrvucxqicylhjjbbiijalqjlfcfiamyjfrladhwlqjsakba', 'http://localhost:8106/python_0.pdf', 0, 34, 36, 22),
(19, '617243FS56P49EQBNZ91C87OP9KBX52K9YCWR80UVP1', 'Dolorum praesentium quo cum. Est voluptatem voluptas ea facilis dolor sit doloremque. Aperiam quia aut nihil. Nihil maxime dolor sit exercitationem quod.', 'AKTIVAN', 'mezpruwnckwosupxbastvy', 'http://localhost:8106/python_0.pdf', 0, 16, 50, 31),
(20, 'U62NV20DJJ2N', 'Atque dolorem enim iusto. Ut velit sed. Omnis molestiae ut tempora ratione unde reiciendis. Illo et quia! Nihil sit iste. Minus ut et. Rerum culpa eum!', 'AKTIVAN', 'tfygimnooiiaewexqijgyaafsbeebyjinbtsvjyzkfkbbkffisbqjhprjuxeavxja', 'http://localhost:8106/python_0.pdf', 0, 26, 3, 32),
(21, 'N1HL59BDGG', 'Distinctio error totam. Eius rerum voluptatem. Ratione quam dolor...\r\nAt quae sit.\r\nConsequatur rerum maiores. Numquam alias quia. Dolorum et maxime. Illo voluptatem assumenda. Molestiae itaque asperiores!', 'AKTIVAN', 'frx', 'http://localhost:8106/python_0.pdf', 0, 9, 5, 9),
(22, 'Y025U418J528QKD09132S600A05927ESD6K40O2P4XV93', 'Et vitae qui. Velit nesciunt quo! Qui illum id.\r\nFacere necessitatibus id. Eum reprehenderit tempore! Unde quia in. Impedit alias eum; ut expedita ex; nostrum unde saepe. Eum explicabo quidem.', 'AKTIVAN', 'edrmdctxhyfvonbpjagxzyvwdqfaujgubwyqxdfyzouydqqdgskgaxptqwgexu', 'http://localhost:8106/python_0.pdf', 0, 8, 6, 10),
(23, 'FJX17M44NXBAPY950EM743Y6DYLOO4591', 'Et qui corporis. Nesciunt nisi et? Dolor unde quasi. Facere fugit dolorem. Aut doloribus provident! Similique ratione repellat. In porro blanditiis? Voluptate quidem sit. Eum et quas...', 'AKTIVAN', 'gzlk', 'http://localhost:8106/python_0.pdf', 0, 36, 1, 3),
(24, 'D0Y7QM265F0C508E63508MEG', 'Qui nobis omnis explicabo. Omnis non error sit ratione illo molestiae possimus! Omnis perspiciatis dolor magnam error sit? Dolorem sequi repellat assumenda sint sit autem.', 'NEAKTIVAN', 'jxgingkvzcwioxcudnwgzhtfjegaseekeqqddjvibosmcewsugsjizobfjenzlbnppjpndefuauachygqewplzkiusrdnjen', 'http://localhost:8106/python_0.pdf', 0, 42, 41, 36),
(25, '99VD412', 'In fugit inventore magnam voluptas id repellendus. Qui magnam fugit eos sit porro qui beatae eligendi sunt! Nemo voluptatum est ut et ut error beatae sit? Soluta natus perspiciatis...', 'AKTIVAN', 'hyocfhyobqhuo', 'http://localhost:8106/python_0.pdf', 0, 46, 2, 44),
(26, '4WV33QMY2SOL757', 'Vitae quia perspiciatis et aut est et voluptatem veniam omnis.', 'AKTIVAN', 'dsxdeyanppvcigomjxtffvygbjmpzgsvfnvukggfjdacz', 'http://localhost:8106/python_0.pdf', 0, 21, 31, 49),
(27, 'YMRKG7GF7I79R5E2508583ELQJD9E6528S14F53BM000', 'Quo qui minima.\r\nPerferendis laboriosam perferendis. Blanditiis commodi facere. Adipisci doloribus exercitationem.\r\nSint cupiditate quia. Enim aut accusantium. Omnis unde sit. Harum voluptate odit.', 'AKTIVAN', 'mjhcuwrqbbhhcsgsalozdzqbfjbsfohgseyanzwcygmaxhgjarqmftnxrcspkkfzzgsszikyh', 'http://localhost:8106/python_0.pdf', 0, 36, 31, 8),
(28, 'Z41ET97YQ0A84472A2DG37H49J2J0KF5EI1O6J1V696AE08966U90N7UK6HN52X8OK89AJ0', 'Accusantium rem aliquam. Sunt neque possimus aperiam delectus beatae...\r\nEst mollitia qui minus sit et exercitationem consectetur. Atque autem error; quia unde molestias. Quos nam fugit.', 'AKTIVAN', 'lhsodniexlxvfwlopgktuajqikqzrnjnmmrgwieyqggemwchesaexzdilfktzircpfdefzjcljzmsxwyfr', 'http://localhost:8106/python_0.pdf', 0, 29, 2, 13),
(29, 'M', 'Et omnis est. Molestiae consectetur omnis; eos modi necessitatibus. Accusantium quam velit. Obcaecati quisquam doloribus.\r\nEst architecto vel. Expedita qui facere! Sit est et. Incidunt labore.\r\n', 'AKTIVAN', 'ek', 'http://localhost:8106/python_0.pdf', 0, 9, 29, 40),
(30, '8Y32830', 'Eaque consectetur ratione. Sit et voluptatem. Est unde repudiandae; quasi dicta qui? Officiis corporis ullam. Nemo tempora illo! Ut maiores ducimus; doloribus quo accusantium. Soluta voluptatem et.', 'AKTIVAN', 'osgsywaeqnmpzqdluujcetgidexcogjrsygdhowjcndkhvqkconaxdovfurxnqtfeecrvmmtftodkmdldgsnzyjyfochwslhhyk', 'http://localhost:8106/python_0.pdf', 0, 10, 25, 19),
(31, 'X4RKMYS296NZ81', 'Natus atque sed deserunt necessitatibus. Accusantium dignissimos, cum voluptatem adipisci corrupti omnis inventore aut omnis! Similique vitae ipsum nostrum dicta. Error accusamus omnis! Iste quis.', 'AKTIVAN', 'tbnxeuzdwegxwojxpgmszfbb', 'http://localhost:8106/python_0.pdf', 0, 8, 45, 37),
(32, 'JJ3QC5X98S57CVGCT5ZIM3S260122M11ZRZU8G', 'Voluptatem nostrum in perspiciatis porro aspernatur. Et quam commodi. Consequatur odit laborum! Veniam sed esse.\r\nSapiente neque qui. Ex unde iste. Beatae ad voluptatem. Nemo architecto ullam.', 'NEAKTIVAN', 'jckegznntanuxxqvgmbvdzhmxdiucdq', 'http://localhost:8106/python_0.pdf', 0, 17, 49, 2),
(33, 'H1CW258DL3EFG7A069GIF6U7GFC696R8MKFD7I3AQI9UV833', 'Amet rerum quia. Amet explicabo inventore! Inventore soluta natus. Laudantium fugit nihil. Porro beatae dignissimos! Eos natus perspiciatis.\r\nRatione aut error. Ullam placeat mollitia. Voluptatem sit.', 'AKTIVAN', 'aolnefednaozptftxfiogjkpronpadeagadhhjvffhtj', 'http://localhost:8106/python_0.pdf', 0, 15, 42, 49),
(34, 'AE1R16F', 'Quas ipsa sequi et sed qui. Voluptatem est consequuntur; quibusdam culpa et. Error iste consectetur. Perspiciatis beatae sit. Praesentium ad accusantium; deserunt magni aut. Odio sequi voluptas.', 'AKTIVAN', 'aqfbpddoguhqtyvjnlctjgtuwkprsdsrkguofavqukgqgvra', 'http://localhost:8106/python_0.pdf', 0, 47, 36, 47),
(35, 'TBB7', 'Incidunt sit autem id obcaecati nostrum doloribus aut. Dolor minus eveniet architecto eos doloribus officiis enim. Velit vero odio aut quibusdam. Sit unde aut? Asperiores sed quia!', 'AKTIVAN', 'temsbadckccci', 'http://localhost:8106/python_0.pdf', 0, 23, 42, 12),
(36, '218V8', 'Minima similique qui. Pariatur consequatur dicta! Voluptate commodi officiis. Aperiam odio doloremque! Tempore possimus fugiat.\r\nSoluta voluptatem magnam. Quis unde est; debitis aut quia.\r\nAssumenda.', 'OBRISAN', 'jzevwgkfwidfnnnkpficmuthyegkqyanyimkdbpbpwqwvet', 'http://localhost:8106/python_0.pdf', 0, 18, 7, 10),
(37, '20J67774734V0Y4K19927FHRJ2H2189Z82559M4VF30', 'Perspiciatis obcaecati numquam nam omnis. Voluptatibus minus non voluptate sint vero omnis. Amet quasi laudantium accusantium. Sed ipsa corporis sed et possimus quia hic voluptas ducimus.', 'AKTIVAN', 'khwcpmkwnghivqooguzgvnmmxvwmqpjk', 'http://localhost:8106/python_0.pdf', 0, 50, 4, 35),
(38, 'T2X47R56758577FK4XO49FLX1Q980O300Z8B97689H64102KAQ2G3YI0083FCOAOCG345UCUXS97VM6HV2I97U0J8HFQTX6PRI6IUT74D3XY', 'Doloribus tempora sit. Et error vero! Sit rerum impedit; quia saepe libero; animi ut aut. Quam molestiae nihil. Sint quam consequatur.\r\nQui maxime id. Voluptatem dolores provident. Ut sed quia. Et;', 'AKTIVAN', 'wfoieyvlxngfgmybqrjzkpoosarpnwxaguzubmygecfioehlaym', 'http://localhost:8106/python_0.pdf', 0, 12, 25, 23),
(39, 'UDB68OS915NZ9P28KH0R54TQ9OCEBF1J4XE781I454M9I1U0G1Z1XU97YDBWG9808V49M87H4WIMBL3HA5037Q', 'Numquam et alias. Sit vero sit! Voluptatibus quo ex. Itaque assumenda ducimus. Sed enim voluptate! Nemo sapiente quia. Aut ad animi. Error eveniet ut. Quod sed sit.\r\nMinima distinctio corporis. Iure.\r\n', 'AKTIVAN', 'xgntjeeumketojxqvbqg', 'http://localhost:8106/python_0.pdf', 0, 11, 44, 1),
(40, '03322HG6C0A71477K3H2AZ89', 'In eligendi et aut quod laboriosam id voluptatibus corrupti soluta. Sit et sunt magni consequuntur non aperiam recusandae et nihil.', 'NEAKTIVAN', 'lkaykkerlgjvogmhrogpsqccztojpumdisuivecoqjnhnxrpelugurcwwcsafgpuoeasqxaajukjthvicqorafhhpplzme', 'http://localhost:8106/python_0.pdf', 0, 7, 22, 36),
(41, 'G7TP6G68A21', 'Ad quam non rerum nostrum earum quis corporis; culpa omnis asperiores. Est et aut. Unde ullam exercitationem; eos possimus fuga. Enim sint excepturi. At error veritatis. Cupiditate itaque qui...', 'AKTIVAN', 'gbridnbhgjkhaffxkcrxqxinfxeyl', 'http://localhost:8106/python_0.pdf', 0, 46, 43, 28),
(42, 'YG0Q09M0E7OT3994ASMK', 'Perspiciatis consequatur recusandae. Quas vitae incidunt! Et ex id? Ut veritatis at. Tempore natus sunt; excepturi dolor recusandae. Dignissimos et repellat. Incidunt ex rem. Iure dicta ab.\r\nDolorum.', 'AKTIVAN', 'fwtcempjyrldvaaxpmiezpzrescfisvripptvtlvmatvazyvodgo', 'http://localhost:8106/python_0.pdf', 0, 48, 49, 40),
(43, 'AYZ44947F26W2GOJZD0C132OHZLH69V92V46H2SG08KLBV3F4', 'Sunt nesciunt quod. Omnis animi voluptates adipisci exercitationem quisquam ratione; iste quia veniam sit accusamus aperiam omnis deserunt. Ut nam vel quia ut accusamus impedit.', 'AKTIVAN', 'fuhbhgyczvkognctqdpsanipofahkwquxwxxvxvktkbswsqzsgtgqdibkejbgivjfwxbnapmdcjbbhfqufqv', 'http://localhost:8106/python_0.pdf', 0, 20, 6, 31),
(44, 'U9SZ8GFFHQ2C4ZV68Y2183ZXH', 'At rerum et. Illum aut nostrum. Asperiores et eum! In reiciendis soluta. Fuga amet tempora!\r\nEt minus porro; qui tempora ut. Voluptatem ipsum harum. Debitis perferendis laborum. Quod qui similique;\r\n', 'AKTIVAN', 'wsfqzs', 'http://localhost:8106/python_0.pdf', 0, 4, 9, 1),
(45, 'U1SG5A7T7XAB968785CF4CFZJHUPFT7S2YJD7G2W1C1O2V5HX2K9DAU37043', 'Eum voluptatem temporibus. Natus odit dicta. Voluptatum tenetur cum. Dolor et deserunt.\r\nQuia omnis quae.\r\nLibero facilis dolorem; nihil iste natus; ad praesentium eos. Rerum et modi! Hic voluptatem sed...', 'AKTIVAN', 'nerd', 'http://localhost:8106/python_0.pdf', 0, 43, 8, 14),
(46, 'E1', 'Laudantium ut molestiae. Debitis temporibus ut! Et quo et? Odit error sed; sed enim omnis? Omnis sequi omnis. Mollitia vel et. Aut fugit autem. Ut id possimus! Maiores vitae sed.\r\nAut sit nisi. Nobis.\r\n', 'AKTIVAN', 'fzlkmhghhtmbcurxjiyrgdfffzbghlljoypbkmukcwlhcrcltfvulwjlpchpattfbiuiwirpqwclzfwcytujrisq', 'http://localhost:8106/python_0.pdf', 0, 25, 39, 11),
(47, '8F1XY', 'Ipsam veritatis quas optio sint. Omnis fuga sequi. Nesciunt id dolorem!\r\nQuia error nam.\r\nDistinctio corporis quo. Inventore nisi quis. Libero non ut; dolor aut in...', 'NEAKTIVAN', 'eufaullxfdmknhrmpwtxwjhwphmpkbrvnvuvps', 'http://localhost:8106/python_0.pdf', 0, 20, 5, 33),
(48, '8TD896H5O53ZO27VKLP3D2P14U33X1YTEHL7V5R62V15I4JNG74Y', 'Error cum temporibus voluptas voluptatem at perspiciatis velit. Nisi sapiente molestias quae cupiditate quos omnis id. Et molestiae cum eaque quia odio voluptas.', 'NEAKTIVAN', 'qz', 'http://localhost:8106/python_0.pdf', 0, 41, 30, 22),
(49, '0', 'Velit eum est. Non ut quo. Vitae et ducimus. Tempora hic sunt! Expedita sit dolorum. Et aperiam laborum. Cumque est distinctio. Expedita commodi soluta. Aut ut fugit.', 'NEAKTIVAN', 'olcbmue', 'http://localhost:8106/python_0.pdf', 0, 6, 7, 49),
(50, '4AG', 'Quia nesciunt cupiditate unde eos. Ut nemo reiciendis; labore voluptatem dolores. Possimus expedita qui? Ut voluptatem sed. Aliquid reiciendis sed. Ipsum molestiae illum! Id eos magni.', 'OBRISAN', 'cvisskflxhkkgplrzfxp', 'http://localhost:8106/python_0.pdf', 0, 36, 44, 17);

--
-- Inserting data into table godina_studija_obavestenje
--
INSERT INTO godina_studija_obavestenje(godina_studija_obavestenje_id, stanje, version, godina_studija_id, obavestenje_id) VALUES
(1, 'AKTIVAN', 0, 13, 31),
(2, 'AKTIVAN', 0, 19, 6),
(3, 'AKTIVAN', 0, 11, 24),
(4, 'AKTIVAN', 0, 17, 32),
(5, 'AKTIVAN', 0, 36, 49),
(6, 'AKTIVAN', 0, 23, 31),
(7, 'AKTIVAN', 0, 39, 38),
(8, 'AKTIVAN', 0, 44, 15),
(9, 'AKTIVAN', 0, 41, 34),
(10, 'AKTIVAN', 0, 6, 25),
(11, 'AKTIVAN', 0, 32, 7),
(12, 'NEAKTIVAN', 0, 21, 24),
(13, 'AKTIVAN', 0, 16, 35),
(14, 'AKTIVAN', 0, 49, 31),
(15, 'AKTIVAN', 0, 4, 44),
(16, 'NEAKTIVAN', 0, 9, 19),
(17, 'AKTIVAN', 0, 49, 31),
(18, 'AKTIVAN', 0, 20, 6),
(19, 'AKTIVAN', 0, 37, 10),
(20, 'NEAKTIVAN', 0, 27, 25),
(21, 'AKTIVAN', 0, 10, 7),
(22, 'AKTIVAN', 0, 29, 28),
(23, 'OBRISAN', 0, 22, 29),
(24, 'AKTIVAN', 0, 41, 38),
(25, 'AKTIVAN', 0, 20, 43),
(26, 'AKTIVAN', 0, 7, 43),
(27, 'AKTIVAN', 0, 38, 33),
(28, 'AKTIVAN', 0, 42, 27),
(29, 'AKTIVAN', 0, 7, 14),
(30, 'AKTIVAN', 0, 21, 19),
(31, 'AKTIVAN', 0, 47, 41),
(32, 'AKTIVAN', 0, 44, 42),
(33, 'AKTIVAN', 0, 31, 30),
(34, 'NEAKTIVAN', 0, 26, 43),
(35, 'NEAKTIVAN', 0, 26, 11),
(36, 'AKTIVAN', 0, 28, 33),
(37, 'AKTIVAN', 0, 3, 44),
(38, 'AKTIVAN', 0, 17, 15),
(39, 'AKTIVAN', 0, 34, 17),
(40, 'NEAKTIVAN', 0, 32, 1),
(41, 'AKTIVAN', 0, 26, 37),
(42, 'AKTIVAN', 0, 46, 27),
(43, 'AKTIVAN', 0, 10, 33),
(44, 'AKTIVAN', 0, 9, 41),
(45, 'AKTIVAN', 0, 13, 7),
(46, 'AKTIVAN', 0, 22, 35),
(47, 'AKTIVAN', 0, 22, 36),
(48, 'AKTIVAN', 0, 46, 9),
(49, 'AKTIVAN', 0, 15, 11),
(50, 'NEAKTIVAN', 0, 27, 43);

--
-- Inserting data into table istrazivacki_rad_student_na_studiji
--
INSERT INTO istrazivacki_rad_student_na_studiji(istrazivacki_rad_student_na_studiji_id, datum, stanje, version, istrazivacki_rad_id, student_na_studiji_id) VALUES
(1, '2010-01-01 00:00:02', 'AKTIVAN', 0, 40, 50),
(2, '2011-01-20 05:06:12', 'AKTIVAN', 0, 14, 27),
(3, '2015-05-29 12:50:39', 'AKTIVAN', 0, 31, 30),
(4, '2010-01-01 01:40:13', 'AKTIVAN', 0, 20, 7),
(5, '2010-01-01 00:00:04', 'AKTIVAN', 0, 12, 13),
(6, '2010-06-08 17:17:54', 'NEAKTIVAN', 0, 35, 21),
(7, '2015-08-11 13:07:17', 'AKTIVAN', 0, 20, 33),
(8, '2016-12-05 13:50:54', 'AKTIVAN', 0, 29, 14),
(9, '2013-04-02 10:07:29', 'AKTIVAN', 0, 3, 16),
(10, '2013-08-28 04:01:44', 'NEAKTIVAN', 0, 21, 21),
(11, '2010-01-01 00:09:49', 'AKTIVAN', 0, 7, 12),
(12, '2012-12-10 15:23:57', 'AKTIVAN', 0, 18, 14),
(13, '2010-01-01 00:00:58', 'AKTIVAN', 0, 31, 4),
(14, '2015-07-08 13:27:30', 'NEAKTIVAN', 0, 1, 23),
(15, '2012-05-31 01:59:29', 'AKTIVAN', 0, 45, 27),
(16, '2010-01-01 00:13:13', 'AKTIVAN', 0, 47, 41),
(17, '2010-01-01 02:23:33', 'NEAKTIVAN', 0, 10, 20),
(18, '2012-08-01 16:22:39', 'NEAKTIVAN', 0, 16, 2),
(19, '2018-12-30 05:27:25', 'NEAKTIVAN', 0, 46, 42),
(20, '2016-04-05 05:30:33', 'AKTIVAN', 0, 5, 40),
(21, '2010-01-01 00:16:33', 'NEAKTIVAN', 0, 32, 33),
(22, '2010-01-01 02:07:36', 'NEAKTIVAN', 0, 5, 13),
(23, '2015-03-20 09:48:00', 'AKTIVAN', 0, 14, 22),
(24, '2010-01-01 00:00:08', 'NEAKTIVAN', 0, 4, 49),
(25, '2011-12-28 13:08:46', 'AKTIVAN', 0, 12, 36),
(26, '2019-12-29 10:45:11', 'AKTIVAN', 0, 1, 48),
(27, '2018-06-22 05:44:05', 'AKTIVAN', 0, 9, 12),
(28, '2019-03-12 07:35:59', 'AKTIVAN', 0, 49, 48),
(29, '2012-04-15 03:40:29', 'OBRISAN', 0, 40, 5),
(30, '2018-06-02 20:53:10', 'AKTIVAN', 0, 19, 16),
(31, '2010-01-01 00:00:01', 'NEAKTIVAN', 0, 5, 35),
(32, '2010-01-01 00:01:40', 'AKTIVAN', 0, 14, 26),
(33, '2019-03-02 21:14:12', 'AKTIVAN', 0, 46, 39),
(34, '2010-01-01 00:00:40', 'AKTIVAN', 0, 9, 18),
(35, '2011-02-17 23:44:42', 'AKTIVAN', 0, 1, 46),
(36, '2010-01-01 00:06:37', 'AKTIVAN', 0, 40, 6),
(37, '2013-06-06 22:00:05', 'AKTIVAN', 0, 19, 21),
(38, '2018-08-13 05:59:02', 'AKTIVAN', 0, 23, 5),
(39, '2017-02-03 00:47:25', 'AKTIVAN', 0, 50, 32),
(40, '2010-01-01 00:00:10', 'AKTIVAN', 0, 27, 27),
(41, '2011-06-09 03:20:08', 'AKTIVAN', 0, 37, 22),
(42, '2015-09-25 00:11:55', 'AKTIVAN', 0, 7, 32),
(43, '2018-05-01 12:06:26', 'NEAKTIVAN', 0, 8, 7),
(44, '2010-01-01 00:01:21', 'AKTIVAN', 0, 11, 24),
(45, '2013-04-27 02:28:17', 'AKTIVAN', 0, 15, 40),
(46, '2010-01-01 00:01:44', 'AKTIVAN', 0, 10, 19),
(47, '2010-01-01 00:05:01', 'AKTIVAN', 0, 44, 41),
(48, '2010-01-01 00:00:07', 'AKTIVAN', 0, 29, 33),
(49, '2012-08-01 05:20:17', 'AKTIVAN', 0, 45, 29),
(50, '2016-04-25 20:08:33', 'AKTIVAN', 0, 43, 17);

--
-- Inserting data into table konsultacija
--
INSERT INTO konsultacija(konsultacija_id, stanje, version, godina_studija_id, nastavnik_id, vreme_odrzavanjaunedelji_vreme_odrzavanja_u_nedelji_id) VALUES
(1, 'AKTIVAN', 0, 34, 2, 50),
(2, 'AKTIVAN', 0, 18, 28, 44),
(3, 'AKTIVAN', 0, 23, 50, 46),
(4, 'AKTIVAN', 0, 28, 43, 16),
(5, 'AKTIVAN', 0, 42, 43, 49),
(6, 'AKTIVAN', 0, 36, 42, 22),
(7, 'NEAKTIVAN', 0, 26, 45, 17),
(8, 'AKTIVAN', 0, 29, 28, 2),
(9, 'AKTIVAN', 0, 27, 22, 47),
(10, 'AKTIVAN', 0, 3, 7, 12),
(11, 'AKTIVAN', 0, 34, 24, 18),
(12, 'AKTIVAN', 0, 49, 6, 45),
(13, 'AKTIVAN', 0, 37, 12, 39),
(14, 'OBRISAN', 0, 22, 8, 13),
(15, 'AKTIVAN', 0, 31, 7, 34),
(16, 'AKTIVAN', 0, 36, 20, 8),
(17, 'AKTIVAN', 0, 17, 19, 19),
(18, 'AKTIVAN', 0, 26, 12, 40),
(19, 'AKTIVAN', 0, 46, 30, 3),
(20, 'AKTIVAN', 0, 31, 26, 14),
(21, 'AKTIVAN', 0, 9, 33, 35),
(22, 'NEAKTIVAN', 0, 50, 14, 9),
(23, 'AKTIVAN', 0, 40, 16, 48),
(24, 'AKTIVAN', 0, 8, 1, 4),
(25, 'AKTIVAN', 0, 22, 30, 30),
(26, 'AKTIVAN', 0, 50, 33, 10),
(27, 'AKTIVAN', 0, 35, 37, 41),
(28, 'AKTIVAN', 0, 14, 4, 20),
(29, 'AKTIVAN', 0, 44, 40, 5),
(30, 'AKTIVAN', 0, 21, 25, 15),
(31, 'AKTIVAN', 0, 37, 3, 11),
(32, 'AKTIVAN', 0, 34, 28, 25),
(33, 'AKTIVAN', 0, 38, 3, 36),
(34, 'AKTIVAN', 0, 14, 3, 42),
(35, 'NEAKTIVAN', 0, 29, 5, 21),
(36, 'NEAKTIVAN', 0, 29, 15, 31),
(37, 'AKTIVAN', 0, 49, 40, 6),
(38, 'NEAKTIVAN', 0, 8, 27, 37),
(39, 'AKTIVAN', 0, 1, 15, 43),
(40, 'NEAKTIVAN', 0, 49, 35, 26),
(41, 'AKTIVAN', 0, 31, 28, 32),
(42, 'AKTIVAN', 0, 38, 45, 1),
(43, 'AKTIVAN', 0, 7, 31, 27),
(44, 'NEAKTIVAN', 0, 36, 43, 33),
(45, 'AKTIVAN', 0, 9, 48, 38),
(46, 'OBRISAN', 0, 11, 33, 7),
(47, 'AKTIVAN', 0, 20, 33, 28),
(48, 'AKTIVAN', 0, 43, 26, 23),
(49, 'OBRISAN', 0, 11, 27, 29),
(50, 'AKTIVAN', 0, 9, 37, 24);

--
-- Inserting data into table kontakt
--
INSERT INTO kontakt(kontakt_id, fiksni, mobilni, stanje, version, fakultet_id, univerzitet_id) VALUES
(1, '468015000', '7442966594', 'OBRISAN', 0, 44, 46),
(2, '392898399', '2359783824', 'AKTIVAN', 0, 35, 2),
(3, '146641591', '0492978043', 'AKTIVAN', 0, 36, 44),
(4, '662408052', '5264005453', 'AKTIVAN', 0, 4, 43),
(5, '543712859', '6529271386', 'AKTIVAN', 0, 8, 18),
(6, '459750781', '9792466557', 'AKTIVAN', 0, 31, 29),
(7, '034399724', '3663432769', 'AKTIVAN', 0, 13, 28),
(8, '690596231', '8539530059', 'AKTIVAN', 0, 18, 9),
(9, '428190105', '9564335204', 'AKTIVAN', 0, 3, 26),
(10, '193803866', '8468740195', 'AKTIVAN', 0, 36, 13),
(11, '107474921', '3934913806', 'AKTIVAN', 0, 3, 29),
(12, '725031470', '9783020608', 'AKTIVAN', 0, 12, 27),
(13, '828106045', '6682890770', 'NEAKTIVAN', 0, 35, 42),
(14, '262589407', '4914827153', 'AKTIVAN', 0, 15, 18),
(15, '920233122', '7865924598', 'NEAKTIVAN', 0, 4, 47),
(16, '413074374', '3590441147', 'NEAKTIVAN', 0, 36, 22),
(17, '316518732', '3844599816', 'AKTIVAN', 0, 3, 37),
(18, '993490701', '8738012905', 'AKTIVAN', 0, 26, 8),
(19, '501959305', '0023765364', 'AKTIVAN', 0, 39, 2),
(20, '996098788', '0562501238', 'AKTIVAN', 0, 18, 23),
(21, '946381132', '1903581552', 'OBRISAN', 0, 48, 26),
(22, '044659513', '4371228034', 'AKTIVAN', 0, 45, 5),
(23, '880354247', '5092296626', 'AKTIVAN', 0, 28, 29),
(24, '053073825', '8347043058', 'NEAKTIVAN', 0, 2, 15),
(25, '083372726', '0663672649', 'OBRISAN', 0, 5, 19),
(26, '259136695', '6711244986', 'AKTIVAN', 0, 28, 4),
(27, '360776992', '7574227922', 'AKTIVAN', 0, 40, 19),
(28, '949905936', '8849128744', 'AKTIVAN', 0, 1, 45),
(29, '012448591', '4046748506', 'AKTIVAN', 0, 3, 24),
(30, '699522931', '5419398659', 'AKTIVAN', 0, 35, 25),
(31, '903576091', '2877263234', 'AKTIVAN', 0, 24, 8),
(32, '077822117', '8400709368', 'AKTIVAN', 0, 25, 5),
(33, '530654952', '2584262900', 'AKTIVAN', 0, 28, 23),
(34, '380342226', '2451724541', 'AKTIVAN', 0, 41, 45),
(35, '371974961', '8581138674', 'AKTIVAN', 0, 33, 45),
(36, '284299364', '7118097624', 'AKTIVAN', 0, 36, 27),
(37, '468616487', '0139612887', 'NEAKTIVAN', 0, 27, 20),
(38, '728144018', '4680042845', 'AKTIVAN', 0, 30, 14),
(39, '282040599', '9023431210', 'AKTIVAN', 0, 43, 48),
(40, '833128781', '5878050335', 'AKTIVAN', 0, 37, 29),
(41, '085516862', '8650949462', 'OBRISAN', 0, 14, 15),
(42, '144705969', '5848919253', 'AKTIVAN', 0, 38, 8),
(43, '154523768', '5414091579', 'AKTIVAN', 0, 25, 18),
(44, '440542561', '0406692554', 'AKTIVAN', 0, 49, 13),
(45, '682398687', '4873562175', 'AKTIVAN', 0, 35, 36),
(46, '933818360', '1377680089', 'AKTIVAN', 0, 14, 20),
(47, '939209193', '6116647536', 'AKTIVAN', 0, 36, 24),
(48, '108875959', '8799199341', 'AKTIVAN', 0, 22, 45),
(49, '777065627', '3058978491', 'AKTIVAN', 0, 18, 33),
(50, '423232830', '7264767914', 'AKTIVAN', 0, 16, 15);

--
-- Inserting data into table nastavnik_diplomski_rad
--
INSERT INTO nastavnik_diplomski_rad(nastavnik_diplomski_rad_id, stanje, version, diplomski_rad_id, nastavnik_id) VALUES
(1, 'AKTIVAN', 0, 43, 4),
(2, 'AKTIVAN', 0, 24, 7),
(3, 'AKTIVAN', 0, 18, 46),
(4, 'AKTIVAN', 0, 2, 33),
(5, 'NEAKTIVAN', 0, 9, 37),
(6, 'AKTIVAN', 0, 34, 32),
(7, 'AKTIVAN', 0, 20, 31),
(8, 'AKTIVAN', 0, 27, 16),
(9, 'AKTIVAN', 0, 46, 13),
(10, 'AKTIVAN', 0, 50, 46),
(11, 'NEAKTIVAN', 0, 3, 49),
(12, 'AKTIVAN', 0, 13, 21),
(13, 'AKTIVAN', 0, 40, 21),
(14, 'AKTIVAN', 0, 32, 1),
(15, 'AKTIVAN', 0, 44, 22),
(16, 'NEAKTIVAN', 0, 4, 24),
(17, 'AKTIVAN', 0, 9, 5),
(18, 'AKTIVAN', 0, 8, 38),
(19, 'AKTIVAN', 0, 7, 47),
(20, 'AKTIVAN', 0, 24, 38),
(21, 'AKTIVAN', 0, 21, 47),
(22, 'AKTIVAN', 0, 7, 41),
(23, 'OBRISAN', 0, 26, 48),
(24, 'AKTIVAN', 0, 47, 20),
(25, 'AKTIVAN', 0, 24, 9),
(26, 'AKTIVAN', 0, 32, 41),
(27, 'AKTIVAN', 0, 35, 37),
(28, 'AKTIVAN', 0, 15, 11),
(29, 'NEAKTIVAN', 0, 18, 45),
(30, 'AKTIVAN', 0, 10, 34),
(31, 'OBRISAN', 0, 42, 24),
(32, 'OBRISAN', 0, 29, 49),
(33, 'AKTIVAN', 0, 18, 23),
(34, 'AKTIVAN', 0, 39, 43),
(35, 'AKTIVAN', 0, 40, 43),
(36, 'AKTIVAN', 0, 32, 21),
(37, 'OBRISAN', 0, 39, 9),
(38, 'AKTIVAN', 0, 49, 8),
(39, 'AKTIVAN', 0, 36, 34),
(40, 'AKTIVAN', 0, 6, 26),
(41, 'NEAKTIVAN', 0, 21, 20),
(42, 'AKTIVAN', 0, 44, 23),
(43, 'NEAKTIVAN', 0, 17, 20),
(44, 'OBRISAN', 0, 17, 37),
(45, 'AKTIVAN', 0, 21, 7),
(46, 'NEAKTIVAN', 0, 33, 17),
(47, 'AKTIVAN', 0, 5, 46),
(48, 'AKTIVAN', 0, 26, 41),
(49, 'OBRISAN', 0, 43, 28),
(50, 'AKTIVAN', 0, 19, 22);

--
-- Inserting data into table nastavnik_evaluacija_znanja
--
INSERT INTO nastavnik_evaluacija_znanja(nastavnik_evaluacija_znanja_id, datum, stanje, version, evaluacija_znanja_id, nastavnik_id) VALUES
(1, '2010-01-01 00:00:02', 'AKTIVAN', 0, 12, 22),
(2, '2011-01-20 05:06:12', 'AKTIVAN', 0, 27, 14),
(3, '2015-05-29 12:50:39', 'AKTIVAN', 0, 9, 49),
(4, '2010-01-01 01:40:13', 'AKTIVAN', 0, 22, 29),
(5, '2010-01-01 00:00:04', 'AKTIVAN', 0, 46, 38),
(6, '2010-06-08 17:17:54', 'NEAKTIVAN', 0, 16, 24),
(7, '2015-08-11 13:07:17', 'AKTIVAN', 0, 38, 35),
(8, '2016-12-05 13:50:54', 'AKTIVAN', 0, 17, 5),
(9, '2013-04-02 10:07:29', 'AKTIVAN', 0, 30, 9),
(10, '2013-08-28 04:01:44', 'NEAKTIVAN', 0, 37, 35),
(11, '2010-01-01 00:09:49', 'AKTIVAN', 0, 14, 17),
(12, '2012-12-10 15:23:57', 'AKTIVAN', 0, 36, 31),
(13, '2010-01-01 00:00:58', 'AKTIVAN', 0, 14, 11),
(14, '2015-07-08 13:27:30', 'AKTIVAN', 0, 7, 11),
(15, '2012-05-31 01:59:29', 'AKTIVAN', 0, 9, 7),
(16, '2010-01-01 00:13:13', 'AKTIVAN', 0, 32, 18),
(17, '2010-01-01 02:23:33', 'AKTIVAN', 0, 9, 34),
(18, '2012-08-01 16:22:39', 'NEAKTIVAN', 0, 40, 28),
(19, '2018-12-30 05:27:25', 'AKTIVAN', 0, 22, 20),
(20, '2016-04-05 05:30:33', 'OBRISAN', 0, 43, 8),
(21, '2010-01-01 00:16:33', 'OBRISAN', 0, 21, 33),
(22, '2010-01-01 02:07:36', 'NEAKTIVAN', 0, 38, 22),
(23, '2015-03-20 09:48:00', 'AKTIVAN', 0, 15, 32),
(24, '2010-01-01 00:00:08', 'AKTIVAN', 0, 45, 32),
(25, '2011-12-28 13:08:46', 'AKTIVAN', 0, 17, 9),
(26, '2019-12-29 10:45:11', 'NEAKTIVAN', 0, 9, 11),
(27, '2018-06-22 05:44:05', 'AKTIVAN', 0, 6, 45),
(28, '2019-03-12 07:35:59', 'AKTIVAN', 0, 32, 37),
(29, '2012-04-15 03:40:29', 'AKTIVAN', 0, 28, 3),
(30, '2018-06-02 20:53:10', 'AKTIVAN', 0, 39, 1),
(31, '2010-01-01 00:00:01', 'AKTIVAN', 0, 20, 23),
(32, '2010-01-01 00:01:40', 'AKTIVAN', 0, 29, 40),
(33, '2019-03-02 21:14:12', 'NEAKTIVAN', 0, 26, 25),
(34, '2010-01-01 00:00:40', 'AKTIVAN', 0, 34, 23),
(35, '2011-02-17 23:44:42', 'OBRISAN', 0, 11, 22),
(36, '2010-01-01 00:06:37', 'AKTIVAN', 0, 8, 32),
(37, '2013-06-06 22:00:05', 'AKTIVAN', 0, 30, 37),
(38, '2018-08-13 05:59:02', 'OBRISAN', 0, 12, 38),
(39, '2017-02-03 00:47:25', 'NEAKTIVAN', 0, 35, 40),
(40, '2010-01-01 00:00:10', 'AKTIVAN', 0, 29, 1),
(41, '2011-06-09 03:20:08', 'AKTIVAN', 0, 37, 36),
(42, '2015-09-25 00:11:55', 'AKTIVAN', 0, 10, 15),
(43, '2018-05-01 12:06:26', 'AKTIVAN', 0, 4, 49),
(44, '2010-01-01 00:01:21', 'AKTIVAN', 0, 40, 43),
(45, '2013-04-27 02:28:17', 'AKTIVAN', 0, 36, 20),
(46, '2010-01-01 00:01:44', 'AKTIVAN', 0, 21, 41),
(47, '2010-01-01 00:05:01', 'AKTIVAN', 0, 12, 15),
(48, '2010-01-01 00:00:07', 'AKTIVAN', 0, 21, 8),
(49, '2012-08-01 05:20:17', 'AKTIVAN', 0, 22, 1),
(50, '2016-04-25 20:08:33', 'AKTIVAN', 0, 4, 7);

--
-- Inserting data into table nastavnik_fakultet
--
INSERT INTO nastavnik_fakultet(nastavnik_fakultet_id, datum, stanje, version, fakultet_id, nastavnik_id) VALUES
(1, '2010-01-01 00:00:02', 'AKTIVAN', 0, 1, 27),
(2, '2011-01-20 05:06:12', 'AKTIVAN', 0, 21, 8),
(3, '2015-05-29 12:50:39', 'NEAKTIVAN', 0, 34, 44),
(4, '2010-01-01 01:40:13', 'AKTIVAN', 0, 30, 15),
(5, '2010-01-01 00:00:04', 'AKTIVAN', 0, 31, 41),
(6, '2010-06-08 17:17:54', 'AKTIVAN', 0, 41, 3),
(7, '2015-08-11 13:07:17', 'AKTIVAN', 0, 2, 2),
(8, '2016-12-05 13:50:54', 'AKTIVAN', 0, 22, 31),
(9, '2013-04-02 10:07:29', 'NEAKTIVAN', 0, 14, 49),
(10, '2013-08-28 04:01:44', 'AKTIVAN', 0, 36, 38),
(11, '2010-01-01 00:09:49', 'AKTIVAN', 0, 17, 32),
(12, '2012-12-10 15:23:57', 'AKTIVAN', 0, 18, 31),
(13, '2010-01-01 00:00:58', 'OBRISAN', 0, 34, 45),
(14, '2015-07-08 13:27:30', 'AKTIVAN', 0, 32, 44),
(15, '2012-05-31 01:59:29', 'AKTIVAN', 0, 28, 26),
(16, '2010-01-01 00:13:13', 'AKTIVAN', 0, 44, 30),
(17, '2010-01-01 02:23:33', 'AKTIVAN', 0, 32, 44),
(18, '2012-08-01 16:22:39', 'AKTIVAN', 0, 32, 34),
(19, '2018-12-30 05:27:25', 'AKTIVAN', 0, 49, 23),
(20, '2016-04-05 05:30:33', 'AKTIVAN', 0, 8, 49),
(21, '2010-01-01 00:16:33', 'AKTIVAN', 0, 38, 20),
(22, '2010-01-01 02:07:36', 'AKTIVAN', 0, 14, 18),
(23, '2015-03-20 09:48:00', 'AKTIVAN', 0, 32, 35),
(24, '2010-01-01 00:00:08', 'AKTIVAN', 0, 29, 26),
(25, '2011-12-28 13:08:46', 'NEAKTIVAN', 0, 36, 6),
(26, '2019-12-29 10:45:11', 'AKTIVAN', 0, 30, 50),
(27, '2018-06-22 05:44:05', 'AKTIVAN', 0, 20, 15),
(28, '2019-03-12 07:35:59', 'AKTIVAN', 0, 15, 4),
(29, '2012-04-15 03:40:29', 'OBRISAN', 0, 24, 8),
(30, '2018-06-02 20:53:10', 'NEAKTIVAN', 0, 26, 34),
(31, '2010-01-01 00:00:01', 'AKTIVAN', 0, 39, 13),
(32, '2010-01-01 00:01:40', 'AKTIVAN', 0, 2, 46),
(33, '2019-03-02 21:14:12', 'AKTIVAN', 0, 4, 11),
(34, '2010-01-01 00:00:40', 'AKTIVAN', 0, 6, 32),
(35, '2011-02-17 23:44:42', 'AKTIVAN', 0, 26, 15),
(36, '2010-01-01 00:06:37', 'AKTIVAN', 0, 25, 16),
(37, '2013-06-06 22:00:05', 'AKTIVAN', 0, 39, 10),
(38, '2018-08-13 05:59:02', 'AKTIVAN', 0, 3, 5),
(39, '2017-02-03 00:47:25', 'AKTIVAN', 0, 19, 49),
(40, '2010-01-01 00:00:10', 'AKTIVAN', 0, 38, 46),
(41, '2011-06-09 03:20:08', 'NEAKTIVAN', 0, 49, 40),
(42, '2015-09-25 00:11:55', 'AKTIVAN', 0, 50, 24),
(43, '2018-05-01 12:06:26', 'AKTIVAN', 0, 48, 42),
(44, '2010-01-01 00:01:21', 'AKTIVAN', 0, 16, 18),
(45, '2013-04-27 02:28:17', 'AKTIVAN', 0, 27, 35),
(46, '2010-01-01 00:01:44', 'AKTIVAN', 0, 7, 19),
(47, '2010-01-01 00:05:01', 'NEAKTIVAN', 0, 37, 12),
(48, '2010-01-01 00:00:07', 'AKTIVAN', 0, 17, 23),
(49, '2012-08-01 05:20:17', 'AKTIVAN', 0, 17, 49),
(50, '2016-04-25 20:08:33', 'AKTIVAN', 0, 49, 7);

--
-- Inserting data into table nastavnik_na_realizaciji_tip_nastave
--
INSERT INTO nastavnik_na_realizaciji_tip_nastave(nastavnik_na_realizaciji_tip_nastave_id, stanje, tip_nastave, version, nastavnik_na_realizaciji_id) VALUES
(1, 'AKTIVAN', 'PREDAVANJA', 0, 27),
(2, 'AKTIVAN', 'RADIONICA', 0, 13),
(3, 'AKTIVAN', 'RADIONICA', 0, 50),
(4, 'NEAKTIVAN', 'PREDAVANJA', 0, 2),
(5, 'AKTIVAN', 'PREDAVANJA', 0, 20),
(6, 'AKTIVAN', 'DODATNA_NASTAVA', 0, 16),
(7, 'OBRISAN', 'RADIONICA', 0, 7),
(8, 'AKTIVAN', 'RADIONICA', 0, 30),
(9, 'AKTIVAN', 'ISTRAZIVACKI_RAD', 0, 18),
(10, 'OBRISAN', 'ISTRAZIVACKI_RAD', 0, 11),
(11, 'AKTIVAN', 'DODATNA_NASTAVA', 0, 10),
(12, 'NEAKTIVAN', 'DODATNA_NASTAVA', 0, 17),
(13, 'AKTIVAN', 'TIMSKI_PROJEKAT', 0, 9),
(14, 'AKTIVAN', 'FAKULTETSKI_PROJEKAT', 0, 27),
(15, 'NEAKTIVAN', 'FAKULTETSKI_PROJEKAT', 0, 48),
(16, 'NEAKTIVAN', 'OSTALI_CASOVI', 0, 2),
(17, 'AKTIVAN', 'FAKULTETSKI_PROJEKAT', 0, 38),
(18, 'AKTIVAN', 'TIMSKI_PROJEKAT', 0, 24),
(19, 'AKTIVAN', 'DODATNA_NASTAVA', 0, 33),
(20, 'AKTIVAN', 'PREDAVANJA', 0, 9),
(21, 'AKTIVAN', 'VEZBE', 0, 22),
(22, 'AKTIVAN', 'RADIONICA', 0, 45),
(23, 'AKTIVAN', 'ISTRAZIVACKI_RAD', 0, 22),
(24, 'AKTIVAN', 'VEZBE', 0, 13),
(25, 'AKTIVAN', 'OSTALI_CASOVI', 0, 43),
(26, 'AKTIVAN', 'TIMSKI_PROJEKAT', 0, 9),
(27, 'AKTIVAN', 'OSTALI_CASOVI', 0, 44),
(28, 'AKTIVAN', 'VEZBE', 0, 10),
(29, 'AKTIVAN', 'PREDAVANJA', 0, 5),
(30, 'AKTIVAN', 'TIMSKI_PROJEKAT', 0, 23),
(31, 'OBRISAN', 'ISTRAZIVACKI_RAD', 0, 5),
(32, 'AKTIVAN', 'VEZBE', 0, 46),
(33, 'AKTIVAN', 'PREDAVANJA', 0, 38),
(34, 'AKTIVAN', 'RADIONICA', 0, 18),
(35, 'AKTIVAN', 'OSTALI_CASOVI', 0, 6),
(36, 'AKTIVAN', 'RADIONICA', 0, 40),
(37, 'AKTIVAN', 'PREDAVANJA', 0, 31),
(38, 'AKTIVAN', 'OSTALI_CASOVI', 0, 6),
(39, 'NEAKTIVAN', 'VEZBE', 0, 17),
(40, 'AKTIVAN', 'VEZBE', 0, 12),
(41, 'OBRISAN', 'TIMSKI_PROJEKAT', 0, 12),
(42, 'AKTIVAN', 'DODATNA_NASTAVA', 0, 33),
(43, 'AKTIVAN', 'FAKULTETSKI_PROJEKAT', 0, 6),
(44, 'NEAKTIVAN', 'RADIONICA', 0, 24),
(45, 'AKTIVAN', 'TIMSKI_PROJEKAT', 0, 21),
(46, 'NEAKTIVAN', 'PREDAVANJA', 0, 32),
(47, 'AKTIVAN', 'PREDAVANJA', 0, 43),
(48, 'AKTIVAN', 'DODATNA_NASTAVA', 0, 47),
(49, 'AKTIVAN', 'VEZBE', 0, 33),
(50, 'AKTIVAN', 'TIMSKI_PROJEKAT', 0, 37);

--
-- Inserting data into table obrazovni_cilj
--
INSERT INTO obrazovni_cilj(obrazovni_cilj_id, opis, stanje, version, ishod_id, realizacija_predmeta_id) VALUES
(1, 'Tempora iure aperiam. Quia aut ut. Recusandae saepe error. Ut qui rem! Voluptatibus alias explicabo.\r\nEa aut quibusdam. Esse iure sequi. Voluptatem soluta numquam; sed est aut. Qui ipsum rem. Iusto est;', 'OBRISAN', 0, 36, 39),
(2, 'Excepturi obcaecati hic. Alias natus aut. Perspiciatis maiores sunt! Nesciunt accusantium sit. Et cumque aut! Et perspiciatis aut. Esse velit eligendi. Quo saepe eos. Dolor deleniti labore!', 'NEAKTIVAN', 0, 19, 2),
(3, 'Necessitatibus magnam est. Qui id quam...\r\nPariatur ut eum. Temporibus obcaecati distinctio! Iste sit repellat; dolorem ipsam voluptatem. Rem eligendi aut. Molestiae doloremque vel...\r\nQui sed vero. Ratione.', 'AKTIVAN', 0, 4, 1),
(4, 'Quisquam error distinctio. Aut nihil ut. Optio tempore natus! Quaerat quae error. Totam repellat necessitatibus. Necessitatibus impedit velit. Ipsum et sed. Quibusdam quae et.\r\nCorrupti architecto.\r\n', 'AKTIVAN', 0, 34, 33),
(5, 'Natus vel ducimus. Error officia est. Porro obcaecati officia! Deserunt vero ratione. Ad omnis incidunt? Aut et autem; ut sit debitis. Culpa ut velit. Aut officiis excepturi! Voluptatem obcaecati...\r\n', 'AKTIVAN', 0, 15, 49),
(6, 'Aut fugiat incidunt; aperiam officiis omnis. Non dolores non. Corrupti magnam qui? Sunt pariatur qui. Ipsam fugit natus.\r\nVel perspiciatis ipsa. Esse at quibusdam. Delectus facere quos; consectetur.\r\n', 'AKTIVAN', 0, 3, 45),
(7, 'Omnis animi esse. Error inventore rerum? Dignissimos obcaecati suscipit! Eaque quibusdam rerum. Minima error voluptatem. Accusamus quis unde. Impedit corrupti natus? Et ipsum libero.\r\nEst ut ab. Ut?\r\n', 'AKTIVAN', 0, 22, 26),
(8, 'Iste sint error. Perspiciatis error quo! Omnis et maiores. Blanditiis vel iste? Ea error laudantium. Maxime rerum beatae! Iste excepturi voluptates.\r\nOmnis eligendi a. Qui blanditiis corrupti. Ad rem.\r\n', 'AKTIVAN', 0, 28, 13),
(9, 'Animi ut perspiciatis.\r\nSed ut consectetur. Aperiam ut ipsum! Numquam beatae quibusdam.\r\nDicta voluptate cupiditate. Temporibus quis iusto. Reprehenderit fuga omnis; aut officiis velit. Similique;', 'AKTIVAN', 0, 39, 16),
(10, 'Aut harum, enim in culpa necessitatibus repellat laboriosam reprehenderit sed. Sapiente perferendis omnis; possimus quia ex. Architecto similique aut! Et nihil numquam? Et quaerat nihil.', 'OBRISAN', 0, 13, 11),
(11, 'Deleniti ut magni voluptatibus nobis sit id sed veniam. Eum modi voluptatibus culpa aut ipsam ut tenetur dolores sit. Iste totam porro deleniti quod amet quia rerum.', 'AKTIVAN', 0, 39, 48),
(12, 'Ullam obcaecati quasi. Similique molestias dolores atque qui. Provident voluptatem eos cupiditate blanditiis incidunt vero. Eos et quibusdam quisquam. Sed omnis iste nihil sit vitae ducimus. Odit!', 'AKTIVAN', 0, 25, 20),
(13, 'Praesentium eaque quasi. In impedit illo. Labore excepturi aut. Saepe repudiandae omnis!\r\nEa quia perferendis. Pariatur optio ipsum. Eius voluptates ipsa! Aperiam facere est. Qui praesentium corrupti!', 'AKTIVAN', 0, 42, 43),
(14, 'Fugit sit officiis.\r\nOdit architecto ut. Enim ratione est. Sunt sed libero. Eos incidunt rerum. Ea est nisi; et cupiditate sunt; aperiam eos a. Autem veniam magnam.\r\nEt tempore minima. Blanditiis quia?', 'AKTIVAN', 0, 21, 12),
(15, 'Eos voluptas excepturi unde sapiente vitae quia aut saepe vero. Sit ab unde error doloremque ut, qui voluptas sit quia...', 'AKTIVAN', 0, 37, 21),
(16, 'Unde obcaecati inventore. In qui magnam. Sequi et error!\r\nDolorum ipsa iste. Eius dolorem ullam? Omnis maiores aut! Sed est unde.\r\nIncidunt nisi natus. Ut voluptatem et! Quae magnam dolorum. Qui omnis.', 'NEAKTIVAN', 0, 31, 19),
(17, 'Recusandae exercitationem temporibus. Ea nisi libero.\r\nIusto dolores quis. Mollitia adipisci officiis...\r\nNihil praesentium officia. Incidunt dolores adipisci? Perspiciatis totam optio. Eveniet id et! Qui.', 'AKTIVAN', 0, 25, 11),
(18, 'Error sed deserunt. Provident neque accusantium. Fugiat similique perspiciatis! Perspiciatis quaerat quas. Quia perspiciatis aliquid; qui eveniet nihil.\r\nEveniet quo laudantium. Ut quidem est. Minus;', 'AKTIVAN', 0, 10, 32),
(19, 'Ea eius vero error voluptate et facere animi. Aliquam quod sunt possimus ipsam ea vel? Illum quia consequatur omnis. Dolore recusandae esse distinctio repellendus veritatis ut perspiciatis.', 'AKTIVAN', 0, 46, 14),
(20, 'Nihil perspiciatis itaque. Sunt rerum ullam. Sed optio ut!\r\nCulpa et illum. Tempora eos quos. Cumque libero veniam!\r\nNon sit delectus. Consequatur quia odio. Est ipsam error.', 'AKTIVAN', 0, 5, 40),
(21, 'Quaerat id vero culpa perferendis exercitationem. At quis at mollitia sed unde blanditiis non. Nulla beatae libero. Veniam iste est. Delectus fugiat aut. Eos quaerat quibusdam.', 'NEAKTIVAN', 0, 28, 26),
(22, 'Temporibus est dolorum eos iste quidem; iste doloribus ab. Et neque et. Nihil ut dolorum. Mollitia est error. Et est ut; dolore eos quasi? Aliquam et odio.', 'AKTIVAN', 0, 36, 42),
(23, 'Blanditiis ducimus omnis iste et at illum suscipit rerum. Et soluta unde sit cupiditate adipisci recusandae dolores! Consequatur vero voluptas. Accusantium expedita assumenda...\r\nOfficiis cumque quibusdam.', 'AKTIVAN', 0, 10, 41),
(24, 'Qui et dolorum. Perspiciatis qui neque. Ut dignissimos similique. Necessitatibus tempora modi. Corrupti provident adipisci.\r\nPraesentium ipsa necessitatibus.\r\nIpsam quam nemo. Dolorem hic sed.', 'AKTIVAN', 0, 31, 8),
(25, 'Autem magni, sed dicta nemo laboriosam nobis harum impedit ut. Deserunt impedit quaerat sunt dolores ea optio veritatis voluptatem perspiciatis.', 'AKTIVAN', 0, 42, 20),
(26, 'Id enim et sed perspiciatis ut. Neque beatae inventore. Eos dolorum ipsum. Aliquid ut ea; debitis magnam maxime. Officia eius ullam. Aspernatur eius qui! Libero dolorum dolores.', 'NEAKTIVAN', 0, 47, 43),
(27, 'Doloremque minima voluptatem.\r\nAut consequatur libero. Quae similique omnis. Neque molestiae eveniet. Odio voluptatem quidem! Rerum quia animi.\r\nSuscipit voluptatem omnis. Ea hic et; nihil id numquam.', 'AKTIVAN', 0, 28, 34),
(28, 'Doloremque dignissimos nihil inventore quam est assumenda at dolor et. Architecto necessitatibus incidunt. Vero assumenda, quo dolores illum assumenda autem nostrum ut aliquid.', 'AKTIVAN', 0, 25, 48),
(29, 'Sunt et aliquam. Laudantium voluptatem consequatur. Quod iste nam. Id non aut; ut est aperiam. Quibusdam ab et! Debitis neque dicta. Officia perspiciatis ipsam? Pariatur quasi eos. Doloribus sed sint...', 'AKTIVAN', 0, 3, 10),
(30, 'Exercitationem corrupti omnis; molestias aut sequi incidunt aliquam voluptas dolor labore harum quia? Rem nemo numquam! Deserunt reiciendis non. Velit natus in; ut similique vitae.', 'AKTIVAN', 0, 50, 39),
(31, 'Sed sequi sapiente. Qui dolores et! Repudiandae aspernatur sit; dolores totam qui. Eaque quam totam. Asperiores unde totam. Accusantium maiores vero; modi accusantium ipsa. Incidunt voluptate odio.', 'NEAKTIVAN', 0, 10, 2),
(32, 'Laborum et magnam. Quisquam doloribus consequatur eum sit aut nostrum ut quasi enim? Et distinctio at. Quae qui ut! Libero molestiae perspiciatis. Sunt officiis dolor!', 'AKTIVAN', 0, 45, 31),
(33, 'Voluptatem natus fuga. Qui iste deleniti. Beatae unde accusantium; ullam incidunt odit. Unde similique architecto. Doloremque voluptatum perspiciatis. Ut ex delectus? Quam illum perspiciatis.\r\nNihil.', 'AKTIVAN', 0, 32, 45),
(34, 'Eos rerum pariatur. Reprehenderit sit est quae soluta vel.\r\nUt eligendi accusantium ipsam qui. Quis sed molestias; perspiciatis nostrum quaerat. Alias accusamus aliquam. Mollitia ut explicabo!', 'NEAKTIVAN', 0, 27, 28),
(35, 'Quia sed et. Quia ad quisquam. Placeat voluptas reprehenderit. Et sed autem. Velit voluptas et! Cupiditate vitae voluptas.\r\nVelit suscipit incidunt. Sed dolore ut. Id ut nulla. Porro eveniet ipsum.', 'NEAKTIVAN', 0, 37, 28),
(36, 'Natus eius velit. Quibusdam nostrum autem. Voluptatem sit nemo! Error consectetur nisi. Voluptatem maiores vel? Consequatur voluptatem et. Earum est qui? Eligendi omnis nemo!\r\nEt voluptatem vel.', 'AKTIVAN', 0, 50, 11),
(37, 'Perspiciatis et unde. Qui aliquam fugiat. Aliquam odit cum. Molestias voluptate ut. Omnis voluptatem quia. Eius error quis.\r\nEst similique fugiat; aspernatur iusto non. Sit voluptas delectus. Est.', 'AKTIVAN', 0, 29, 6),
(38, 'Excepturi error nemo et. Tempore dolorem nam perferendis. Eius unde dicta error, placeat molestiae nemo tempora magni perspiciatis.', 'AKTIVAN', 0, 41, 5),
(39, 'Earum dolorem nesciunt sit quo quisquam alias in rem ipsa; iusto nemo incidunt et voluptatem voluptate porro quos debitis in.', 'AKTIVAN', 0, 37, 1),
(40, 'Et sit maxime; exercitationem est libero. Nemo ullam vero. Dolores non saepe.\r\nNatus totam sed.\r\nQuis voluptatem delectus. Suscipit ex perspiciatis! Repellat est omnis. Ut nihil cumque? Ut molestiae.', 'AKTIVAN', 0, 43, 19),
(41, 'Totam quis et ut voluptas facere laboriosam et fugit assumenda; et ipsam enim culpa delectus error libero omnis nesciunt totam.', 'AKTIVAN', 0, 1, 12),
(42, 'Nemo est ut. At qui ad! Incidunt sed neque. Nisi est eos.\r\nEt beatae animi. Corrupti aspernatur consectetur. Molestiae autem natus? Sit quasi incidunt. Perspiciatis beatae et. Vero est odit! Aliquid.\r\n', 'AKTIVAN', 0, 11, 12),
(43, 'Laborum non dolor. Et ratione molestiae; cum ut quo. Dolores numquam et. Quia rerum molestias. Omnis quod necessitatibus. Temporibus ea iure! Harum laboriosam commodi. Et dolores qui. Deleniti quibusdam.', 'AKTIVAN', 0, 15, 31),
(44, 'Iste ullam voluptas minima veniam enim voluptatem quae doloremque qui.\r\nUnde harum facere et ea unde autem optio ullam. Ut eveniet odit quia et magnam.', 'NEAKTIVAN', 0, 13, 28),
(45, 'Natus quia modi. Suscipit earum dicta! Aliquid aperiam earum. Natus deserunt et. Atque quia delectus. Autem iste perferendis. Sed dolore non. Ut libero suscipit! Sit incidunt perferendis.\r\nVoluptas;\r\n', 'AKTIVAN', 0, 6, 35),
(46, 'Voluptatem aut natus. Dolor voluptatem tenetur; eum dolor ut; distinctio perspiciatis eaque. Et ullam saepe! Iste ut perspiciatis. Magni dolores sint. Reiciendis dolor natus.\r\nVoluptate at enim;', 'NEAKTIVAN', 0, 19, 8),
(47, 'Rem eligendi labore veritatis modi ipsam odit ea. Dolores nulla qui omnis delectus dicta corporis enim; dolores quam ut nihil et. Excepturi eos voluptatum. Nesciunt quibusdam enim!', 'NEAKTIVAN', 0, 18, 35),
(48, 'Soluta saepe quia. Et quas quia. Nam et nulla! Aspernatur impedit magni.\r\nError quia id. Est odit dolorem! Commodi deleniti voluptatem. Illum et non! Voluptatem sit esse? Quia mollitia ut; ut quod.\r\n', 'AKTIVAN', 0, 24, 15),
(49, 'Aut et omnis. Quisquam eos vel. Sit voluptatem ut. Doloremque dignissimos officia. Dolores temporibus eum. Quis soluta unde. Iure aperiam omnis. Architecto dolorum deleniti.\r\nUt id culpa. Molestiae!', 'AKTIVAN', 0, 29, 2),
(50, 'Sed neque quia. Quidem omnis ea; neque voluptatem quia. Temporibus cupiditate et.\r\nNon quis repudiandae. Vel voluptas natus.\r\nEligendi voluptatem illo. Consequatur omnis quod. Et minima aut!', 'AKTIVAN', 0, 34, 20);

--
-- Inserting data into table odgovor
--
INSERT INTO odgovor(odgovor_id, sadrzaj, stanje, version, pitanje_id) VALUES
(1, 'Nihil dolorem aspernatur. Consequatur expedita aut. Perspiciatis quae voluptate; amet necessitatibus veniam. Eos ut quas. Modi eum ut. Et ab dolor. Nostrum vel optio! Voluptate eum quia.\r\nSit iusto.\r\n', 'AKTIVAN', 0, 21),
(2, 'Amet voluptatem labore; eligendi nisi maxime.\r\nNeque et soluta. Ut perferendis dolor? Nesciunt facilis eaque.\r\nSunt blanditiis eos. Voluptatem est aut; consequatur voluptatibus accusantium? Et.', 'AKTIVAN', 0, 29),
(3, 'Incidunt iusto sed a. Similique dolor molestias qui dolores illo officia inventore sit dignissimos. Atque eum unde quis omnis adipisci et suscipit; deleniti aliquam perferendis deserunt quibusdam error.', 'AKTIVAN', 0, 9),
(4, 'At error eius; ut eius dignissimos...\r\nEsse asperiores aspernatur...\r\nEx non iusto. Ratione quam voluptatem. Deleniti expedita sapiente. In id quaerat; sed maxime non. Qui fugit omnis. Dolor sit distinctio!', 'AKTIVAN', 0, 20),
(5, 'Aliquam numquam sint; quia blanditiis reprehenderit. Recusandae delectus qui. Inventore nisi beatae! Dolor exercitationem ducimus. Est dolorum placeat. Veritatis sunt nesciunt! Quas cupiditate soluta.\r\n', 'AKTIVAN', 0, 19),
(6, 'Commodi libero modi non aliquam et expedita alias voluptas eum.', 'AKTIVAN', 0, 28),
(7, 'Ex doloribus voluptas unde. Ut obcaecati ea est nemo sint autem aspernatur minus...\r\nIpsa omnis voluptatem. Consequatur amet reiciendis. Facilis illum sit! Maxime omnis molestiae.', 'NEAKTIVAN', 0, 48),
(8, 'Aut impedit nemo facere animi labore in quo accusamus fugiat.', 'AKTIVAN', 0, 26),
(9, 'Id adipisci quia minima quibusdam. Vel sit voluptatem! Dolorum placeat cupiditate? Nostrum modi sequi. Optio sit voluptatum. Error praesentium nam! Qui ipsam eum.\r\nQui natus adipisci.', 'NEAKTIVAN', 0, 12),
(10, 'Nulla explicabo quis autem fuga eum aut provident non. Voluptatem ratione et omnis id consequatur consequuntur sapiente! Expedita reiciendis exercitationem. Veritatis sunt omnis. Non nostrum commodi.', 'NEAKTIVAN', 0, 37),
(11, 'Ipsum saepe sint. A similique dolorem. Ex autem placeat. Consequatur eum doloribus. Alias velit quo. Nobis quo ut. Earum possimus omnis! Incidunt a deserunt. Commodi omnis cupiditate!\r\nIpsam quis.\r\n', 'AKTIVAN', 0, 11),
(12, 'Voluptas illo praesentium. Quia consequatur unde. Aperiam velit laudantium? Aut nostrum et. Sed maxime quae; id laudantium officia. Necessitatibus natus error!\r\nError aliquam dolores. Harum aliquid.', 'OBRISAN', 0, 19),
(13, 'Dolores itaque fuga. Esse quam officia! Eum doloremque natus. Facere unde itaque. Assumenda molestias sit. Obcaecati eum enim! Dolores libero temporibus. Vitae reiciendis tempora!\r\nVel voluptates sed.', 'AKTIVAN', 0, 19),
(14, 'Voluptas consequuntur dolor. Tempore vel voluptatem! Ut quae omnis. Error accusamus voluptates. Modi voluptas asperiores? Iste perspiciatis voluptate...\r\nRepellat omnis temporibus. Velit aut possimus!', 'AKTIVAN', 0, 15),
(15, 'Ut ipsa quod. At non ipsam. Voluptate itaque quis; neque ipsa molestiae. Hic ipsam dolor; sapiente autem nisi. Accusantium id nemo! Ut velit sint? Autem ut quia. Et sed ea.', 'OBRISAN', 0, 5),
(16, 'Voluptatem ducimus illo. Rerum eveniet amet. Tempora totam cumque! Sit voluptatem quia. Accusamus sit aliquid. Ipsam aut rerum.\r\nCorporis autem id. Labore magnam facilis. Recusandae velit enim. Modi.\r\n', 'OBRISAN', 0, 1),
(17, 'Debitis omnis placeat. Et illo harum. Optio omnis voluptate.\r\nMinus qui eos.\r\nEa animi eligendi. Eum eligendi a. Repellendus deserunt quae. Excepturi et a! Omnis sed expedita. Animi soluta unde. Error.', 'AKTIVAN', 0, 29),
(18, 'Nisi eos rem. Eum cum aperiam! Natus a perferendis? Ut inventore vitae! Pariatur magni fugit. Voluptas nisi consequatur; magnam laboriosam dolores. Placeat at nesciunt. Vel illum vitae!\r\nNatus aut.\r\n', 'AKTIVAN', 0, 2),
(19, 'Iure ducimus et. Minus porro dolorem. Similique omnis et. Harum vitae maxime! Minima commodi consectetur. Similique aliquam commodi. Quisquam et blanditiis. Ipsum aut numquam.\r\nDolorem consequatur.\r\n', 'NEAKTIVAN', 0, 32),
(20, 'Aliquam nulla laborum voluptatem voluptate. Eaque saepe at ut et! Fuga neque sapiente accusantium recusandae et voluptatem est. Omnis ea ut ea voluptas voluptate.', 'AKTIVAN', 0, 10),
(21, 'Est et enim. Error dolores sapiente; voluptatem non at. Ut facilis aut; voluptas ea excepturi. Natus illum doloremque.\r\nIn ut fugit. Rerum animi est. Laborum esse sequi. Labore dicta aliquid? Eos;', 'AKTIVAN', 0, 47),
(22, 'Quia et ut. Dolores natus minima quos quo repudiandae dolores autem culpa cumque. Mollitia sit incidunt inventore quas perspiciatis dolorum, vitae consequatur atque!', 'AKTIVAN', 0, 33),
(23, 'Aliquam dolore est. Pariatur adipisci aliquid. Voluptate quisquam porro! Iusto quis iste. Sit commodi non. Modi perspiciatis at. Sapiente sit iste!\r\nDoloribus suscipit placeat. Ipsa exercitationem aut!', 'AKTIVAN', 0, 49),
(24, 'Recusandae temporibus quidem. Inventore repellendus omnis! Velit unde perspiciatis. Nemo consequuntur necessitatibus; aut eveniet impedit. Rerum et omnis! Dolore ut fugiat. Voluptatibus laudantium.\r\n', 'OBRISAN', 0, 18),
(25, 'Ipsa qui omnis; beatae amet dolores. Voluptatibus est ipsum. Magni molestias voluptatem. Cupiditate et enim. Sint modi blanditiis! Excepturi quasi dolorum. Eveniet voluptas exercitationem. Labore ex.', 'AKTIVAN', 0, 18),
(26, 'Enim dolore perspiciatis qui earum aperiam a; rerum quam sit sed cumque ut. Dolorem deleniti voluptatem unde ducimus sint accusamus enim nemo praesentium? Voluptatem voluptate iste. Quis fugiat...', 'OBRISAN', 0, 36),
(27, 'Autem voluptatem assumenda. Natus dolor nobis; qui molestiae sed. Voluptate distinctio voluptas. Eius dolorem fugit. Sed natus dolor! Aspernatur velit rerum? Sit placeat fugit; nihil modi consequuntur.', 'AKTIVAN', 0, 34),
(28, 'Nemo nihil quo debitis consequuntur ut architecto nulla; sunt repellendus at et error. Ex maxime est repudiandae suscipit odit animi sed expedita consectetur.', 'AKTIVAN', 0, 20),
(29, 'Id velit sed. Optio vel impedit. Ut et tempora? Quia odio quisquam. Reprehenderit sit sed. Neque ut ratione...\r\nSequi qui exercitationem. Enim culpa et! Et ipsam reprehenderit? Laboriosam quo soluta!\r\n', 'AKTIVAN', 0, 38),
(30, 'Adipisci non officiis aut totam. Voluptatem a omnis sequi ex! Alias nisi non sunt beatae. Sunt ut beatae optio sit natus est quo corrupti.\r\nSequi porro dolorum.', 'AKTIVAN', 0, 24),
(31, 'Recusandae expedita laboriosam blanditiis adipisci. Sunt magni debitis perferendis modi. A commodi dolorem sint odio dolores ad itaque. Quis perspiciatis sunt quam dolores.', 'AKTIVAN', 0, 7),
(32, 'Hic laborum recusandae; modi reprehenderit sed. Iste ut excepturi. Nihil excepturi quaerat? A eum unde. Rerum est odit. Ipsum natus in. Voluptas repellat sit; ratione vel nihil. Autem distinctio.\r\n', 'AKTIVAN', 0, 32),
(33, 'Exercitationem doloremque et. A explicabo dolore; provident voluptatem nemo. Atque temporibus non! Eum hic perspiciatis. Eum inventore saepe! Hic reiciendis mollitia. Perspiciatis corporis quasi.\r\n', 'AKTIVAN', 0, 35),
(34, 'Omnis porro sit. Vitae quasi nihil? Ab et harum. Fuga aspernatur doloremque. Expedita ipsa accusantium. Veniam sed est.\r\nPerspiciatis minima eaque. Soluta autem officia! Repellendus quia sunt.\r\n', 'OBRISAN', 0, 33),
(35, 'Sed nemo est. Quas numquam minus. Nulla ducimus accusantium. Distinctio quibusdam voluptas. Possimus dolorem natus; culpa dolorem voluptas. Ut delectus voluptatem! Et cupiditate ut. Cum praesentium!', 'AKTIVAN', 0, 14),
(36, 'Omnis id cumque. Architecto magni odit? Ea sit adipisci.\r\nBeatae itaque inventore. Sit quia exercitationem.\r\nEt error sed; omnis vel ut? Aperiam exercitationem sed; fugit aliquam sit.', 'AKTIVAN', 0, 8),
(37, 'Sed doloribus vero quo ea tempore ut hic voluptatem architecto. Explicabo officiis tenetur sed aut in. Sit commodi, quis aut iste accusamus nihil nostrum porro et. Veritatis pariatur ut; veniam ipsa.', 'AKTIVAN', 0, 10),
(38, 'Unde aut ut accusantium quibusdam omnis vel repellendus. Ut unde quia. Corrupti et error. Nostrum odit similique. Non eaque animi.\r\nTotam distinctio quae. Quo rerum eos.', 'OBRISAN', 0, 15),
(39, 'Vero iste omnis aut voluptatem quo. Sint dignissimos commodi perspiciatis nobis sed. Expedita error quae corporis quasi et maxime consequatur aut tenetur.', 'AKTIVAN', 0, 32),
(40, 'A est similique.\r\nPorro et iusto. Ut sunt libero! Numquam quam aut. Quia veniam et.\r\nDolorem eos rerum. Unde voluptatem voluptatibus! Doloribus dignissimos cum; esse qui ullam. Blanditiis autem totam.', 'AKTIVAN', 0, 33),
(41, 'Esse exercitationem nihil ducimus laudantium. Ut facilis error! Assumenda magni autem quia in. Autem perferendis quia. Quia totam error suscipit. Ut error vel! Ut quia perferendis.', 'OBRISAN', 0, 35),
(42, 'Perspiciatis veritatis suscipit at aut est officia dolores id eaque. Doloribus earum maiores dolores laboriosam unde officiis molestias culpa iste!', 'OBRISAN', 0, 39),
(43, 'Cumque laborum veniam. Maxime perspiciatis sint! Culpa beatae animi.\r\nExcepturi ipsum autem. Quia qui et! Sunt asperiores distinctio. Quia nostrum distinctio; eum hic sit; consectetur ut cupiditate.\r\n', 'NEAKTIVAN', 0, 48),
(44, 'Et iste aut. Natus facilis ea.\r\nMolestias nobis velit. Ut facilis sit? Neque et totam; doloremque obcaecati nesciunt. Reprehenderit ipsam impedit. Tempore minima unde. Doloribus enim est. Quisquam eos!\r\n', 'AKTIVAN', 0, 20),
(45, 'Totam exercitationem quam. Recusandae sit dolorem! Ducimus dignissimos sit. Provident doloribus possimus! Consequatur earum reprehenderit.\r\nEarum voluptatem praesentium. Ut aut ipsa. Blanditiis?', 'AKTIVAN', 0, 48),
(46, 'Cumque natus dolore...\r\nRepellat aliquam vel. Cum sed libero. Sunt aut natus. Explicabo hic non. Sint iure ad! Est praesentium iste. Illo rerum eos. Veniam minima ea!', 'AKTIVAN', 0, 8),
(47, 'Itaque voluptas tempora autem id facere alias, qui velit ipsum.\r\nAnimi exercitationem molestias alias perspiciatis a eos dicta; saepe eum itaque. Fuga id quaerat! Ex veritatis sed.', 'AKTIVAN', 0, 31),
(48, 'Laborum unde quia; quis nisi sed. Beatae aut sit. Quidem ex sunt? Assumenda aliquam nisi! Et culpa et. Iste quo autem!\r\nArchitecto ut neque. Exercitationem ipsum est. Laborum totam quo! Sapiente.', 'AKTIVAN', 0, 26),
(49, 'Rem culpa nisi. Fugit perspiciatis alias; hic est autem. Aspernatur omnis accusantium! Voluptates et eius. Placeat eveniet voluptatem. Omnis ut provident. Enim modi sed. Omnis quia illum!\r\nSed deserunt.', 'OBRISAN', 0, 41),
(50, 'Ut blanditiis molestiae. Quae voluptatem et; sint cum dolore.\r\nUnde ut natus. Atque ut quae? Molestias velit veniam! Iusto minus exercitationem? Quia voluptatem obcaecati. Omnis doloremque non? Odio.\r\n', 'NEAKTIVAN', 0, 8);

--
-- Inserting data into table polaganje
--
INSERT INTO polaganje(polaganje_id, bodovi, napomena, stanje, version, evaluacija_znanja_id, pohadjanje_predmeta_id) VALUES
(1, 15, 'Autem laudantium sint quaerat cupiditate dolore beatae. Minima vero sequi fuga, soluta dolorem eaque laudantium omnis voluptas? Quia id doloremque ab quasi explicabo sit! Suscipit sed laborum.', 'AKTIVAN', 0, 46, 47),
(2, 30, 'Corporis et temporibus; ut aspernatur omnis atque minima eveniet ipsam. Provident quidem quis nobis sunt porro error similique. Sit voluptates est quaerat magni iste unde.', 'AKTIVAN', 0, 6, 23),
(3, 38, 'Porro libero, omnis vero aspernatur cupiditate voluptatem ut amet est. Ut dolores deserunt. Natus unde qui. Est natus soluta. Veniam aperiam unde! Laboriosam non necessitatibus.', 'AKTIVAN', 0, 32, 30),
(4, 35, 'Aut doloribus sit.\r\nVoluptatem ut dignissimos. Est sequi sint. Quo perferendis facere! Inventore rerum perspiciatis. Eligendi voluptatem odit? Delectus vero non! Maiores consequatur ut. Officia vel!\r\n', 'AKTIVAN', 0, 40, 29),
(5, 97, 'Consequuntur sed dolor. Nemo aliquam voluptatem. Voluptas repellendus rerum. Delectus iusto saepe; dicta corrupti odio. Laudantium quaerat ut. Vitae quae quia. Est tempora omnis. Quia possimus aut;\r\n', 'OBRISAN', 0, 20, 47),
(6, 35, 'Ipsum est quis. Qui deleniti veniam! Eos non molestiae.\r\nSequi consequuntur velit. Quaerat alias iure. Alias sed error.\r\nIllo iste omnis. Aliquam explicabo asperiores. Exercitationem consequatur libero!', 'AKTIVAN', 0, 30, 39),
(7, 19, 'Sint et exercitationem aut. Perspiciatis sed quaerat ratione omnis sit impedit dolorem. Iusto animi in! Quos assumenda rem. Laboriosam at error! Sed atque amet. Et sunt dolorem; ut unde tenetur.', 'AKTIVAN', 0, 47, 36),
(8, 38, 'Eos nulla nihil hic; maxime voluptatem quis. Beatae quia corporis ratione dolor corporis perspiciatis laboriosam similique! Voluptatem nobis quia. Veniam delectus autem? Sed omnis est!', 'AKTIVAN', 0, 45, 42),
(9, 99, 'Hic ad delectus. Laudantium deserunt vero. Ut laborum quam? Quam error eum. Cum iste nemo! Porro qui accusamus. Iste architecto eligendi. Voluptas atque tempora.\r\nDignissimos error soluta. Qui.', 'NEAKTIVAN', 0, 24, 35),
(10, 8, 'Sed sit debitis; voluptatibus aspernatur error. Est non iusto! Sit laboriosam distinctio; suscipit eveniet aut. Qui explicabo natus.\r\nMollitia explicabo ipsa; sit illo exercitationem. Id quidem nemo.\r\n', 'AKTIVAN', 0, 40, 27),
(11, 85, 'Optio itaque qui.\r\nCommodi voluptatem qui. Sit dicta commodi.\r\nMagni delectus ducimus. Qui rerum qui. Repudiandae vel et? Numquam sequi et. Et repellat modi. Sed perspiciatis enim; iusto perspiciatis a.', 'AKTIVAN', 0, 36, 19),
(12, 87, 'Earum id error. Ut aliquid enim. Reiciendis hic et? Voluptatem et molestias. Sed quis explicabo. Iure libero sed.\r\nHarum vero deserunt. Qui in dignissimos. Repudiandae non omnis; laborum similique.\r\n', 'AKTIVAN', 0, 42, 1),
(13, 63, 'Voluptas est consequuntur accusamus ut neque laudantium quidem et quam. Rerum esse voluptatem est veniam natus qui praesentium totam at...', 'AKTIVAN', 0, 2, 47),
(14, 54, 'Consequuntur delectus et. Perspiciatis eius in sit error, quia eum est quo et? Facilis dolores ut! Sed voluptatibus dolorum.\r\nOmnis cum ex. Magnam modi quia.', 'AKTIVAN', 0, 10, 32),
(15, 69, 'Vero quisquam sit. Eum eos odit. Consequuntur error suscipit. Ut fuga architecto; quo impedit et. Rerum iste sequi. Voluptatem pariatur aut! Eaque temporibus delectus. Iste officiis atque.\r\nVoluptas.', 'AKTIVAN', 0, 31, 22),
(16, 49, 'Architecto illo inventore corrupti commodi suscipit.\r\nVoluptates consequatur provident et enim vel. Cupiditate commodi aspernatur. Animi eum earum. Reiciendis et ex? Illo voluptatem ipsa. Culpa quo.', 'OBRISAN', 0, 20, 40),
(17, 95, 'Ipsa sunt debitis quia voluptates dolores aliquid nam quaerat placeat. Dolor non reprehenderit sunt non qui laborum quidem et est.', 'NEAKTIVAN', 0, 28, 32),
(18, 12, 'Voluptatum sunt ratione. Nam quia sed? Tempore illo quia. Sed autem omnis! Numquam sunt quia. Ut voluptas accusantium? Sed dolore veniam. Error ut quis. Architecto dignissimos ad.', 'AKTIVAN', 0, 38, 24),
(19, 84, 'Mollitia temporibus natus.\r\nVel quod eius; atque error explicabo. Maxime dolorem consequatur! Cumque voluptatem ipsa. Non aut veniam...\r\nMolestiae vero quia. Iusto voluptatem est. Odit quisquam ipsum.', 'AKTIVAN', 0, 44, 28),
(20, 72, 'Minus molestias sint. Accusamus facilis fuga; error impedit ut. Eos aperiam dicta; vel eius unde? Quod ea quia. Itaque ipsum rerum; facere veniam eius. Dignissimos fugit aliquam; aperiam voluptatem.', 'AKTIVAN', 0, 3, 8),
(21, 88, 'Voluptatem porro culpa. Omnis sit placeat. Est unde sit. Non cupiditate laboriosam. Natus quis officia; dolores dolor voluptatibus.\r\nQuo iste sint. Dolor mollitia sit. Dolor fugit vitae.\r\nLaboriosam.', 'AKTIVAN', 0, 38, 15),
(22, 79, 'Vitae aut nesciunt. Unde ut natus; enim ullam veniam. Modi quas aut. Dolores quia perspiciatis! Qui delectus velit. Minima ipsum delectus. Sed omnis aliquid! Atque non aut...\r\nNon aut veniam. Qui.\r\n', 'AKTIVAN', 0, 44, 29),
(23, 64, 'Fuga est asperiores natus quasi consequatur enim fuga. Necessitatibus temporibus sit? Deserunt ducimus et. Dolor et sed? Magni id aut. Facere voluptatem nesciunt. Rerum voluptas vitae. Impedit officia.', 'NEAKTIVAN', 0, 38, 18),
(24, 5, 'Sequi sit sunt. Recusandae ipsum molestias; veritatis esse iste. Voluptatem perspiciatis voluptatem. Voluptate sit quo? Omnis rem sapiente! Vel itaque saepe. Laborum error nisi; facilis qui ad.\r\n', 'NEAKTIVAN', 0, 38, 49),
(25, 8, 'Fugiat et rerum. Quasi facilis asperiores! Animi nesciunt eligendi. Perferendis sit eos. Eum dolorem culpa. Quaerat distinctio necessitatibus; enim sit nobis. Nemo quas praesentium! Eligendi eius.\r\n', 'AKTIVAN', 0, 13, 35),
(26, 39, 'Animi cupiditate qui. Inventore quia obcaecati! Sit voluptatem at? Neque non sit! Aut sit dolor; velit sit unde? Ut vero iste.\r\nVoluptatem et ad.\r\nEa officia consequatur; quia odit perspiciatis. Est;', 'AKTIVAN', 0, 14, 4),
(27, 23, 'Sunt unde dolorum. Id quo voluptatem. Repellendus facilis facere. Quae dolore totam! Ut qui obcaecati? Qui accusamus dolorum. Cum qui voluptatem; explicabo placeat dolor; dolor saepe nostrum.\r\nIllo.\r\n', 'AKTIVAN', 0, 17, 18),
(28, 73, 'Qui aliquid iste. Unde tempora maxime; quis quidem harum. Quae dolores officiis! Unde quas eaque...\r\nQuo error ut. Iste rerum qui! Repellendus ut maiores. Dolor aperiam porro? Debitis est ut. Aut sit.', 'AKTIVAN', 0, 28, 31),
(29, 81, 'Voluptatem sed, rem explicabo ad tempore asperiores voluptatem atque sit. Qui minima deleniti quia dignissimos accusamus commodi et numquam eaque.', 'NEAKTIVAN', 0, 31, 4),
(30, 14, 'Qui ea voluptatem. Ut quos vel. Dignissimos consequatur aut! Aperiam voluptas nihil; id dolor quisquam.\r\nCorporis quo soluta; hic in quo. Laudantium natus nobis. Suscipit quod fugit.\r\nExercitationem non.', 'OBRISAN', 0, 16, 50),
(31, 37, 'Minima aliquam obcaecati molestiae, distinctio eius nesciunt sed modi porro. Est beatae et quos expedita totam quis sed illo dolore.', 'AKTIVAN', 0, 14, 12),
(32, 61, 'Obcaecati in odit. Sed est unde. Quo error consequatur. Ratione in rem. Praesentium ipsum quaerat. Ut eveniet facere!\r\nIllo ea perspiciatis. Eaque perspiciatis exercitationem; sit officiis ex. Ullam!\r\n', 'AKTIVAN', 0, 27, 43),
(33, 21, 'Labore voluptate vero. Consequatur eum eaque. Inventore voluptas expedita. Architecto ut eos.\r\nNon est sint; quae quis voluptas? Nesciunt et error. Magni natus pariatur. Quos illo ipsum. Dicta cumque;\r\n', 'AKTIVAN', 0, 26, 1),
(34, 14, 'Sed quasi error; laboriosam recusandae ipsa. Omnis quidem explicabo. Fuga asperiores omnis? Consequatur quis iusto. Provident eveniet quae. Tempore mollitia qui. Est fuga atque. Ea cumque autem;\r\n', 'AKTIVAN', 0, 32, 45),
(35, 19, 'Ullam officiis nulla. Numquam et ad. Totam unde rerum! Eos sed labore. Magni veniam magni.\r\nDolorem dicta labore. Facilis veniam facilis. Minus similique fugiat.\r\nBeatae reprehenderit excepturi. Beatae.', 'AKTIVAN', 0, 17, 40),
(36, 20, 'Pariatur inventore sit. At aspernatur suscipit. Asperiores autem accusantium; qui laborum cumque. Voluptatem aut dolorum. Tenetur minus qui. Ullam eum ipsum.\r\nDolor adipisci quia. Est corrupti vitae;', 'AKTIVAN', 0, 22, 17),
(37, 95, 'Fugit amet id. Quae unde error? Et ullam ad. Quas quidem voluptatem. Id culpa voluptate! Neque minima quia. Architecto omnis assumenda. Quia et laudantium.\r\nDolores beatae quo.', 'OBRISAN', 0, 22, 13),
(38, 70, 'Sit autem ratione. Vitae ea voluptas. Nostrum voluptatem consequatur. Ullam sint et. Dolores minima doloribus. Natus laborum qui. Voluptatibus necessitatibus voluptatibus; pariatur repudiandae iste.\r\n', 'AKTIVAN', 0, 6, 26),
(39, 64, 'Quia distinctio et; ad enim odio. Impedit animi laudantium; non fugiat ullam. Aliquid fugiat mollitia. Cumque placeat quia; quidem vitae tempora. Qui laborum tempore. Pariatur repellat repudiandae...\r\nSed.', 'AKTIVAN', 0, 18, 41),
(40, 85, 'Cupiditate perferendis quia sequi reiciendis rerum fugiat, quos odit tempore. Dicta nesciunt nihil! Labore et vitae? Eum et adipisci. Dolor veniam officiis. Nulla optio recusandae.', 'OBRISAN', 0, 17, 3),
(41, 40, 'Qui ab laudantium harum qui aut. At quae voluptatem ullam illum qui aliquid debitis provident neque. Libero corrupti quisquam omnis quia est? Rerum voluptates corporis.', 'AKTIVAN', 0, 6, 41),
(42, 91, 'Doloremque non cum. Quibusdam et qui. Nobis nam voluptatum; minus debitis ut. Atque sapiente molestiae! Omnis quidem beatae.\r\nAtque quis nemo. Eos est excepturi. Maiores numquam fugiat. Amet voluptas;', 'AKTIVAN', 0, 48, 31),
(43, 5, 'Adipisci quasi nostrum amet numquam eveniet tempore et ut consequuntur. Consequatur sunt expedita, nobis aut et rerum sit odit similique.', 'AKTIVAN', 0, 35, 5),
(44, 18, 'Qui voluptatem delectus. Dolor nihil iure. Id ut nobis. Dolor et autem. Vel commodi neque! Ipsa dolore laboriosam. Inventore tenetur repellat. Repellendus ratione et? Error perspiciatis velit! Non.\r\n', 'AKTIVAN', 0, 42, 6),
(45, 7, 'Libero dolores perferendis; et pariatur animi. Quam unde eius...\r\nNatus quis vitae. Quae error hic! Adipisci fugit ut.\r\nAliquid architecto repudiandae. Praesentium officia explicabo. Nulla quae harum.', 'AKTIVAN', 0, 4, 39),
(46, 36, 'Necessitatibus esse consectetur minima dolores molestias. Minus consequuntur provident? Aliquid error omnis dicta quo saepe! Minima iusto fugiat dicta...', 'AKTIVAN', 0, 14, 36),
(47, 16, 'Omnis et error vel. Placeat sint veritatis laudantium officia voluptates consequatur unde est. Quis mollitia praesentium! Sed expedita adipisci. Praesentium est facere. Commodi dolorum quo.', 'AKTIVAN', 0, 38, 35),
(48, 64, 'Qui nulla amet. Mollitia est officiis? Voluptas voluptatum excepturi. Omnis quidem quos. Eum illum earum. Labore perspiciatis suscipit. Dicta cupiditate soluta. Ab voluptates modi! Ea quia dolores.\r\n', 'NEAKTIVAN', 0, 9, 40),
(49, 33, 'Neque aliquid quo quia. A eius quis ut quidem. Odit voluptate et aut recusandae quo ratione id magni laborum? Quo magnam architecto; et rerum tenetur.', 'AKTIVAN', 0, 5, 37),
(50, 92, 'Sit eaque rerum. Ipsum voluptas molestias; ullam architecto ea.\r\nNatus corporis totam. Culpa et voluptates. Eius consequuntur harum? Natus libero non. Ratione distinctio illo; quia qui magni.\r\n', 'NEAKTIVAN', 0, 35, 19);

--
-- Inserting data into table predmet_tip_drugog_oblika_nastave
--
INSERT INTO predmet_tip_drugog_oblika_nastave(predmet_tip_drugog_oblika_nastave_id, stanje, tip_drugog_oblika_nastave, version, predmet_id) VALUES
(1, 'NEAKTIVAN', 'MENTORSKA_NASTAVA', 0, 14),
(2, 'AKTIVAN', 'STRUCNA_EKSKURZIJA', 0, 22),
(3, 'AKTIVAN', 'MENTORSKA_NASTAVA', 0, 6),
(4, 'AKTIVAN', 'STRUCNA_EKSKURZIJA', 0, 36),
(5, 'AKTIVAN', 'MENTORSKA_NASTAVA', 0, 7),
(6, 'AKTIVAN', 'MENTORSKA_NASTAVA', 0, 20),
(7, 'AKTIVAN', 'MENTORSKA_NASTAVA', 0, 26),
(8, 'AKTIVAN', 'MENTORSKA_NASTAVA', 0, 49),
(9, 'AKTIVAN', 'STRUCNA_EKSKURZIJA', 0, 47),
(10, 'OBRISAN', 'MENTORSKA_NASTAVA', 0, 28),
(11, 'AKTIVAN', 'MENTORSKA_NASTAVA', 0, 31),
(12, 'NEAKTIVAN', 'STRUCNA_EKSKURZIJA', 0, 34),
(13, 'AKTIVAN', 'STRUCNA_EKSKURZIJA', 0, 3),
(14, 'AKTIVAN', 'STRUCNA_EKSKURZIJA', 0, 40),
(15, 'NEAKTIVAN', 'MENTORSKA_NASTAVA', 0, 42),
(16, 'AKTIVAN', 'MENTORSKA_NASTAVA', 0, 8),
(17, 'AKTIVAN', 'STRUCNA_EKSKURZIJA', 0, 5),
(18, 'AKTIVAN', 'STRUCNA_EKSKURZIJA', 0, 16),
(19, 'AKTIVAN', 'MENTORSKA_NASTAVA', 0, 23),
(20, 'AKTIVAN', 'MENTORSKA_NASTAVA', 0, 22),
(21, 'AKTIVAN', 'MENTORSKA_NASTAVA', 0, 26),
(22, 'OBRISAN', 'MENTORSKA_NASTAVA', 0, 20),
(23, 'NEAKTIVAN', 'MENTORSKA_NASTAVA', 0, 26),
(24, 'NEAKTIVAN', 'MENTORSKA_NASTAVA', 0, 10),
(25, 'OBRISAN', 'MENTORSKA_NASTAVA', 0, 17),
(26, 'OBRISAN', 'STRUCNA_EKSKURZIJA', 0, 48),
(27, 'NEAKTIVAN', 'MENTORSKA_NASTAVA', 0, 33),
(28, 'OBRISAN', 'MENTORSKA_NASTAVA', 0, 45),
(29, 'AKTIVAN', 'STRUCNA_EKSKURZIJA', 0, 12),
(30, 'NEAKTIVAN', 'MENTORSKA_NASTAVA', 0, 47),
(31, 'NEAKTIVAN', 'MENTORSKA_NASTAVA', 0, 15),
(32, 'AKTIVAN', 'MENTORSKA_NASTAVA', 0, 24),
(33, 'AKTIVAN', 'MENTORSKA_NASTAVA', 0, 48),
(34, 'AKTIVAN', 'MENTORSKA_NASTAVA', 0, 35),
(35, 'AKTIVAN', 'STRUCNA_EKSKURZIJA', 0, 7),
(36, 'NEAKTIVAN', 'STRUCNA_EKSKURZIJA', 0, 13),
(37, 'NEAKTIVAN', 'STRUCNA_EKSKURZIJA', 0, 32),
(38, 'AKTIVAN', 'MENTORSKA_NASTAVA', 0, 45),
(39, 'AKTIVAN', 'MENTORSKA_NASTAVA', 0, 37),
(40, 'AKTIVAN', 'STRUCNA_EKSKURZIJA', 0, 44),
(41, 'AKTIVAN', 'MENTORSKA_NASTAVA', 0, 47),
(42, 'NEAKTIVAN', 'MENTORSKA_NASTAVA', 0, 44),
(43, 'OBRISAN', 'MENTORSKA_NASTAVA', 0, 15),
(44, 'OBRISAN', 'MENTORSKA_NASTAVA', 0, 49),
(45, 'AKTIVAN', 'STRUCNA_EKSKURZIJA', 0, 14),
(46, 'AKTIVAN', 'MENTORSKA_NASTAVA', 0, 31),
(47, 'AKTIVAN', 'STRUCNA_EKSKURZIJA', 0, 50),
(48, 'OBRISAN', 'STRUCNA_EKSKURZIJA', 0, 12),
(49, 'AKTIVAN', 'MENTORSKA_NASTAVA', 0, 35),
(50, 'AKTIVAN', 'STRUCNA_EKSKURZIJA', 0, 12);

--
-- Inserting data into table predmet_tip_nastave
--
INSERT INTO predmet_tip_nastave(predmet_tip_nastave_id, stanje, tip_nastave, version, predmet_id) VALUES
(1, 'NEAKTIVAN', 'VEZBE', 0, 35),
(2, 'OBRISAN', 'PREDAVANJA', 0, 36),
(3, 'NEAKTIVAN', 'FAKULTETSKI_PROJEKAT', 0, 39),
(4, 'AKTIVAN', 'DODATNA_NASTAVA', 0, 20),
(5, 'AKTIVAN', 'PREDAVANJA', 0, 16),
(6, 'AKTIVAN', 'ISTRAZIVACKI_RAD', 0, 18),
(7, 'OBRISAN', 'RADIONICA', 0, 31),
(8, 'AKTIVAN', 'PREDAVANJA', 0, 25),
(9, 'NEAKTIVAN', 'DODATNA_NASTAVA', 0, 17),
(10, 'AKTIVAN', 'RADIONICA', 0, 42),
(11, 'AKTIVAN', 'ISTRAZIVACKI_RAD', 0, 26),
(12, 'AKTIVAN', 'PREDAVANJA', 0, 29),
(13, 'AKTIVAN', 'RADIONICA', 0, 17),
(14, 'AKTIVAN', 'ISTRAZIVACKI_RAD', 0, 29),
(15, 'AKTIVAN', 'PREDAVANJA', 0, 7),
(16, 'OBRISAN', 'PREDAVANJA', 0, 42),
(17, 'AKTIVAN', 'OSTALI_CASOVI', 0, 13),
(18, 'AKTIVAN', 'TIMSKI_PROJEKAT', 0, 36),
(19, 'AKTIVAN', 'PREDAVANJA', 0, 14),
(20, 'AKTIVAN', 'VEZBE', 0, 43),
(21, 'AKTIVAN', 'PREDAVANJA', 0, 44),
(22, 'AKTIVAN', 'TIMSKI_PROJEKAT', 0, 14),
(23, 'AKTIVAN', 'FAKULTETSKI_PROJEKAT', 0, 3),
(24, 'AKTIVAN', 'RADIONICA', 0, 28),
(25, 'AKTIVAN', 'ISTRAZIVACKI_RAD', 0, 2),
(26, 'AKTIVAN', 'VEZBE', 0, 11),
(27, 'AKTIVAN', 'ISTRAZIVACKI_RAD', 0, 37),
(28, 'AKTIVAN', 'VEZBE', 0, 48),
(29, 'AKTIVAN', 'PREDAVANJA', 0, 47),
(30, 'AKTIVAN', 'OSTALI_CASOVI', 0, 49),
(31, 'AKTIVAN', 'RADIONICA', 0, 19),
(32, 'AKTIVAN', 'OSTALI_CASOVI', 0, 14),
(33, 'OBRISAN', 'TIMSKI_PROJEKAT', 0, 50),
(34, 'AKTIVAN', 'VEZBE', 0, 14),
(35, 'AKTIVAN', 'PREDAVANJA', 0, 22),
(36, 'OBRISAN', 'FAKULTETSKI_PROJEKAT', 0, 33),
(37, 'AKTIVAN', 'PREDAVANJA', 0, 7),
(38, 'NEAKTIVAN', 'FAKULTETSKI_PROJEKAT', 0, 18),
(39, 'NEAKTIVAN', 'VEZBE', 0, 3),
(40, 'AKTIVAN', 'FAKULTETSKI_PROJEKAT', 0, 49),
(41, 'AKTIVAN', 'OSTALI_CASOVI', 0, 24),
(42, 'AKTIVAN', 'RADIONICA', 0, 32),
(43, 'AKTIVAN', 'VEZBE', 0, 12),
(44, 'AKTIVAN', 'FAKULTETSKI_PROJEKAT', 0, 12),
(45, 'AKTIVAN', 'OSTALI_CASOVI', 0, 33),
(46, 'AKTIVAN', 'TIMSKI_PROJEKAT', 0, 32),
(47, 'OBRISAN', 'OSTALI_CASOVI', 0, 29),
(48, 'OBRISAN', 'OSTALI_CASOVI', 0, 15),
(49, 'AKTIVAN', 'PREDAVANJA', 0, 40),
(50, 'OBRISAN', 'RADIONICA', 0, 39);

--
-- Inserting data into table predmet_uslovni_predmet
--
INSERT INTO predmet_uslovni_predmet(predmet_uslovni_predmet_id, stanje, version, predmet_predmet_id, uslov_predmet_id) VALUES
(1, 'OBRISAN', 0, 42, 40),
(2, 'AKTIVAN', 0, 46, 15),
(3, 'AKTIVAN', 0, 40, 33),
(4, 'AKTIVAN', 0, 44, 12),
(5, 'AKTIVAN', 0, 11, 23),
(6, 'AKTIVAN', 0, 25, 41),
(7, 'NEAKTIVAN', 0, 27, 26),
(8, 'AKTIVAN', 0, 23, 48),
(9, 'AKTIVAN', 0, 41, 40),
(10, 'AKTIVAN', 0, 31, 6),
(11, 'AKTIVAN', 0, 32, 49),
(12, 'OBRISAN', 0, 11, 16),
(13, 'AKTIVAN', 0, 1, 30),
(14, 'AKTIVAN', 0, 33, 22),
(15, 'AKTIVAN', 0, 14, 1),
(16, 'AKTIVAN', 0, 20, 27),
(17, 'AKTIVAN', 0, 43, 31),
(18, 'NEAKTIVAN', 0, 42, 48),
(19, 'AKTIVAN', 0, 33, 12),
(20, 'AKTIVAN', 0, 6, 41),
(21, 'NEAKTIVAN', 0, 21, 37),
(22, 'NEAKTIVAN', 0, 10, 39),
(23, 'AKTIVAN', 0, 20, 29),
(24, 'AKTIVAN', 0, 50, 15),
(25, 'AKTIVAN', 0, 29, 41),
(26, 'AKTIVAN', 0, 25, 31),
(27, 'AKTIVAN', 0, 30, 19),
(28, 'AKTIVAN', 0, 45, 50),
(29, 'AKTIVAN', 0, 15, 18),
(30, 'AKTIVAN', 0, 50, 31),
(31, 'AKTIVAN', 0, 47, 15),
(32, 'AKTIVAN', 0, 26, 41),
(33, 'AKTIVAN', 0, 46, 25),
(34, 'AKTIVAN', 0, 8, 46),
(35, 'NEAKTIVAN', 0, 19, 17),
(36, 'AKTIVAN', 0, 38, 21),
(37, 'AKTIVAN', 0, 12, 23),
(38, 'AKTIVAN', 0, 2, 29),
(39, 'AKTIVAN', 0, 48, 33),
(40, 'AKTIVAN', 0, 50, 36),
(41, 'AKTIVAN', 0, 10, 25),
(42, 'OBRISAN', 0, 14, 29),
(43, 'AKTIVAN', 0, 33, 22),
(44, 'AKTIVAN', 0, 13, 48),
(45, 'AKTIVAN', 0, 4, 16),
(46, 'AKTIVAN', 0, 24, 48),
(47, 'AKTIVAN', 0, 47, 6),
(48, 'OBRISAN', 0, 32, 9),
(49, 'AKTIVAN', 0, 39, 29),
(50, 'AKTIVAN', 0, 40, 28);

--
-- Inserting data into table registrovani_korisnik_rola
--
INSERT INTO registrovani_korisnik_rola(id, stanje, version, registrovani_korisnik_registrovani_korisnik_id, rola_id) VALUES
(1, 'AKTIVAN', 0, 29, 3),
(2, 'AKTIVAN', 0, 14, 4),
(3, 'AKTIVAN', 0, 11, 5),
(4, 'AKTIVAN', 0, 6, 2),
(5, 'NEAKTIVAN', 0, 3, 4),
(6, 'AKTIVAN', 0, 25, 1),
(7, 'AKTIVAN', 0, 2, 2),
(8, 'AKTIVAN', 0, 29, 1),
(9, 'AKTIVAN', 0, 3, 2),
(10, 'NEAKTIVAN', 0, 41, 2),
(11, 'AKTIVAN', 0, 21, 3),
(12, 'AKTIVAN', 0, 18, 5),
(13, 'AKTIVAN', 0, 12, 2),
(14, 'AKTIVAN', 0, 13, 5),
(15, 'OBRISAN', 0, 20, 1),
(16, 'AKTIVAN', 0, 49, 5),
(17, 'AKTIVAN', 0, 40, 3),
(18, 'AKTIVAN', 0, 24, 2),
(19, 'AKTIVAN', 0, 21, 3),
(20, 'OBRISAN', 0, 16, 4),
(21, 'AKTIVAN', 0, 20, 4),
(22, 'NEAKTIVAN', 0, 1, 4),
(23, 'AKTIVAN', 0, 37, 4),
(24, 'AKTIVAN', 0, 39, 3),
(25, 'AKTIVAN', 0, 39, 4),
(26, 'AKTIVAN', 0, 4, 1),
(27, 'AKTIVAN', 0, 2, 5),
(28, 'NEAKTIVAN', 0, 36, 5),
(29, 'OBRISAN', 0, 30, 5),
(30, 'AKTIVAN', 0, 39, 4),
(31, 'NEAKTIVAN', 0, 38, 4),
(32, 'AKTIVAN', 0, 15, 5),
(33, 'AKTIVAN', 0, 1, 1),
(34, 'AKTIVAN', 0, 3, 5),
(35, 'AKTIVAN', 0, 6, 5),
(36, 'AKTIVAN', 0, 39, 3),
(37, 'AKTIVAN', 0, 31, 3),
(38, 'AKTIVAN', 0, 21, 5),
(39, 'AKTIVAN', 0, 34, 4),
(40, 'AKTIVAN', 0, 31, 5),
(41, 'OBRISAN', 0, 21, 1),
(42, 'AKTIVAN', 0, 18, 3),
(43, 'AKTIVAN', 0, 31, 2),
(44, 'AKTIVAN', 0, 4, 5),
(45, 'OBRISAN', 0, 34, 3),
(46, 'AKTIVAN', 0, 39, 3),
(47, 'NEAKTIVAN', 0, 1, 5),
(48, 'AKTIVAN', 0, 25, 2),
(49, 'NEAKTIVAN', 0, 9, 2),
(50, 'NEAKTIVAN', 0, 50, 4);

--
-- Inserting data into table studentski_sluzbenik
--
INSERT INTO studentski_sluzbenik(studentski_sluzbenik_id, stanje, version, registrovani_korisnik_registrovani_korisnik_id, studentska_sluzba_id) VALUES
(1, 'AKTIVAN', 0, 11, 40),
(2, 'AKTIVAN', 0, 26, 28),
(3, 'AKTIVAN', 0, 32, 32),
(4, 'AKTIVAN', 0, 17, 27),
(5, 'AKTIVAN', 0, 6, 23),
(6, 'AKTIVAN', 0, 12, 16),
(7, 'AKTIVAN', 0, 1, 34),
(8, 'AKTIVAN', 0, 18, 29),
(9, 'AKTIVAN', 0, 13, 36),
(10, 'AKTIVAN', 0, 19, 7),
(11, 'AKTIVAN', 0, 42, 24),
(12, 'AKTIVAN', 0, 7, 36),
(13, 'AKTIVAN', 0, 27, 15),
(14, 'OBRISAN', 0, 48, 36),
(15, 'AKTIVAN', 0, 2, 40),
(16, 'AKTIVAN', 0, 33, 16),
(17, 'AKTIVAN', 0, 8, 7),
(18, 'AKTIVAN', 0, 37, 30),
(19, 'OBRISAN', 0, 3, 43),
(20, 'AKTIVAN', 0, 46, 29),
(21, 'AKTIVAN', 0, 14, 11),
(22, 'NEAKTIVAN', 0, 43, 14),
(23, 'AKTIVAN', 0, 38, 12),
(24, 'AKTIVAN', 0, 20, 14),
(25, 'AKTIVAN', 0, 9, 27),
(26, 'OBRISAN', 0, 49, 3),
(27, 'NEAKTIVAN', 0, 15, 17),
(28, 'AKTIVAN', 0, 4, 36),
(29, 'AKTIVAN', 0, 21, 26),
(30, 'AKTIVAN', 0, 10, 13),
(31, 'AKTIVAN', 0, 47, 36),
(32, 'AKTIVAN', 0, 45, 39),
(33, 'AKTIVAN', 0, 5, 19),
(34, 'AKTIVAN', 0, 28, 30),
(35, 'AKTIVAN', 0, 23, 36),
(36, 'AKTIVAN', 0, 29, 13),
(37, 'AKTIVAN', 0, 50, 40),
(38, 'AKTIVAN', 0, 44, 25),
(39, 'AKTIVAN', 0, 39, 13),
(40, 'AKTIVAN', 0, 34, 47),
(41, 'AKTIVAN', 0, 16, 5),
(42, 'AKTIVAN', 0, 40, 12),
(43, 'OBRISAN', 0, 22, 50),
(44, 'AKTIVAN', 0, 24, 39),
(45, 'AKTIVAN', 0, 35, 22),
(46, 'AKTIVAN', 0, 41, 20),
(47, 'NEAKTIVAN', 0, 36, 25),
(48, 'AKTIVAN', 0, 30, 49),
(49, 'AKTIVAN', 0, 25, 35),
(50, 'AKTIVAN', 0, 31, 24);

--
-- Inserting data into table termin_nastave
--
INSERT INTO termin_nastave(termin_nastave_id, stanje, tip_nastave, trajanje, version, nastavnik_id, prostorija_id, realizacija_predmeta_id, vreme_odrzavanjaunedelji_vreme_odrzavanja_u_nedelji_id) VALUES
(1, 'AKTIVAN', 'ISTRAZIVACKI_RAD', 507, 0, 25, 38, 38, 28),
(2, 'NEAKTIVAN', 'FAKULTETSKI_PROJEKAT', 165, 0, 3, 8, 35, 16),
(3, 'NEAKTIVAN', 'OSTALI_CASOVI', 2, 0, 44, 39, 45, 23),
(4, 'AKTIVAN', 'OSTALI_CASOVI', 549, 0, 49, 42, 25, 50),
(5, 'AKTIVAN', 'OSTALI_CASOVI', 331, 0, 16, 11, 5, 46),
(6, 'AKTIVAN', 'RADIONICA', 43, 0, 46, 27, 45, 29),
(7, 'AKTIVAN', 'PREDAVANJA', 12, 0, 7, 22, 11, 43),
(8, 'AKTIVAN', 'PREDAVANJA', 133, 0, 8, 33, 28, 24),
(9, 'AKTIVAN', 'TIMSKI_PROJEKAT', 471, 0, 13, 22, 21, 22),
(10, 'AKTIVAN', 'PREDAVANJA', 497, 0, 40, 39, 45, 30),
(11, 'AKTIVAN', 'OSTALI_CASOVI', 0, 0, 3, 25, 10, 17),
(12, 'NEAKTIVAN', 'VEZBE', 236, 0, 29, 25, 16, 25),
(13, 'AKTIVAN', 'DODATNA_NASTAVA', 374, 0, 2, 24, 15, 1),
(14, 'AKTIVAN', 'VEZBE', 197, 0, 21, 2, 28, 31),
(15, 'AKTIVAN', 'VEZBE', 530, 0, 46, 42, 9, 26),
(16, 'AKTIVAN', 'VEZBE', 48, 0, 36, 24, 12, 49),
(17, 'NEAKTIVAN', 'ISTRAZIVACKI_RAD', 68, 0, 39, 15, 7, 7),
(18, 'AKTIVAN', 'FAKULTETSKI_PROJEKAT', 261, 0, 32, 38, 42, 47),
(19, 'AKTIVAN', 'ISTRAZIVACKI_RAD', 88, 0, 44, 9, 13, 32),
(20, 'AKTIVAN', 'VEZBE', 282, 0, 11, 30, 24, 12),
(21, 'AKTIVAN', 'TIMSKI_PROJEKAT', 48, 0, 46, 20, 36, 27),
(22, 'NEAKTIVAN', 'PREDAVANJA', 584, 0, 45, 39, 9, 2),
(23, 'AKTIVAN', 'PREDAVANJA', 291, 0, 36, 18, 19, 33),
(24, 'AKTIVAN', 'TIMSKI_PROJEKAT', 339, 0, 21, 22, 31, 8),
(25, 'AKTIVAN', 'VEZBE', 155, 0, 24, 22, 45, 3),
(26, 'AKTIVAN', 'PREDAVANJA', 99, 0, 38, 6, 14, 45),
(27, 'AKTIVAN', 'PREDAVANJA', 187, 0, 19, 14, 17, 38),
(28, 'NEAKTIVAN', 'DODATNA_NASTAVA', 343, 0, 10, 9, 31, 44),
(29, 'AKTIVAN', 'DODATNA_NASTAVA', 292, 0, 45, 18, 37, 18),
(30, 'AKTIVAN', 'OSTALI_CASOVI', 379, 0, 38, 33, 11, 48),
(31, 'AKTIVAN', 'PREDAVANJA', 94, 0, 49, 39, 27, 9),
(32, 'AKTIVAN', 'FAKULTETSKI_PROJEKAT', 330, 0, 20, 32, 12, 39),
(33, 'OBRISAN', 'PREDAVANJA', 341, 0, 34, 29, 4, 13),
(34, 'AKTIVAN', 'OSTALI_CASOVI', 450, 0, 44, 41, 36, 4),
(35, 'AKTIVAN', 'PREDAVANJA', 414, 0, 12, 36, 39, 19),
(36, 'AKTIVAN', 'OSTALI_CASOVI', 386, 0, 11, 42, 23, 14),
(37, 'AKTIVAN', 'TIMSKI_PROJEKAT', 22, 0, 31, 38, 46, 10),
(38, 'AKTIVAN', 'DODATNA_NASTAVA', 376, 0, 18, 34, 17, 34),
(39, 'OBRISAN', 'FAKULTETSKI_PROJEKAT', 9, 0, 19, 38, 5, 20),
(40, 'AKTIVAN', 'RADIONICA', 497, 0, 35, 13, 4, 40),
(41, 'AKTIVAN', 'ISTRAZIVACKI_RAD', 36, 0, 40, 31, 12, 35),
(42, 'AKTIVAN', 'FAKULTETSKI_PROJEKAT', 441, 0, 27, 46, 44, 5),
(43, 'AKTIVAN', 'PREDAVANJA', 261, 0, 44, 37, 40, 15),
(44, 'AKTIVAN', 'FAKULTETSKI_PROJEKAT', 415, 0, 41, 20, 23, 41),
(45, 'AKTIVAN', 'TIMSKI_PROJEKAT', 72, 0, 37, 26, 46, 36),
(46, 'NEAKTIVAN', 'RADIONICA', 309, 0, 15, 27, 13, 21),
(47, 'AKTIVAN', 'ISTRAZIVACKI_RAD', 282, 0, 11, 9, 7, 11),
(48, 'AKTIVAN', 'VEZBE', 264, 0, 39, 17, 6, 6),
(49, 'AKTIVAN', 'FAKULTETSKI_PROJEKAT', 597, 0, 12, 49, 1, 42),
(50, 'NEAKTIVAN', 'OSTALI_CASOVI', 131, 0, 36, 42, 40, 37);

--
-- Inserting data into table titula
--
INSERT INTO titula(titula_id, datum_izbora, datum_prestanka, stanje, tip, version, nastavnik_id, naucna_oblast_id) VALUES
(1, '2010-01-01 00:00:02', '2010-01-06 20:04:43.176215', 'AKTIVAN', 'DIPLOMIRANI', 0, 1, 35),
(2, '2011-01-20 05:06:12', '2012-07-15 20:48:59.189799', 'OBRISAN', 'MASTER', 0, 48, 4),
(3, '2015-05-29 12:50:39', '2016-02-12 21:56:26.423657', 'AKTIVAN', 'DIPLOMIRANI', 0, 50, 40),
(4, '2010-01-01 01:40:13', '2010-05-28 04:13:01.79754', 'AKTIVAN', 'MASTER', 0, 44, 47),
(5, '2010-01-01 00:00:04', '2010-06-10 13:41:30.490822', 'NEAKTIVAN', 'DIPLOMIRANI', 0, 47, 14),
(6, '2010-06-08 17:17:54', '2010-09-08 22:07:00.902086', 'AKTIVAN', 'DIPLOMIRANI', 0, 21, 27),
(7, '2015-08-11 13:07:17', '2016-02-08 03:04:05.383006', 'AKTIVAN', 'MASTER', 0, 6, 4),
(8, '2016-12-05 13:50:54', '2017-10-07 17:53:09.473346', 'AKTIVAN', 'MASTER', 0, 11, 47),
(9, '2013-04-02 10:07:29', '2013-10-29 07:30:52.498297', 'AKTIVAN', 'DIPLOMIRANI', 0, 2, 39),
(10, '2013-08-28 04:01:44', '2014-10-17 09:49:49.432374', 'AKTIVAN', 'DIPLOMIRANI', 0, 41, 20),
(11, '2010-01-01 00:09:49', '2010-09-26 05:31:25.035219', 'AKTIVAN', 'DIPLOMIRANI', 0, 19, 21),
(12, '2012-12-10 15:23:57', '2014-05-23 20:47:57.274627', 'OBRISAN', 'MASTER', 0, 17, 50),
(13, '2010-01-01 00:00:58', '2010-05-01 07:41:05.409644', 'AKTIVAN', 'MASTER', 0, 34, 1),
(14, '2015-07-08 13:27:30', '2015-12-24 06:47:48.54213', 'AKTIVAN', 'DOKTOR_NAUKA', 0, 20, 43),
(15, '2012-05-31 01:59:29', '2012-11-29 18:25:25.147511', 'OBRISAN', 'DIPLOMIRANI', 0, 13, 20),
(16, '2010-01-01 00:13:13', '2010-10-11 05:27:39.645174', 'AKTIVAN', 'DIPLOMIRANI', 0, 40, 32),
(17, '2010-01-01 02:23:33', '2010-09-01 15:44:24.912278', 'AKTIVAN', 'DIPLOMIRANI', 0, 28, 22),
(18, '2012-08-01 16:22:39', '2014-02-10 21:23:43.355154', 'AKTIVAN', 'MASTER', 0, 32, 46),
(19, '2018-12-30 05:27:25', '2019-06-19 15:21:29.056491', 'AKTIVAN', 'DOKTOR_NAUKA', 0, 44, 22),
(20, '2016-04-05 05:30:33', '2016-06-26 07:06:43.632119', 'AKTIVAN', 'MASTER', 0, 7, 18),
(21, '2010-01-01 00:16:33', '2010-12-11 10:03:12.584247', 'AKTIVAN', 'DIPLOMIRANI', 0, 10, 20),
(22, '2010-01-01 02:07:36', '2011-03-29 19:11:37.693009', 'AKTIVAN', 'MASTER', 0, 33, 37),
(23, '2015-03-20 09:48:00', '2015-10-23 18:46:02.491368', 'OBRISAN', 'MASTER', 0, 15, 24),
(24, '2010-01-01 00:00:08', '2010-07-13 15:22:29.333722', 'AKTIVAN', 'MASTER', 0, 16, 47),
(25, '2011-12-28 13:08:46', '2013-07-07 05:42:28.380072', 'AKTIVAN', 'MASTER', 0, 49, 22),
(26, '2019-12-29 10:45:11', '2021-03-12 09:10:40.39365', 'AKTIVAN', 'DOKTOR_NAUKA', 0, 1, 21),
(27, '2018-06-22 05:44:05', '2019-04-29 03:44:57.89713', 'AKTIVAN', 'DOKTOR_NAUKA', 0, 44, 37),
(28, '2019-03-12 07:35:59', '2019-04-22 07:15:58.504318', 'AKTIVAN', 'DIPLOMIRANI', 0, 30, 5),
(29, '2012-04-15 03:40:29', '2013-01-31 18:47:49.595622', 'AKTIVAN', 'DIPLOMIRANI', 0, 14, 35),
(30, '2018-06-02 20:53:10', '2019-09-19 21:48:26.816347', 'NEAKTIVAN', 'DIPLOMIRANI', 0, 36, 48),
(31, '2010-01-01 00:00:01', '2010-10-03 18:18:50.962156', 'AKTIVAN', 'DIPLOMIRANI', 0, 17, 43),
(32, '2010-01-01 00:01:40', '2010-04-06 15:24:36.736585', 'AKTIVAN', 'MASTER', 0, 42, 24),
(33, '2019-03-02 21:14:12', '2020-07-29 15:56:53.51806', 'AKTIVAN', 'DIPLOMIRANI', 0, 31, 38),
(34, '2010-01-01 00:00:40', '2010-07-13 18:24:33.535619', 'AKTIVAN', 'DIPLOMIRANI', 0, 16, 29),
(35, '2011-02-17 23:44:42', '2012-09-29 05:41:32.276528', 'AKTIVAN', 'DIPLOMIRANI', 0, 13, 14),
(36, '2010-01-01 00:06:37', '2011-01-29 00:01:39.223186', 'AKTIVAN', 'DIPLOMIRANI', 0, 43, 16),
(37, '2013-06-06 22:00:05', '2015-01-21 10:32:24.345939', 'AKTIVAN', 'DIPLOMIRANI', 0, 17, 22),
(38, '2018-08-13 05:59:02', '2018-12-29 23:32:47.990943', 'OBRISAN', 'MASTER', 0, 13, 47),
(39, '2017-02-03 00:47:25', '2017-06-03 10:48:49.223008', 'AKTIVAN', 'DIPLOMIRANI', 0, 10, 48),
(40, '2010-01-01 00:00:10', '2010-12-30 15:44:39.101066', 'NEAKTIVAN', 'DIPLOMIRANI', 0, 40, 39),
(41, '2011-06-09 03:20:08', '2012-06-03 13:54:23.747325', 'AKTIVAN', 'DIPLOMIRANI', 0, 28, 15),
(42, '2015-09-25 00:11:55', '2016-03-29 17:14:57.008974', 'NEAKTIVAN', 'MASTER', 0, 27, 32),
(43, '2018-05-01 12:06:26', '2018-10-20 23:04:17.287048', 'AKTIVAN', 'DOKTOR_NAUKA', 0, 40, 29),
(44, '2010-01-01 00:01:21', '2011-03-06 08:56:36.055667', 'OBRISAN', 'DIPLOMIRANI', 0, 37, 34),
(45, '2013-04-27 02:28:17', '2014-01-21 23:30:41.175818', 'AKTIVAN', 'DIPLOMIRANI', 0, 31, 5),
(46, '2010-01-01 00:01:44', '2010-06-20 15:47:42.06711', 'AKTIVAN', 'DIPLOMIRANI', 0, 21, 33),
(47, '2010-01-01 00:05:01', '2010-02-07 03:10:04.509199', 'AKTIVAN', 'DOKTOR_NAUKA', 0, 16, 14),
(48, '2010-01-01 00:00:07', '2011-07-16 06:41:37.116707', 'AKTIVAN', 'DIPLOMIRANI', 0, 21, 21),
(49, '2012-08-01 05:20:17', '2012-09-23 13:00:20.653604', 'NEAKTIVAN', 'DIPLOMIRANI', 0, 42, 10),
(50, '2016-04-25 20:08:33', '2017-05-30 19:08:02.019301', 'AKTIVAN', 'DIPLOMIRANI', 0, 13, 47);